#
# A fatal error has been detected by the Java Runtime Environment:
#
#  SIGSEGV (0xb) at pc=0x0000000142fe2954, pid=74086, tid=119499
#
# JRE version: Java(TM) SE Runtime Environment (16.0.1+9) (build 16.0.1+9-24)
# Java VM: Java HotSpot(TM) 64-Bit Server VM (16.0.1+9-24, mixed mode, sharing, tiered, compressed oops, compressed class ptrs, g1 gc, bsd-amd64)
# Problematic frame:
# C  [AppleMetalOpenGLRenderer+0x16954]  GLRResourceList::addResource(GLRResource*)+0x2a
#
# No core dump will be written. Core dumps have been disabled. To enable core dumping, try "ulimit -c unlimited" before starting Java again
#
# If you would like to submit a bug report, please visit:
#   https://bugreport.java.com/bugreport/crash.jsp
# The crash happened outside the Java Virtual Machine in native code.
# See problematic frame for where to report the bug.
#

---------------  S U M M A R Y ------------

Command Line: --add-exports=java.desktop/com.apple.eawt=ALL-UNNAMED -Djagex.launcher=true -Djagexlauncher.session=5SoyGkqzJ9xMeKYlepTn9H -Djagexlauncher.characterid=282246140 -Djagexlauncher.displayname=Matheus-Gois /Users/matheussilva/repos/MicrobotWorkspace/Microbot/runelite-client/build/libs/microbot-2.1.34.jar

Host: MacBookPro18,3 x86_64 2400 MHz, 8 cores, 16G, Darwin 25.4.0, macOS 26.4 (25E5218f)
Time: Fri Apr  3 16:20:31 2026 -03 elapsed time: 72866.404023 seconds (0d 20h 14m 26s)

---------------  T H R E A D  ---------------

Current thread (0x00007fc71c91e600):  JavaThread "Client" daemon [_thread_in_native, id=119499, stack(0x000000030844e000,0x000000030854e000)]

Stack: [0x000000030844e000,0x000000030854e000],  sp=0x000000030854d0a0,  free space=1020k
Native frames: (J=compiled Java code, A=aot compiled Java code, j=interpreted, Vv=VM code, C=native code)
C  [AppleMetalOpenGLRenderer+0x16954]  GLRResourceList::addResource(GLRResource*)+0x2a
C  [AppleMetalOpenGLRenderer+0x5022c]  GLDContextRec::prepareResourceForGPUAccess(GLRResource*, unsigned int, PipelineType)+0xa8
C  [AppleMetalOpenGLRenderer+0x3e657]  gldRenderVertexArray(GLDContextRec*, unsigned int, unsigned int, int, int, unsigned int, void const*, int, void const*)+0x28c
C  [GLEngine+0xae9f9]  glDrawArraysIndirect_ACC_GL3Exec+0x194
J 17571  org.lwjgl.opengl.GL40C.nglDrawArraysIndirect(IJ)V (0 bytes) @ 0x00000001206d8986 [0x00000001206d88c0+0x00000000000000c6]
J 17927 c2 rs117.hd.utils.CommandBuffer.execute()V (814 bytes) @ 0x0000000120798474 [0x00000001207973e0+0x0000000000001094]
J 34766 c2 rs117.hd.renderer.zone.ZoneRenderer.directionalShadowPass()V (231 bytes) @ 0x0000000121e82f2c [0x0000000121e82280+0x0000000000000cac]
J 35345 c2 rs117.hd.renderer.zone.ZoneRenderer.postSceneDraw(Lnet/runelite/api/Scene;)V (21 bytes) @ 0x0000000121a71280 [0x0000000121a70de0+0x00000000000004a0]
J 25693 c2 ep.dk(IIIIIIIIZ)V (815 bytes) @ 0x0000000121288010 [0x0000000121287460+0x0000000000000bb0]
J 36243 c2 cz.aq(IIIII)V (4685 bytes) @ 0x0000000122290c74 [0x000000012228f2a0+0x00000000000019d4]
J 44758 c2 fk.ae([Lkx;IIIIIIIIIILuu;II)V (7408 bytes) @ 0x0000000122de2f94 [0x0000000122de18e0+0x00000000000016b4]
J 44758 c2 fk.ae([Lkx;IIIIIIIIIILuu;II)V (7408 bytes) @ 0x0000000122de2058 [0x0000000122de18e0+0x0000000000000778]
J 43816 c2 client.ic(I)V (746 bytes) @ 0x0000000122c12334 [0x0000000122c120c0+0x0000000000000274]
J 37462 c2 client.ib(ZI)V (988 bytes) @ 0x00000001224306e4 [0x000000012242ff00+0x00000000000007e4]
J 22010 c2 sw.agw(I)V (427 bytes) @ 0x0000000120d288ec [0x0000000120d28580+0x000000000000036c]
J 45103% c2 sw.run()V (173 bytes) @ 0x0000000122e9ab24 [0x0000000122e9a760+0x00000000000003c4]
j  java.lang.Thread.run()V+11 java.base@16.0.1
v  ~StubRoutines::call_stub
V  [libjvm.dylib+0x508442]  JavaCalls::call_helper(JavaValue*, methodHandle const&, JavaCallArguments*, Thread*)+0x2d2
V  [libjvm.dylib+0x507487]  JavaCalls::call_virtual(JavaValue*, Klass*, Symbol*, Symbol*, JavaCallArguments*, Thread*)+0x147
V  [libjvm.dylib+0x507553]  JavaCalls::call_virtual(JavaValue*, Handle, Klass*, Symbol*, Symbol*, Thread*)+0x63
V  [libjvm.dylib+0x5b5524]  thread_entry(JavaThread*, Thread*)+0xb4
V  [libjvm.dylib+0xa0441d]  JavaThread::thread_main_inner()+0xcd
V  [libjvm.dylib+0xa01d61]  Thread::call_run()+0x71
V  [libjvm.dylib+0x8909f7]  thread_native_entry(Thread*)+0x157
C  [libsystem_pthread.dylib+0x5d49]  _pthread_start+0x73
C  [libsystem_pthread.dylib+0x182f]  thread_start+0xf

Java frames: (J=compiled Java code, j=interpreted, Vv=VM code)
J 17571  org.lwjgl.opengl.GL40C.nglDrawArraysIndirect(IJ)V (0 bytes) @ 0x00000001206d8914 [0x00000001206d88c0+0x0000000000000054]
J 17927 c2 rs117.hd.utils.CommandBuffer.execute()V (814 bytes) @ 0x0000000120798474 [0x00000001207973e0+0x0000000000001094]
J 34766 c2 rs117.hd.renderer.zone.ZoneRenderer.directionalShadowPass()V (231 bytes) @ 0x0000000121e82f2c [0x0000000121e82280+0x0000000000000cac]
J 35345 c2 rs117.hd.renderer.zone.ZoneRenderer.postSceneDraw(Lnet/runelite/api/Scene;)V (21 bytes) @ 0x0000000121a71280 [0x0000000121a70de0+0x00000000000004a0]
J 25693 c2 ep.dk(IIIIIIIIZ)V (815 bytes) @ 0x0000000121288010 [0x0000000121287460+0x0000000000000bb0]
J 36243 c2 cz.aq(IIIII)V (4685 bytes) @ 0x0000000122290c74 [0x000000012228f2a0+0x00000000000019d4]
J 44758 c2 fk.ae([Lkx;IIIIIIIIIILuu;II)V (7408 bytes) @ 0x0000000122de2f94 [0x0000000122de18e0+0x00000000000016b4]
J 44758 c2 fk.ae([Lkx;IIIIIIIIIILuu;II)V (7408 bytes) @ 0x0000000122de2058 [0x0000000122de18e0+0x0000000000000778]
J 43816 c2 client.ic(I)V (746 bytes) @ 0x0000000122c12334 [0x0000000122c120c0+0x0000000000000274]
J 37462 c2 client.ib(ZI)V (988 bytes) @ 0x00000001224306e4 [0x000000012242ff00+0x00000000000007e4]
J 22010 c2 sw.agw(I)V (427 bytes) @ 0x0000000120d288ec [0x0000000120d28580+0x000000000000036c]
J 45103% c2 sw.run()V (173 bytes) @ 0x0000000122e9ab24 [0x0000000122e9a760+0x00000000000003c4]
j  java.lang.Thread.run()V+11 java.base@16.0.1
v  ~StubRoutines::call_stub

siginfo: si_signo: 11 (SIGSEGV), si_code: 1 (SEGV_MAPERR), si_addr: 0x0000000000000000

Register to memory mapping:

RAX=0x00007fc6daf81220 points into unknown readable memory: 0x00007fc6daff2330 | 30 23 ff da c6 7f 00 00
RBX=0x00007fc6d84e5dc0 points into unknown readable memory: 0x0000000143035b70 | 70 5b 03 43 01 00 00 00
RCX=0x00007fc6cf9e2000 points into unknown readable memory: 0x0000000000000000 | 00 00 00 00 00 00 00 00
RDX=0x0000000000000f01 is an unknown value
RSP=0x000000030854d0a0 is pointing into the stack for thread: 0x00007fc71c91e600
RBP=0x000000030854d0c0 is pointing into the stack for thread: 0x00007fc71c91e600
RSI=0x0 is NULL
RDI=0x00007fc6daf81220 points into unknown readable memory: 0x00007fc6daff2330 | 30 23 ff da c6 7f 00 00
R8 =0x00000000000007d1 is an unknown value
R9 =0x00000000f7ffffff is an unknown value
R10=0x00000000000007d0 is an unknown value
R11=0x00000000555aaaaa is an unknown value
R12=0x0000000000000060 is an unknown value
R13=0x0 is NULL
R14=0x0 is NULL
R15=0x00007fc6f01b0000 points into unknown readable memory: 0x00000001430377e0 | e0 77 03 43 01 00 00 00


Registers:
RAX=0x00007fc6daf81220, RBX=0x00007fc6d84e5dc0, RCX=0x00007fc6cf9e2000, RDX=0x0000000000000f01
RSP=0x000000030854d0a0, RBP=0x000000030854d0c0, RSI=0x0000000000000000, RDI=0x00007fc6daf81220
R8 =0x00000000000007d1, R9 =0x00000000f7ffffff, R10=0x00000000000007d0, R11=0x00000000555aaaaa
R12=0x0000000000000060, R13=0x0000000000000000, R14=0x0000000000000000, R15=0x00007fc6f01b0000
RIP=0x0000000142fe2954, EFLAGS=0x0000000000000202, ERR=0x0000000000000004
  TRAPNO=0x000000000000000e

Top of Stack: (sp=0x000000030854d0a0)
0x000000030854d0a0:   0000000000008000 0000000000000000
0x000000030854d0b0:   0000000000000000 0000000000000001
0x000000030854d0c0:   000000030854d0f0 000000014301c22c
0x000000030854d0d0:   00007fc6f01b0000 0000000000000000
0x000000030854d0e0:   0000000000008000 0000000000008000
0x000000030854d0f0:   000000030854d4d0 000000014300a657
0x000000030854d100:   0000000000000001 000000019249e000
0x000000030854d110:   000000019249e000 0000000000004000
0x000000030854d120:   0000000000000000 0000000000000000
0x000000030854d130:   000000030854d160 0000000108dcdc00
0x000000030854d140:   0000000000000005 0000000000000000
0x000000030854d150:   000000030854d1c0 00007ff80e7e9485
0x000000030854d160:   00000000a7baadb1 0000000000000000
0x000000030854d170:   00007ff82e299a5c 00007ff82e28b24f
0x000000030854d180:   00007ff82e28be14 00007ff82e296e7a
0x000000030854d190:   000000030854d1f0 00007fc6daff3790
0x000000030854d1a0:   000000030854d2f0 0b00700700000000
0x000000030854d1b0:   00007fc6dc0319d0 00007fc6daf1abb0
0x000000030854d1c0:   000000030854d1e0 00007ff80e1b5b10
0x000000030854d1d0:   00007ff83026cb00 00007fc6f01bb490
0x000000030854d1e0:   00007ff82e28b6c3 00007fc6f01b0000
0x000000030854d1f0:   0000000000000080 0000000000000000
0x000000030854d200:   0000000000000000 0000000000000000
0x000000030854d210:   000000030854d3a0 0000000142ff693c
0x000000030854d220:   0000000000000001 0000000000008000
0x000000030854d230:   00007fc6f01ac920 0000000000000001
0x000000030854d240:   0000000100000000 00007fc600000000
0x000000030854d250:   00000000004807a0 0000000000000000
0x000000030854d260:   0000000000000000 0000000200000000
0x000000030854d270:   0000000000000000 0000000000000000
0x000000030854d280:   0000000000000000 0000000000000000
0x000000030854d290:   000000030854d2c0 000000014301a895 

Instructions: (pc=0x0000000142fe2954)
0x0000000142fe2854:   08 c6 49 8b 07 4c 89 ff ff 50 18 4d 8b 24 24 eb
0x0000000142fe2864:   dc 48 8d 7b 20 e8 5e e1 fe ff 44 8b 7b 50 4d 85
0x0000000142fe2874:   ff 74 29 45 31 e4 48 8b 43 48 4a 8b 3c e0 e8 ff
0x0000000142fe2884:   ef ff ff 41 08 c6 48 8b 43 48 4a 8b 3c e0 48 8b
0x0000000142fe2894:   07 ff 50 18 49 ff c4 4d 39 e7 75 da c7 43 50 00
0x0000000142fe28a4:   00 00 00 48 c7 43 10 00 00 00 00 41 80 e6 01 44
0x0000000142fe28b4:   89 f0 5b 41 5c 41 5e 41 5f 5d c3 90 55 48 89 e5
0x0000000142fe28c4:   41 56 53 48 89 f3 49 89 fe 8b 77 50 3b 77 54 75
0x0000000142fe28d4:   27 01 f6 41 89 76 54 49 8b 7e 48 48 c1 e6 03 48
0x0000000142fe28e4:   ba 09 7f 83 93 40 00 02 00 e8 e4 17 04 00 49 89
0x0000000142fe28f4:   46 48 41 8b 76 50 eb 04 49 8b 46 48 8d 4e 01 41
0x0000000142fe2904:   89 4e 50 89 f1 48 89 1c c8 48 8b 03 48 89 df ff
0x0000000142fe2914:   50 10 31 c0 41 83 7e 18 01 0f 95 c0 f0 ff 44 83
0x0000000142fe2924:   0c 5b 41 5e 5d c3 55 48 89 e5 41 56 53 48 83 ec
0x0000000142fe2934:   10 48 89 fb 48 8d 55 e8 48 89 32 48 83 c7 20 48
0x0000000142fe2944:   89 d6 e8 6f 03 00 00 f6 c2 01 74 28 4c 8b 75 e8
0x0000000142fe2954:   49 8b 06 4c 89 f7 ff 50 10 31 c0 83 7b 18 01 0f
0x0000000142fe2964:   95 c0 f0 41 ff 44 86 0c 48 8b 45 e8 48 8b 40 18
0x0000000142fe2974:   48 01 43 10 48 83 c4 10 5b 41 5e 5d c3 90 55 48
0x0000000142fe2984:   89 e5 41 57 41 56 53 50 48 89 fb 41 be 02 00 00
0x0000000142fe2994:   00 48 83 fe 01 74 19 48 8d 46 ff 48 85 c6 74 0d
0x0000000142fe29a4:   48 89 f7 e8 f2 15 04 00 49 89 c6 eb 03 49 89 f6
0x0000000142fe29b4:   4c 8b 7b 08 4d 39 fe 76 15 48 89 df 4c 89 f6 48
0x0000000142fe29c4:   83 c4 08 5b 41 5e 41 5f 5d e9 88 9b ff ff 0f 83
0x0000000142fe29d4:   97 00 00 00 48 8b 43 18 48 85 c0 78 07 f3 48 0f
0x0000000142fe29e4:   2a c0 eb 15 48 89 c1 48 d1 e9 83 e0 01 48 09 c8
0x0000000142fe29f4:   f3 48 0f 2a c0 f3 0f 58 c0 f3 0f 5e 43 20 66 0f
0x0000000142fe2a04:   3a 0a c0 0a f3 48 0f 2c c8 48 89 ca f3 0f 5c 05
0x0000000142fe2a14:   10 53 04 00 f3 48 0f 2c c0 48 c1 fa 3f 48 21 d0
0x0000000142fe2a24:   48 09 c8 49 83 ff 03 72 2a 49 8d 4f ff 4c 21 f9
0x0000000142fe2a34:   75 21 48 83 f8 02 72 23 48 ff c8 b9 7f 00 00 00
0x0000000142fe2a44:   48 0f bd c8 83 f1 3f f6 d9 b8 01 00 00 00 48 d3 


Stack slot to memory mapping:
stack at sp + 0 slots: 0x0000000000008000 is an unknown value
stack at sp + 1 slots: 0x0 is NULL
stack at sp + 2 slots: 0x0 is NULL
stack at sp + 3 slots: 0x0000000000000001 is an unknown value
stack at sp + 4 slots: 0x000000030854d0f0 is pointing into the stack for thread: 0x00007fc71c91e600
stack at sp + 5 slots: 0x000000014301c22c: _ZN13GLDContextRec27prepareResourceForGPUAccessEP11GLRResourcej12PipelineType+0xa8 in /System/Library/Extensions/AppleMetalOpenGLRenderer.bundle/Contents/MacOS/AppleMetalOpenGLRenderer at 0x0000000142fcc000
stack at sp + 6 slots: 0x00007fc6f01b0000 points into unknown readable memory: 0x00000001430377e0 | e0 77 03 43 01 00 00 00
stack at sp + 7 slots: 0x0 is NULL


---------------  P R O C E S S  ---------------

Threads class SMR info:
_java_thread_list=0x00007fc6dafc5820, length=999, elements={
0x00007fc71d0f1800, 0x00007fc71d0f4000, 0x00007fc71b00ea00, 0x00007fc71d0f1e00,
0x00007fc71d0f4600, 0x00007fc71d0f2400, 0x00007fc71d0f2a00, 0x00007fc71d0f3000,
0x00007fc6fb018600, 0x00007fc71d810a00, 0x00007fc71b165a00, 0x00007fc71b0cf000,
0x00007fc71ca39000, 0x00007fc71b218400, 0x00007fc71b1b5800, 0x00007fc6fb0ae400,
0x00007fc6fb13c000, 0x00007fc71b7ff400, 0x00007fc71b69c800, 0x00007fc71c91e000,
0x00007fc71c91e600, 0x00007fc71c91ec00, 0x00007fc71cb28200, 0x00007fc71b453c00,
0x00007fc71cb32200, 0x00007fc71ca87a00, 0x00007fc6fb2e8a00, 0x00007fc71d288600,
0x00007fc71b510600, 0x00007fc6de8d0000, 0x00007fc71d302000, 0x00007fc71daec200,
0x00007fc71daeba00, 0x00007fc71db0a000, 0x00007fc6cc074600, 0x00007fc71c80e200,
0x00007fc6defe9c00, 0x00007fc71b1de800, 0x00007fc71b7ccc00, 0x00007fc6fb74c000,
0x00007fc71c071600, 0x00007fc71ccd9a00, 0x00007fc71b59dc00, 0x00007fc71ccd7200,
0x00007fc71d1aec00, 0x00007fc6cc0e1e00, 0x00007fc71d4a6c00, 0x00007fc71ccdc600,
0x00007fc71b56be00, 0x00007fc71d4a7200, 0x00007fc71b4f5400, 0x00007fc71b61ee00,
0x00007fc71d37e400, 0x00007fc71ccd8e00, 0x00007fc71d37ea00, 0x00007fc71cd7cc00,
0x00007fc71b61f400, 0x00007fc71ccd6a00, 0x00007fc71b61fa00, 0x00007fc71cce3c00,
0x00007fc71b620000, 0x00007fc71cce4200, 0x00007fc71d37f000, 0x00007fc71b620600,
0x00007fc71d37f600, 0x00007fc6fb7bfe00, 0x00007fc71cce4800, 0x00007fc6dd011800,
0x00007fc6dd011e00, 0x00007fc71b623000, 0x00007fc71c809200, 0x00007fc71c008800,
0x00007fc71d1c9400, 0x00007fc6cc245200, 0x00007fc71b6eda00, 0x00007fc6defa4600,
0x00007fc71cadca00, 0x00007fc71d3c8a00, 0x00007fc71d231e00, 0x00007fc71d816800,
0x00007fc71d250600, 0x00007fc71d263400, 0x00007fc71d259800, 0x00007fc71d1c2800,
0x00007fc71b44e000, 0x00007fc71b7e1800, 0x00007fc71b6e2c00, 0x00007fc71ca43000,
0x00007fc6fb2c8400, 0x00007fc71d27d400, 0x00007fc71cce1600, 0x00007fc71d27a800,
0x00007fc6cc23d600, 0x00007fc71c01c400, 0x00007fc6fb4a4e00, 0x00007fc6defaa600,
0x00007fc71d1f2800, 0x00007fc71b1ee200, 0x00007fc6fb2c7800, 0x00007fc71b6f8400,
0x00007fc6defb7c00, 0x00007fc71d3d3a00, 0x00007fc6dee4f400, 0x00007fc71b6eca00,
0x00007fc71d1ad600, 0x00007fc6defea200, 0x00007fc6cc0b0600, 0x00007fc71ce16e00,
0x00007fc71cded800, 0x00007fc71d301a00, 0x00007fc71cd8c400, 0x00007fc71d302600,
0x00007fc6de20da00, 0x00007fc71c1e9400, 0x00007fc71cdd9400, 0x00007fc6dc80a200,
0x00007fc71b571000, 0x00007fc71b1c2e00, 0x00007fc6de11aa00, 0x00007fc6fb2ea600,
0x00007fc6fb150800, 0x00007fc71b179000, 0x00007fc6cbcef400, 0x00007fc71b78bc00,
0x00007fc71b4b3e00, 0x00007fc71b4bc400, 0x00007fc6cbcf7000, 0x00007fc6cbcff200,
0x00007fc6cbcd3c00, 0x00007fc71cd24c00, 0x00007fc71d3e5a00, 0x00007fc6cc258400,
0x00007fc6cbc9c800, 0x00007fc6cd008200, 0x00007fc71b515000, 0x00007fc71d1ae200,
0x00007fc6cbcbae00, 0x00007fc71b17cc00, 0x00007fc71cfdc200, 0x00007fc6cb873e00,
0x00007fc6cc257e00, 0x00007fc6cc259c00, 0x00007fc71cfe9000, 0x00007fc71cfdc800,
0x00007fc71cb86c00, 0x00007fc71d3cae00, 0x00007fc71d3b2000, 0x00007fc71b78d000,
0x00007fc6de299400, 0x00007fc6cb89a200, 0x00007fc71d33b200, 0x00007fc71d33ac00,
0x00007fc6cd008800, 0x00007fc71b715800, 0x00007fc71cd18000, 0x00007fc71d4cd200,
0x00007fc71ccfe600, 0x00007fc71ccfd200, 0x00007fc71ccfec00, 0x00007fc71b78b000,
0x00007fc71cb96600, 0x00007fc6cbced000, 0x00007fc71d579a00, 0x00007fc6de297200,
0x00007fc6cc25aa00, 0x00007fc71b78b600, 0x00007fc6cb858200, 0x00007fc6de297800,
0x00007fc71d5e2800, 0x00007fc6de297e00, 0x00007fc6cc25a200, 0x00007fc6cb858800,
0x00007fc71d57a000, 0x00007fc6cc0a5800, 0x00007fc6dc80be00, 0x00007fc71b011c00,
0x00007fc71b572800, 0x00007fc71ccf4000, 0x00007fc71dc43400, 0x00007fc6de55ec00,
0x00007fc6cd1e3600, 0x00007fc6cd026400, 0x00007fc6cc2ff800, 0x00007fc6cefffa00,
0x00007fc6cf378e00, 0x00007fc6fb380600, 0x00007fc6cbce4e00, 0x00007fc6cf00d400,
0x00007fc6ced1ae00, 0x00007fc6cef92a00, 0x00007fc6cf86ec00, 0x00007fc6fb359a00,
0x00007fc6defe4600, 0x00007fc6cf6e8c00, 0x00007fc6ced35800, 0x00007fc6fb4b1c00,
0x00007fc6def9c600, 0x00007fc71d1c2200, 0x00007fc71d221c00, 0x00007fc6cf7d9e00,
0x00007fc71c04d200, 0x00007fc6cece5a00, 0x00007fc6de039c00, 0x00007fc6ce4df200,
0x00007fc71b779800, 0x00007fc71b081200, 0x00007fc71b0efc00, 0x00007fc71b6eae00,
0x00007fc71b012200, 0x00007fc71d493c00, 0x00007fc71c7f8600, 0x00007fc71d77de00,
0x00007fc71d1cba00, 0x00007fc6cff72e00, 0x00007fc6cff73400, 0x00007fc71c3cee00,
0x00007fc71c822200, 0x00007fc71c439000, 0x00007fc71d8bba00, 0x00007fc71d8bc000,
0x00007fc71caa4200, 0x00007fc71d8bc600, 0x00007fc71cdede00, 0x00007fc6cf7dae00,
0x00007fc6cf652000, 0x00007fc71dec8a00, 0x00007fc71d3cba00, 0x00007fc71c465400,
0x00007fc71c2ac800, 0x00007fc71d3cc000, 0x00007fc71d86ee00, 0x00007fc71c887a00,
0x00007fc6cf008200, 0x00007fc6cc4d3000, 0x00007fc6cf008800, 0x00007fc71d86f400,
0x00007fc71d86fa00, 0x00007fc6cffb4400, 0x00007fc71c36d600, 0x00007fc6cf3b2800,
0x00007fc71c28b200, 0x00007fc6cfa26a00, 0x00007fc6cf87e400, 0x00007fc6cbeda400,
0x00007fc71cd19200, 0x00007fc71dec8200, 0x00007fc6cfa25e00, 0x00007fc6cf008e00,
0x00007fc6cf009400, 0x00007fc6cf47fc00, 0x00007fc6fb53fa00, 0x00007fc71dcb7600,
0x00007fc71c53bc00, 0x00007fc6cf480200, 0x00007fc6cf628000, 0x00007fc71c53b000,
0x00007fc71cf43000, 0x00007fc6cc4b0600, 0x00007fc71c53b600, 0x00007fc71c584a00,
0x00007fc71ccfba00, 0x00007fc71ccfc000, 0x00007fc71dcb6e00, 0x00007fc6fb53c800,
0x00007fc71dcb7c00, 0x00007fc71cf44200, 0x00007fc71dcb8200, 0x00007fc6cfa26400,
0x00007fc6fb726200, 0x00007fc6cc2ff000, 0x00007fc6fb720a00, 0x00007fc6cb8a5c00,
0x00007fc6cf4d2e00, 0x00007fc6cf4d3400, 0x00007fc6cf3b1c00, 0x00007fc71b05da00,
0x00007fc6cbd96800, 0x00007fc71c585000, 0x00007fc6cff73a00, 0x00007fc6cf3b2200,
0x00007fc71d669e00, 0x00007fc71c287e00, 0x00007fc6cfd73200, 0x00007fc6cbb36e00,
0x00007fc6fb675400, 0x00007fc6cc49ba00, 0x00007fc6cfd73800, 0x00007fc6cfd74800,
0x00007fc71d664a00, 0x00007fc71b778c00, 0x00007fc71b779200, 0x00007fc6cbb62800,
0x00007fc6cfd73e00, 0x00007fc71d665000, 0x00007fc6fb42aa00, 0x00007fc71d663e00,
0x00007fc6cfbd4e00, 0x00007fc6fb64b000, 0x00007fc6cc7fbe00, 0x00007fc71d664400,
0x00007fc6cfbd8000, 0x00007fc71c573400, 0x00007fc6fb338c00, 0x00007fc6cfbd5400,
0x00007fc71d668e00, 0x00007fc6ce61b200, 0x00007fc71d6eb600, 0x00007fc71d6ebc00,
0x00007fc71ccfcc00, 0x00007fc6cc1fd000, 0x00007fc6cf9fba00, 0x00007fc6cc497600,
0x00007fc6cbc94a00, 0x00007fc6cbc95600, 0x00007fc6cbacd400, 0x00007fc6dd022800,
0x00007fc6cc7fa400, 0x00007fc6ce61a200, 0x00007fc6ce523200, 0x00007fc6cc079400,
0x00007fc6cc1ba400, 0x00007fc6cffe1800, 0x00007fc6cc2a1800, 0x00007fc6dc817c00,
0x00007fc6ce4d1200, 0x00007fc6dd00f600, 0x00007fc71d1d7e00, 0x00007fc71c887400,
0x00007fc71d71fa00, 0x00007fc71dcb5600, 0x00007fc71cf3e400, 0x00007fc71c1c3800,
0x00007fc71d779e00, 0x00007fc6fb728600, 0x00007fc71d77a400, 0x00007fc71c556000,
0x00007fc6ce487000, 0x00007fc6cbb20600, 0x00007fc6cfd6de00, 0x00007fc6cba4a800,
0x00007fc71d8b8800, 0x00007fc71d8b8e00, 0x00007fc71d459000, 0x00007fc71d459600,
0x00007fc71d8ffc00, 0x00007fc71d900200, 0x00007fc6ce487600, 0x00007fc6cf626000,
0x00007fc6de549a00, 0x00007fc6cf192400, 0x00007fc71c53ca00, 0x00007fc71d60b200,
0x00007fc6fb376200, 0x00007fc6cba64400, 0x00007fc6cf95a000, 0x00007fc71ccfb400,
0x00007fc71d60b800, 0x00007fc71c7f5800, 0x00007fc6fb138400, 0x00007fc71df42c00,
0x00007fc6fb138a00, 0x00007fc6cfa30600, 0x00007fc71c144a00, 0x00007fc6cbc96400,
0x00007fc6cf4d4600, 0x00007fc6ce522600, 0x00007fc6cbc96a00, 0x00007fc6ce522c00,
0x00007fc6cf192a00, 0x00007fc71c56fe00, 0x00007fc6cc486600, 0x00007fc71c7f7c00,
0x00007fc71c197600, 0x00007fc71caa1800, 0x00007fc71df42000, 0x00007fc6ce639e00,
0x00007fc71b139a00, 0x00007fc71df42600, 0x00007fc6ce63b000, 0x00007fc71c57b800,
0x00007fc6cf528600, 0x00007fc71c614200, 0x00007fc71c7bb200, 0x00007fc6de0f9200,
0x00007fc6de536e00, 0x00007fc6cc59a400, 0x00007fc6de23b600, 0x00007fc71c2b5200,
0x00007fc71dbe2a00, 0x00007fc6cba18e00, 0x00007fc6cf625400, 0x00007fc71dbe2200,
0x00007fc6cba19400, 0x00007fc6de54aa00, 0x00007fc71d77d000, 0x00007fc6cc48aa00,
0x00007fc6fb666c00, 0x00007fc6ce63a400, 0x00007fc6cf960400, 0x00007fc6fb678800,
0x00007fc6fb678e00, 0x00007fc71dea4200, 0x00007fc71c3eea00, 0x00007fc6fb667e00,
0x00007fc71cd3e200, 0x00007fc6fb667200, 0x00007fc6cf625a00, 0x00007fc6fb667800,
0x00007fc6de54b000, 0x00007fc6cf196200, 0x00007fc6de7dd000, 0x00007fc6cfb24600,
0x00007fc71dea4800, 0x00007fc6cd02d600, 0x00007fc6cf20d200, 0x00007fc71da62e00,
0x00007fc6cd031a00, 0x00007fc6fb4ba000, 0x00007fc6fb66ca00, 0x00007fc6cbb36200,
0x00007fc6cd58e400, 0x00007fc71b70b000, 0x00007fc71d360a00, 0x00007fc71d3c1600,
0x00007fc6fb7bda00, 0x00007fc71b619e00, 0x00007fc71b61a400, 0x00007fc6fb4b5000,
0x00007fc71d3c1c00, 0x00007fc71b61aa00, 0x00007fc6cf524e00, 0x00007fc71b61b000,
0x00007fc71c1d0000, 0x00007fc71c1d0600, 0x00007fc71c743800, 0x00007fc71d2bb000,
0x00007fc6cc38b200, 0x00007fc71d2ba400, 0x00007fc71c743e00, 0x00007fc71d2baa00,
0x00007fc6cf525400, 0x00007fc6cfa2f800, 0x00007fc71c798400, 0x00007fc71d6d4800,
0x00007fc6cf20c600, 0x00007fc71d6d4e00, 0x00007fc6cf20f400, 0x00007fc71d458000,
0x00007fc6cf20cc00, 0x00007fc6cf20e800, 0x00007fc6cd42e400, 0x00007fc71c0dee00,
0x00007fc71dff7c00, 0x00007fc6cf20ee00, 0x00007fc6cc666800, 0x00007fc6cf9b3a00,
0x00007fc71ce44000, 0x00007fc71ce44600, 0x00007fc6cf797e00, 0x00007fc71d463800,
0x00007fc71c0dfc00, 0x00007fc6cf7f3600, 0x00007fc6dc814a00, 0x00007fc71d463e00,
0x00007fc6cf7f4800, 0x00007fc71c548e00, 0x00007fc6cf7a3200, 0x00007fc6cd433000,
0x00007fc71c0df400, 0x00007fc71b784000, 0x00007fc6fb47a000, 0x00007fc71b785600,
0x00007fc6cf9b4000, 0x00007fc6cf258400, 0x00007fc6cf1b6000, 0x00007fc6cf258a00,
0x00007fc6fb613600, 0x00007fc6cb972800, 0x00007fc6cf792200, 0x00007fc6cf781800,
0x00007fc71c480400, 0x00007fc6cb972e00, 0x00007fc6cb975000, 0x00007fc6cf7a1a00,
0x00007fc71d458600, 0x00007fc6cb975600, 0x00007fc6cf7f3c00, 0x00007fc6cd42ea00,
0x00007fc71c548200, 0x00007fc6cf7f4200, 0x00007fc6cf618200, 0x00007fc71df90200,
0x00007fc6cf618800, 0x00007fc6cd4fee00, 0x00007fc6fb74e000, 0x00007fc6cf1b5800,
0x00007fc71d6d2000, 0x00007fc6fb74d800, 0x00007fc6fb7ed600, 0x00007fc6cd519400,
0x00007fc6fb7edc00, 0x00007fc6cd519a00, 0x00007fc6cd430400, 0x00007fc71d6d2600,
0x00007fc6cd4ff400, 0x00007fc6cf7a2c00, 0x00007fc6cd4fc400, 0x00007fc6cf617c00,
0x00007fc6cf616200, 0x00007fc6fb5c3600, 0x00007fc6cf7a2000, 0x00007fc71df40000,
0x00007fc6cf7a2600, 0x00007fc6cf616800, 0x00007fc71c548800, 0x00007fc6cf615c00,
0x00007fc6cf797400, 0x00007fc6cf615000, 0x00007fc6fb613000, 0x00007fc6cbf89200,
0x00007fc6cf1cd600, 0x00007fc6fb74f200, 0x00007fc6cbb5ee00, 0x00007fc71d8fc600,
0x00007fc71c60ec00, 0x00007fc6cb854800, 0x00007fc6cf615600, 0x00007fc6cd3f6800,
0x00007fc71b643000, 0x00007fc6cbb5b000, 0x00007fc6fb67a000, 0x00007fc6cb851000,
0x00007fc6cb922600, 0x00007fc6cfe90600, 0x00007fc6cd51a000, 0x00007fc6fb7b8400,
0x00007fc6cd441400, 0x00007fc71c436800, 0x00007fc6cd441a00, 0x00007fc6cd590800,
0x00007fc6cb828400, 0x00007fc71c821000, 0x00007fc6cf23b200, 0x00007fc71b7d1c00,
0x00007fc71d498600, 0x00007fc6cd4fa200, 0x00007fc71df40600, 0x00007fc6cb853c00,
0x00007fc71c0e0200, 0x00007fc71d2cea00, 0x00007fc6cf2f9c00, 0x00007fc6cf3b3800,
0x00007fc71c3dc800, 0x00007fc71c196e00, 0x00007fc71c3dce00, 0x00007fc6cb854200,
0x00007fc6cc667600, 0x00007fc6cfe52e00, 0x00007fc6cfe53400, 0x00007fc71c2b4a00,
0x00007fc71c196200, 0x00007fc6cf760e00, 0x00007fc71c2b4400, 0x00007fc6cb8f0e00,
0x00007fc6cd590e00, 0x00007fc6cb973400, 0x00007fc6cb973a00, 0x00007fc71d2cf000,
0x00007fc6cf3b3e00, 0x00007fc6cf2dc400, 0x00007fc6cb921a00, 0x00007fc6cf2dca00,
0x00007fc71c196800, 0x00007fc71df03800, 0x00007fc6cff78000, 0x00007fc6cf257400,
0x00007fc71d2cf600, 0x00007fc71d6eae00, 0x00007fc6cf2f9400, 0x00007fc71d6df200,
0x00007fc6cb922000, 0x00007fc6cd51c000, 0x00007fc6fb477800, 0x00007fc6cd6edc00,
0x00007fc71c160600, 0x00007fc71d6df800, 0x00007fc6cd4fb000, 0x00007fc6cd4fa800,
0x00007fc6cb8f2000, 0x00007fc71c10f200, 0x00007fc6cd7b1800, 0x00007fc71c483a00,
0x00007fc71c169a00, 0x00007fc6fb476e00, 0x00007fc71d6dde00, 0x00007fc71c263e00,
0x00007fc6cff78600, 0x00007fc6cf3b2e00, 0x00007fc71c2b3800, 0x00007fc6cd6ec600,
0x00007fc71c2b3e00, 0x00007fc6fb7b7c00, 0x00007fc71d6de400, 0x00007fc6cb8f1400,
0x00007fc6cb8f1a00, 0x00007fc6cfe8ee00, 0x00007fc6cbb5d600, 0x00007fc6fb476000,
0x00007fc6cd6ecc00, 0x00007fc6cd6ed200, 0x00007fc71d6dea00, 0x00007fc6cfe8f400,
0x00007fc6fb476600, 0x00007fc6cbb5e800, 0x00007fc6cf257a00, 0x00007fc6cf426400,
0x00007fc6cc4ff600, 0x00007fc6cf1b0800, 0x00007fc6cbec5e00, 0x00007fc71df90800,
0x00007fc6cb853600, 0x00007fc71dfae800, 0x00007fc6cbb5dc00, 0x00007fc71dfac600,
0x00007fc71c482600, 0x00007fc71c482c00, 0x00007fc6cd51cc00, 0x00007fc6dc80b600,
0x00007fc6cd7afe00, 0x00007fc6dc815000, 0x00007fc71dfacc00, 0x00007fc6cd7b0400,
0x00007fc6cd5eea00, 0x00007fc6cd4c2000, 0x00007fc71c483200, 0x00007fc71c0dbe00,
0x00007fc6dc833800, 0x00007fc71c481a00, 0x00007fc6cf425e00, 0x00007fc71c482000,
0x00007fc71dfaee00, 0x00007fc6cbb5e200, 0x00007fc6cc663000, 0x00007fc6cc4fda00,
0x00007fc71c261c00, 0x00007fc71c262200, 0x00007fc6cd7b1200, 0x00007fc6cd5ed200,
0x00007fc6cf1b0000, 0x00007fc6cf1af400, 0x00007fc6cf1afa00, 0x00007fc6cb852c00,
0x00007fc6cbea6600, 0x00007fc71c262800, 0x00007fc6cd7b0a00, 0x00007fc71c262e00,
0x00007fc71c168c00, 0x00007fc71c169200, 0x00007fc6cfdc0c00, 0x00007fc6cd5ee400,
0x00007fc71dfaf400, 0x00007fc71b493600, 0x00007fc71dfafa00, 0x00007fc71c110000,
0x00007fc6cf1ae800, 0x00007fc6cd4c0a00, 0x00007fc6cbec4e00, 0x00007fc6cc076600,
0x00007fc6cc076c00, 0x00007fc71c10f800, 0x00007fc6cbb5aa00, 0x00007fc6cc4fc400,
0x00007fc6cf1aee00, 0x00007fc71dff5000, 0x00007fc6cd7fee00, 0x00007fc6cc4fca00,
0x00007fc6cf424800, 0x00007fc6cd739200, 0x00007fc6cff6a800, 0x00007fc6cf424e00,
0x00007fc71dff7000, 0x00007fc71dff7600, 0x00007fc71dff4600, 0x00007fc71dfab200,
0x00007fc71c368400, 0x00007fc71b494200, 0x00007fc6cf2db800, 0x00007fc6cf2dbe00,
0x00007fc6de724800, 0x00007fc6fb7eca00, 0x00007fc6cd738a00, 0x00007fc71b493c00,
0x00007fc71dff3a00, 0x00007fc71c365800, 0x00007fc6cd588000, 0x00007fc6cd71b000,
0x00007fc71c0da800, 0x00007fc71c367600, 0x00007fc6cf1b4800, 0x00007fc6fb545000,
0x00007fc6cf7d4600, 0x00007fc6cb9bcc00, 0x00007fc6cc501a00, 0x00007fc6fb545600,
0x00007fc71dfb8000, 0x00007fc71dfab800, 0x00007fc6fb7ec000, 0x00007fc6cc664c00,
0x00007fc71dfabe00, 0x00007fc6cb9b8600, 0x00007fc71dfb8600, 0x00007fc6cbe6b000,
0x00007fc6cc665800, 0x00007fc6cc4fd000, 0x00007fc71dfbae00, 0x00007fc6dc833e00,
0x00007fc6fb6e5400, 0x00007fc6fb6e7c00, 0x00007fc71dfbb400, 0x00007fc6cf2db200,
0x00007fc6cf73c400, 0x00007fc6cf2f8400, 0x00007fc71dfecc00, 0x00007fc71dfba400,
0x00007fc71dfef400, 0x00007fc71cf0a000, 0x00007fc71ceec800, 0x00007fc6cd590000,
0x00007fc6cf381400, 0x00007fc71dff4000, 0x00007fc71d92a400, 0x00007fc71d2c4a00,
0x00007fc6cece4c00, 0x00007fc6cea22a00, 0x00007fc6de0e8600, 0x00007fc71c2afa00,
0x00007fc71c3f5000, 0x00007fc6cf212800, 0x00007fc6de0ea600, 0x00007fc71cd4a000,
0x00007fc71c910e00, 0x00007fc71dfe1a00, 0x00007fc71c600e00, 0x00007fc6cd4c3200,
0x00007fc71cd34000, 0x00007fc6cf2f8a00, 0x00007fc6cf289000, 0x00007fc6cd4c3800,
0x00007fc71d669400, 0x00007fc6cf479a00, 0x00007fc6cf41a200, 0x00007fc71d2c3800,
0x00007fc71d6e3000, 0x00007fc71c367c00, 0x00007fc6cf26d000, 0x00007fc6cc26ce00,
0x00007fc6cd4ca200, 0x00007fc6cd58f200, 0x00007fc6cf1b4e00, 0x00007fc6de00ba00,
0x00007fc71c2b1c00, 0x00007fc6ce9a4000, 0x00007fc6cee79800, 0x00007fc6ced3aa00,
0x00007fc6cea2c800, 0x00007fc71df9ae00, 0x00007fc71d667800, 0x00007fc6de72c600,
0x00007fc6cea91200, 0x00007fc6ce869800, 0x00007fc6cea29000, 0x00007fc6de622000,
0x00007fc6cf475200, 0x00007fc71d49b400, 0x00007fc6de7fee00, 0x00007fc6cd4c1a00,
0x00007fc71cd3c000, 0x00007fc71cd35a00, 0x00007fc71c220a00, 0x00007fc6de5d5c00,
0x00007fc71b0bae00, 0x00007fc6cea1e600, 0x00007fc6cf7c3400, 0x00007fc6ce8f0600,
0x00007fc6cf1cdc00, 0x00007fc6cd5ef000, 0x00007fc6cf736a00, 0x00007fc71c263400,
0x00007fc71c0af200, 0x00007fc71d155800, 0x00007fc6de0e2600, 0x00007fc6cf3b0c00,
0x00007fc71c895c00, 0x00007fc6cee61000, 0x00007fc6cd5f1600, 0x00007fc71d6d0c00,
0x00007fc6ce89f000, 0x00007fc71d6d1200, 0x00007fc6ce8a3a00, 0x00007fc71c0af800,
0x00007fc6cec36400, 0x00007fc71dee2a00, 0x00007fc71c1c4400, 0x00007fc6cfa22400,
0x00007fc6ce8db600, 0x00007fc6ce9ab000, 0x00007fc6ced23000, 0x00007fc71dee3000,
0x00007fc6cf391000, 0x00007fc71d6d7000, 0x00007fc6ced8d800, 0x00007fc6cd58ea00,
0x00007fc6cd435200, 0x00007fc6cd2e9000, 0x00007fc71d6d7600, 0x00007fc6cf391600,
0x00007fc6cd434600, 0x00007fc71d68de00, 0x00007fc71d68e400, 0x00007fc71c1c4a00,
0x00007fc6cfe14c00, 0x00007fc71c28a600, 0x00007fc71c28ac00, 0x00007fc6cd434c00,
0x00007fc71c363600, 0x00007fc71c363c00, 0x00007fc6cd3f6000, 0x00007fc71d5b1600,
0x00007fc71df44c00, 0x00007fc71cee4600, 0x00007fc6cd3f4400, 0x00007fc6cd3f4a00,
0x00007fc6ced16c00, 0x00007fc6ced1da00, 0x00007fc71c3fdc00, 0x00007fc6cd3f5000,
0x00007fc71c337600, 0x00007fc71c337c00, 0x00007fc6cd3f5600, 0x00007fc6cea2dc00,
0x00007fc71df45200, 0x00007fc71cee4c00, 0x00007fc6ced44600, 0x00007fc6cf256800,
0x00007fc6cf256e00, 0x00007fc6cea92400, 0x00007fc6cec74e00, 0x00007fc6cd5ef600,
0x00007fc6cd429e00, 0x00007fc6cec8a000, 0x00007fc6cfa2d000, 0x00007fc71d5b0a00,
0x00007fc71c321400, 0x00007fc6cc0a5e00, 0x00007fc6cd5efc00, 0x00007fc6cec80e00,
0x00007fc71c321a00, 0x00007fc6cf7cf000, 0x00007fc6cf7b7000, 0x00007fc6cec06800,
0x00007fc6cef8c000, 0x00007fc6cd5f0e00, 0x00007fc71d5b1000, 0x00007fc71b40e400,
0x00007fc6cc669400, 0x00007fc6cd42b000, 0x00007fc71b40ea00, 0x00007fc71d1be800,
0x00007fc71dff6200, 0x00007fc6cd2e8800, 0x00007fc71b59f600, 0x00007fc6cd5f0200,
0x00007fc6cd5f0800, 0x00007fc6cec74200, 0x00007fc71b59ea00, 0x00007fc6cec74800,
0x00007fc71b59f000, 0x00007fc6ced22a00, 0x00007fc6de6af800, 0x00007fc6cec89400,
0x00007fc6cf286400, 0x00007fc6cd429800, 0x00007fc6cec89a00, 0x00007fc71c612400,
0x00007fc71dff5600, 0x00007fc6cec08000, 0x00007fc6cec08600, 0x00007fc6cd428200,
0x00007fc6cd428800, 0x00007fc71dff5c00, 0x00007fc6cd260000, 0x00007fc71c322600,
0x00007fc6cd1d6400, 0x00007fc6cd25ee00, 0x00007fc6ce922200, 0x00007fc6cf7f0000,
0x00007fc71b45e000, 0x00007fc6cf4da400, 0x00007fc71df3da00, 0x00007fc71c0dd400,
0x00007fc6da659800, 0x00007fc71cd39000, 0x00007fc6cbd8a800, 0x00007fc6cbd8ae00,
0x00007fc71d693a00, 0x00007fc6da659e00, 0x00007fc6fb3a0400, 0x00007fc6cf7ee600,
0x00007fc6cbdda800, 0x00007fc6cf7da400, 0x00007fc6dc834400, 0x00007fc6cf7e8600,
0x00007fc6dd02bc00, 0x00007fc6cf7e8c00, 0x00007fc6da700e00, 0x00007fc71d1bee00,
0x00007fc6cbd66600, 0x00007fc71cc6f800, 0x00007fc6fb7b7600, 0x00007fc6fb7f2200,
0x00007fc71d6e1a00, 0x00007fc6ce7faa00, 0x00007fc71b1b1200, 0x00007fc71c69c000,
0x00007fc71d67f000, 0x00007fc6ce7b4c00, 0x00007fc6fb4b9800, 0x00007fc71c488400,
0x00007fc71cc6fe00, 0x00007fc6da78f200, 0x00007fc6cf287a00, 0x00007fc6cf288000,
0x00007fc6ce63f000, 0x00007fc71df3ce00, 0x00007fc6ce61c200, 0x00007fc71c1cbe00,
0x00007fc6cb927800, 0x00007fc6cf1a6e00, 0x00007fc6da3bda00, 0x00007fc6cf7c1a00,
0x00007fc71c0b6200, 0x00007fc6de00b000, 0x00007fc6da3bce00, 0x00007fc6cf39b800,
0x00007fc6cf39ac00, 0x00007fc6cf39b200, 0x00007fc71c819400, 0x00007fc6da3bd400,
0x00007fc71d68d800, 0x00007fc6cf472200, 0x00007fc71df3d400, 0x00007fc71ccaf400,
0x00007fc6da78ea00, 0x00007fc6da658c00, 0x00007fc71b4fe000, 0x00007fc6de683e00,
0x00007fc71c3d9e00, 0x00007fc6cbafbc00, 0x00007fc6da659200, 0x00007fc6fb4bac00,
0x00007fc71d498c00, 0x00007fc71d682000, 0x00007fc6cf648e00, 0x00007fc6ce535400,
0x00007fc6ce489400, 0x00007fc6ce48ae00, 0x00007fc6cd6eba00, 0x00007fc6cbac4400,
0x00007fc6de03ba00, 0x00007fc6cf420200, 0x00007fc71cd3dc00, 0x00007fc6cf6c2600,
0x00007fc6cf4d8600, 0x00007fc6cd290000, 0x00007fc71cec8000, 0x00007fc6cd2e6c00,
0x00007fc6de6f0800, 0x00007fc71cc2ca00, 0x00007fc6de473a00, 0x00007fc6dec3aa00,
0x00007fc6dee6f800, 0x00007fc71ccc2e00, 0x00007fc6ce26a200, 0x00007fc6decf3200,
0x00007fc6ded6f800, 0x00007fc71ce78c00, 0x00007fc6ce4ef200, 0x00007fc71cc5c600,
0x00007fc6da215a00, 0x00007fc6ce170a00, 0x00007fc6ce35d600, 0x00007fc6ce759800,
0x00007fc6de36bc00, 0x00007fc6de369200, 0x00007fc6cf4d9200, 0x00007fc6da35dc00,
0x00007fc6da269c00, 0x00007fc6fb20d800, 0x00007fc6cf7c1400
}

Java Threads: ( => current thread )
  0x00007fc71d0f1800 JavaThread "Reference Handler" daemon [_thread_blocked, id=32603, stack(0x0000000305bb7000,0x0000000305cb7000)]
  0x00007fc71d0f4000 JavaThread "Finalizer" daemon [_thread_blocked, id=32003, stack(0x0000000305cba000,0x0000000305dba000)]
  0x00007fc71b00ea00 JavaThread "Signal Dispatcher" daemon [_thread_blocked, id=24323, stack(0x0000000305ecb000,0x0000000305fcb000)]
  0x00007fc71d0f1e00 JavaThread "Service Thread" daemon [_thread_blocked, id=29955, stack(0x0000000305fce000,0x00000003060ce000)]
  0x00007fc71d0f4600 JavaThread "Monitor Deflation Thread" daemon [_thread_blocked, id=29443, stack(0x00000003060d1000,0x00000003061d1000)]
  0x00007fc71d0f2400 JavaThread "C2 CompilerThread0" daemon [_thread_blocked, id=29187, stack(0x00000003061d4000,0x00000003062d4000)]
  0x00007fc71d0f2a00 JavaThread "C1 CompilerThread0" daemon [_thread_blocked, id=28675, stack(0x00000003062d7000,0x00000003063d7000)]
  0x00007fc71d0f3000 JavaThread "Sweeper thread" daemon [_thread_blocked, id=28419, stack(0x00000003063da000,0x00000003064da000)]
  0x00007fc6fb018600 JavaThread "Common-Cleaner" daemon [_thread_blocked, id=28023, stack(0x00000003064dd000,0x00000003065dd000)]
  0x00007fc71d810a00 JavaThread "Notification Thread" daemon [_thread_blocked, id=27551, stack(0x00000003065e0000,0x00000003066e0000)]
  0x00007fc71b165a00 JavaThread "AppKit Thread" daemon [_thread_in_native, id=259, stack(0x0000000304c1f000,0x000000030541f000)]
  0x00007fc71b0cf000 JavaThread "AWT-Shutdown" [_thread_blocked, id=49679, stack(0x000000030697a000,0x0000000306a7a000)]
  0x00007fc71ca39000 JavaThread "AWT-EventQueue-0" [_thread_blocked, id=52483, stack(0x0000000306a7d000,0x0000000306b7d000)]
  0x00007fc71b218400 JavaThread "Java2D Queue Flusher" daemon [_thread_blocked, id=87795, stack(0x0000000307295000,0x0000000307395000)]
  0x00007fc71b1b5800 JavaThread "Java2D Disposer" daemon [_thread_blocked, id=90687, stack(0x0000000307398000,0x0000000307498000)]
  0x00007fc6fb0ae400 JavaThread "TimerQueue" daemon [_thread_blocked, id=93299, stack(0x000000030749b000,0x000000030759b000)]
  0x00007fc6fb13c000 JavaThread "ForkJoinPool.commonPool-worker-3" daemon [_thread_blocked, id=121395, stack(0x0000000307727000,0x0000000307827000)]
  0x00007fc71b7ff400 JavaThread "pool-3-thread-1" [_thread_blocked, id=106363, stack(0x0000000308248000,0x0000000308348000)]
  0x00007fc71b69c800 JavaThread "Microbot-BlockingEvent" daemon [_thread_blocked, id=106539, stack(0x000000030834b000,0x000000030844b000)]
  0x00007fc71c91e000 JavaThread "Thread-1" daemon [_thread_blocked, id=119223, stack(0x000000030792d000,0x0000000307a2d000)]
=>0x00007fc71c91e600 JavaThread "Client" daemon [_thread_in_native, id=119499, stack(0x000000030844e000,0x000000030854e000)]
  0x00007fc71c91ec00 JavaThread "Thread-3" daemon [_thread_blocked, id=106755, stack(0x0000000308551000,0x0000000308651000)]
  0x00007fc71cb28200 JavaThread "Java Sound Event Dispatcher" daemon [_thread_blocked, id=261123, stack(0x0000000308d6c000,0x0000000308e6c000)]
  0x00007fc71b453c00 JavaThread "Sound Engine" [_thread_blocked, id=256631, stack(0x0000000308ff8000,0x00000003090f8000)]
  0x00007fc71cb32200 JavaThread "Thread-8" daemon [_thread_blocked, id=254667, stack(0x0000000309301000,0x0000000309401000)]
  0x00007fc71ca87a00 JavaThread "Thread-9" [_thread_blocked, id=31655, stack(0x0000000309810000,0x0000000309910000)]
  0x00007fc6fb2e8a00 JavaThread "MicrobotVersionChecker" daemon [_thread_blocked, id=252051, stack(0x0000000309a16000,0x0000000309b16000)]
  0x00007fc71d288600 JavaThread "ShortestPathScript-1" [_thread_blocked, id=185267, stack(0x0000000309c1c000,0x0000000309d1c000)]
  0x00007fc71b510600 JavaThread "ShortestPathScript-2" [_thread_blocked, id=185603, stack(0x0000000309d1f000,0x0000000309e1f000)]
  0x00007fc6de8d0000 JavaThread "ShortestPathScript-3" [_thread_blocked, id=186327, stack(0x0000000309e22000,0x0000000309f22000)]
  0x00007fc71d302000 JavaThread "ShortestPathScript-4" [_thread_blocked, id=36843, stack(0x0000000309913000,0x0000000309a13000)]
  0x00007fc71daec200 JavaThread "ShortestPathScript-5" [_thread_blocked, id=119811, stack(0x0000000309f25000,0x000000030a025000)]
  0x00007fc71daeba00 JavaThread "pool-14-thread-1" [_thread_blocked, id=118411, stack(0x000000030a028000,0x000000030a128000)]
  0x00007fc71db0a000 JavaThread "ShortestPathScript-6" [_thread_blocked, id=187139, stack(0x000000030a12b000,0x000000030a22b000)]
  0x00007fc6cc074600 JavaThread "Timer-0" daemon [_thread_blocked, id=242615, stack(0x000000030a3c7000,0x000000030a4c7000)]
  0x00007fc71c80e200 JavaThread "ShortestPathScript-7" [_thread_blocked, id=241395, stack(0x000000030a4ca000,0x000000030a5ca000)]
  0x00007fc6defe9c00 JavaThread "ShortestPathScript-8" [_thread_blocked, id=241531, stack(0x000000030a5cd000,0x000000030a6cd000)]
  0x00007fc71b1de800 JavaThread "ShortestPathScript-9" [_thread_blocked, id=193051, stack(0x000000030a6d0000,0x000000030a7d0000)]
  0x00007fc71b7ccc00 JavaThread "Timer-1" [_thread_blocked, id=240807, stack(0x000000030a7d3000,0x000000030a8d3000)]
  0x00007fc6fb74c000 JavaThread "BreakHandlerScript-1" [_thread_blocked, id=194499, stack(0x000000030a8d6000,0x000000030a9d6000)]
  0x00007fc71c071600 JavaThread "BreakHandlerScript-2" [_thread_blocked, id=194155, stack(0x000000030a9d9000,0x000000030aad9000)]
  0x00007fc71ccd9a00 JavaThread "QuestScript-1" [_thread_blocked, id=239483, stack(0x000000030aadc000,0x000000030abdc000)]
  0x00007fc71b59dc00 JavaThread "QuestScript-2" [_thread_blocked, id=238595, stack(0x000000030abdf000,0x000000030acdf000)]
  0x00007fc71ccd7200 JavaThread "ShortestPathScript-10" [_thread_blocked, id=238287, stack(0x000000030ace2000,0x000000030ade2000)]
  0x00007fc71d1aec00 JavaThread "QuestScript-3" [_thread_blocked, id=195307, stack(0x000000030ade5000,0x000000030aee5000)]
  0x00007fc6cc0e1e00 JavaThread "BreakHandlerScript-3" [_thread_blocked, id=237795, stack(0x000000030aee8000,0x000000030afe8000)]
  0x00007fc71d4a6c00 JavaThread "QuestScript-4" [_thread_blocked, id=237219, stack(0x000000030afeb000,0x000000030b0eb000)]
  0x00007fc71ccdc600 JavaThread "QuestScript-5" [_thread_blocked, id=236423, stack(0x000000030b0ee000,0x000000030b1ee000)]
  0x00007fc71b56be00 JavaThread "FastSlayerScript-1" [_thread_blocked, id=196267, stack(0x000000030b1f1000,0x000000030b2f1000)]
  0x00007fc71d4a7200 JavaThread "FastSlayerAttackScript-1" [_thread_blocked, id=235523, stack(0x000000030b2f4000,0x000000030b3f4000)]
  0x00007fc71b4f5400 JavaThread "FastSlayerAttackScript-2" [_thread_blocked, id=196867, stack(0x000000030b3f7000,0x000000030b4f7000)]
  0x00007fc71b61ee00 JavaThread "FastSlayerFoodScript-1" [_thread_blocked, id=235011, stack(0x000000030b4fa000,0x000000030b5fa000)]
  0x00007fc71d37e400 JavaThread "FastSlayerFoodScript-2" [_thread_blocked, id=197123, stack(0x000000030b5fd000,0x000000030b6fd000)]
  0x00007fc71ccd8e00 JavaThread "FastSlayerPotionScript-1" [_thread_blocked, id=197635, stack(0x000000030b700000,0x000000030b800000)]
  0x00007fc71d37ea00 JavaThread "FastSlayerPotionScript-2" [_thread_blocked, id=197891, stack(0x000000030b803000,0x000000030b903000)]
  0x00007fc71cd7cc00 JavaThread "FastSlayerPrayerScript-1" [_thread_blocked, id=233987, stack(0x000000030b906000,0x000000030ba06000)]
  0x00007fc71b61f400 JavaThread "FastSlayerPrayerScript-2" [_thread_blocked, id=233731, stack(0x000000030ba09000,0x000000030bb09000)]
  0x00007fc71ccd6a00 JavaThread "FastSlayerBuryScript-1" [_thread_blocked, id=233475, stack(0x000000030bb0c000,0x000000030bc0c000)]
  0x00007fc71b61fa00 JavaThread "FastSlayerBuryScript-2" [_thread_blocked, id=232963, stack(0x000000030bc0f000,0x000000030bd0f000)]
  0x00007fc71cce3c00 JavaThread "FastSlayerLootScript-1" [_thread_blocked, id=198915, stack(0x000000030bd12000,0x000000030be12000)]
  0x00007fc71b620000 JavaThread "FastSlayerLootScript-2" [_thread_blocked, id=232451, stack(0x000000030be15000,0x000000030bf15000)]
  0x00007fc71cce4200 JavaThread "FastSlayerSpecialAttackScript-1" [_thread_blocked, id=199427, stack(0x000000030bf18000,0x000000030c018000)]
  0x00007fc71d37f000 JavaThread "FastSlayerSpecialAttackScript-2" [_thread_blocked, id=231943, stack(0x000000030c01b000,0x000000030c11b000)]
  0x00007fc71b620600 JavaThread "FastSlayerFlickerScript-1" [_thread_blocked, id=199683, stack(0x000000030c11e000,0x000000030c21e000)]
  0x00007fc71d37f600 JavaThread "FastSlayerFlickerScript-2" [_thread_blocked, id=231427, stack(0x000000030c221000,0x000000030c321000)]
  0x00007fc6fb7bfe00 JavaThread "FastSlayerIceCoolerScript-1" [_thread_blocked, id=200451, stack(0x000000030c324000,0x000000030c424000)]
  0x00007fc71cce4800 JavaThread "FastSlayerIceCoolerScript-2" [_thread_blocked, id=230915, stack(0x000000030c427000,0x000000030c527000)]
  0x00007fc6dd011800 JavaThread "FastSlayerSafetyScript-1" [_thread_blocked, id=230659, stack(0x000000030c52a000,0x000000030c62a000)]
  0x00007fc6dd011e00 JavaThread "FastSlayerSafetyScript-2" [_thread_blocked, id=230403, stack(0x000000030c62d000,0x000000030c72d000)]
  0x00007fc71b623000 JavaThread "FastSlayerScript-2" [_thread_blocked, id=230207, stack(0x000000030c730000,0x000000030c830000)]
  0x00007fc71c809200 JavaThread "DestroyJavaVM" [_thread_blocked, id=16131, stack(0x00000003054a2000,0x00000003055a2000)]
  0x00007fc71c008800 JavaThread "FastSlayerLootScript-3" [_thread_blocked, id=228099, stack(0x000000030759e000,0x000000030769e000)]
  0x00007fc71d1c9400 JavaThread "FastSlayerFlickerScript-3" [_thread_blocked, id=228387, stack(0x000000030c833000,0x000000030c933000)]
  0x00007fc6cc245200 JavaThread "QuestScript-6" [_thread_blocked, id=227155, stack(0x000000030ca47000,0x000000030cb47000)]
  0x00007fc71b6eda00 JavaThread "FastSlayerLootScript-4" [_thread_blocked, id=226843, stack(0x000000030cb4a000,0x000000030cc4a000)]
  0x00007fc6defa4600 JavaThread "FastSlayerFlickerScript-4" [_thread_blocked, id=226655, stack(0x000000030cc4d000,0x000000030cd4d000)]
  0x00007fc71cadca00 JavaThread "FastSlayerPrayerScript-3" [_thread_blocked, id=93975, stack(0x000000030cd50000,0x000000030ce50000)]
  0x00007fc71d3c8a00 JavaThread "FastSlayerAttackScript-3" [_thread_blocked, id=201727, stack(0x000000030ce53000,0x000000030cf53000)]
  0x00007fc71d231e00 JavaThread "FastSlayerIceCoolerScript-3" [_thread_blocked, id=94563, stack(0x000000030cf56000,0x000000030d056000)]
  0x00007fc71d816800 JavaThread "FastSlayerBuryScript-3" [_thread_blocked, id=121903, stack(0x000000030d059000,0x000000030d159000)]
  0x00007fc71d250600 JavaThread "FastSlayerFoodScript-3" [_thread_blocked, id=205199, stack(0x000000030d15c000,0x000000030d25c000)]
  0x00007fc71d263400 JavaThread "FastSlayerPotionScript-3" [_thread_blocked, id=225795, stack(0x000000030d25f000,0x000000030d35f000)]
  0x00007fc71d259800 JavaThread "FastSlayerSafetyScript-3" [_thread_blocked, id=205571, stack(0x000000030d362000,0x000000030d462000)]
  0x00007fc71d1c2800 JavaThread "FastSlayerLootScript-5" [_thread_blocked, id=225283, stack(0x000000030d465000,0x000000030d565000)]
  0x00007fc71b44e000 JavaThread "FastSlayerFlickerScript-5" [_thread_blocked, id=206339, stack(0x000000030d568000,0x000000030d668000)]
  0x00007fc71b7e1800 JavaThread "QuestScript-7" [_thread_blocked, id=207179, stack(0x000000030d66b000,0x000000030d76b000)]
  0x00007fc71b6e2c00 JavaThread "FastSlayerLootScript-6" [_thread_blocked, id=222671, stack(0x000000030d76e000,0x000000030d86e000)]
  0x00007fc71ca43000 JavaThread "FastSlayerFlickerScript-6" [_thread_blocked, id=207923, stack(0x000000030d871000,0x000000030d971000)]
  0x00007fc6fb2c8400 JavaThread "FastSlayerSpecialAttackScript-3" [_thread_blocked, id=221087, stack(0x000000030d974000,0x000000030da74000)]
  0x00007fc71d27d400 JavaThread "FastSlayerPrayerScript-4" [_thread_blocked, id=211219, stack(0x000000030da77000,0x000000030db77000)]
  0x00007fc71cce1600 JavaThread "FastSlayerLootScript-7" [_thread_blocked, id=219803, stack(0x000000030db7a000,0x000000030dc7a000)]
  0x00007fc71d27a800 JavaThread "FastSlayerFlickerScript-7" [_thread_blocked, id=211723, stack(0x000000030dc7d000,0x000000030dd7d000)]
  0x00007fc6cc23d600 JavaThread "QuestScript-8" [_thread_blocked, id=212595, stack(0x000000030dd80000,0x000000030de80000)]
  0x00007fc71c01c400 JavaThread "FastSlayerAttackScript-4" [_thread_blocked, id=212099, stack(0x000000030de83000,0x000000030df83000)]
  0x00007fc6fb4a4e00 JavaThread "FastSlayerBuryScript-4" [_thread_blocked, id=217859, stack(0x000000030df86000,0x000000030e086000)]
  0x00007fc6defaa600 JavaThread "FastSlayerIceCoolerScript-4" [_thread_blocked, id=217363, stack(0x000000030e089000,0x000000030e189000)]
  0x00007fc71d1f2800 JavaThread "FastSlayerSafetyScript-4" [_thread_blocked, id=218415, stack(0x000000030e18c000,0x000000030e28c000)]
  0x00007fc71b1ee200 JavaThread "FastSlayerFoodScript-4" [_thread_blocked, id=216579, stack(0x000000030e28f000,0x000000030e38f000)]
  0x00007fc6fb2c7800 JavaThread "FastSlayerPotionScript-4" [_thread_blocked, id=216323, stack(0x000000030e392000,0x000000030e492000)]
  0x00007fc71b6f8400 JavaThread "FastSlayerLootScript-8" [_thread_blocked, id=213803, stack(0x000000030e495000,0x000000030e595000)]
  0x00007fc6defb7c00 JavaThread "FastSlayerFlickerScript-8" [_thread_blocked, id=214803, stack(0x000000030e598000,0x000000030e698000)]
  0x00007fc71d3d3a00 JavaThread "FastSlayerLootScript-9" [_thread_blocked, id=222415, stack(0x000000030e69b000,0x000000030e79b000)]
  0x00007fc6dee4f400 JavaThread "FastSlayerFlickerScript-9" [_thread_blocked, id=222051, stack(0x000000030e79e000,0x000000030e89e000)]
  0x00007fc71b6eca00 JavaThread "FastSlayerPrayerScript-5" [_thread_blocked, id=262171, stack(0x000000030e8a1000,0x000000030e9a1000)]
  0x00007fc71d1ad600 JavaThread "QuestScript-9" [_thread_blocked, id=218899, stack(0x000000030e9a4000,0x000000030eaa4000)]
  0x00007fc6defea200 JavaThread "FastSlayerLootScript-10" [_thread_blocked, id=262771, stack(0x000000030eaa7000,0x000000030eba7000)]
  0x00007fc6cc0b0600 JavaThread "FastSlayerFlickerScript-10" [_thread_blocked, id=348771, stack(0x000000030ebaa000,0x000000030ecaa000)]
  0x00007fc71ce16e00 JavaThread "FastSlayerAttackScript-5" [_thread_blocked, id=348163, stack(0x000000030ecad000,0x000000030edad000)]
  0x00007fc71cded800 JavaThread "FastSlayerBuryScript-5" [_thread_blocked, id=347395, stack(0x000000030edb0000,0x000000030eeb0000)]
  0x00007fc71d301a00 JavaThread "FastSlayerFoodScript-5" [_thread_blocked, id=263427, stack(0x000000030eeb3000,0x000000030efb3000)]
  0x00007fc71cd8c400 JavaThread "FastSlayerSafetyScript-5" [_thread_blocked, id=346627, stack(0x000000030efb6000,0x000000030f0b6000)]
  0x00007fc71d302600 JavaThread "FastSlayerPotionScript-5" [_thread_blocked, id=263683, stack(0x000000030f0b9000,0x000000030f1b9000)]
  0x00007fc6de20da00 JavaThread "FastSlayerIceCoolerScript-5" [_thread_blocked, id=263939, stack(0x000000030f1bc000,0x000000030f2bc000)]
  0x00007fc71c1e9400 JavaThread "QuestScript-10" [_thread_blocked, id=264331, stack(0x000000030f2bf000,0x000000030f3bf000)]
  0x00007fc71cdd9400 JavaThread "FastSlayerSpecialAttackScript-4" [_thread_blocked, id=264707, stack(0x000000030f3c2000,0x000000030f4c2000)]
  0x00007fc6dc80a200 JavaThread "FastSlayerPrayerScript-6" [_thread_blocked, id=265231, stack(0x000000030f4c5000,0x000000030f5c5000)]
  0x00007fc71b571000 JavaThread "FastSlayerAttackScript-6" [_thread_blocked, id=345331, stack(0x000000030f5c8000,0x000000030f6c8000)]
  0x00007fc71b1c2e00 JavaThread "FastSlayerBuryScript-6" [_thread_blocked, id=265731, stack(0x000000030f6cb000,0x000000030f7cb000)]
  0x00007fc6de11aa00 JavaThread "FastSlayerSafetyScript-6" [_thread_blocked, id=265987, stack(0x000000030f7ce000,0x000000030f8ce000)]
  0x00007fc6fb2ea600 JavaThread "FastSlayerPotionScript-6" [_thread_blocked, id=266291, stack(0x000000030f8d1000,0x000000030f9d1000)]
  0x00007fc6fb150800 JavaThread "FastSlayerIceCoolerScript-6" [_thread_blocked, id=343811, stack(0x000000030f9d4000,0x000000030fad4000)]
  0x00007fc71b179000 JavaThread "FastSlayerFoodScript-6" [_thread_blocked, id=343591, stack(0x000000030fad7000,0x000000030fbd7000)]
  0x00007fc6cbcef400 JavaThread "FastSlayerPrayerScript-7" [_thread_blocked, id=267191, stack(0x000000030fbda000,0x000000030fcda000)]
  0x00007fc71b78bc00 JavaThread "117HD - Worker 0" daemon [_thread_blocked, id=343211, stack(0x000000030fcdd000,0x000000030fddd000)]
  0x00007fc71b4b3e00 JavaThread "117HD - Worker 1" daemon [_thread_blocked, id=342275, stack(0x000000030fde0000,0x000000030fee0000)]
  0x00007fc71b4bc400 JavaThread "117HD - Worker 2" daemon [_thread_blocked, id=267523, stack(0x000000030fee3000,0x000000030ffe3000)]
  0x00007fc6cbcf7000 JavaThread "117HD - Worker 3" daemon [_thread_blocked, id=341251, stack(0x000000030ffe6000,0x00000003100e6000)]
  0x00007fc6cbcff200 JavaThread "117HD - Worker 4" daemon [_thread_blocked, id=267779, stack(0x00000003100e9000,0x00000003101e9000)]
  0x00007fc6cbcd3c00 JavaThread "117HD - Worker 5" daemon [_thread_blocked, id=340227, stack(0x00000003101ec000,0x00000003102ec000)]
  0x00007fc71cd24c00 JavaThread "117HD - Worker 6" daemon [_thread_blocked, id=268547, stack(0x00000003102ef000,0x00000003103ef000)]
  0x00007fc71d3e5a00 JavaThread "FastSlayerAttackScript-7" [_thread_blocked, id=269171, stack(0x00000003103f2000,0x00000003104f2000)]
  0x00007fc6cc258400 JavaThread "FastSlayerSpecialAttackScript-5" [_thread_blocked, id=269315, stack(0x00000003104f5000,0x00000003105f5000)]
  0x00007fc6cbc9c800 JavaThread "FastSlayerPrayerScript-8" [_thread_blocked, id=269571, stack(0x00000003105f8000,0x00000003106f8000)]
  0x00007fc6cd008200 JavaThread "FastSlayerSafetyScript-7" [_thread_blocked, id=337971, stack(0x00000003106fb000,0x00000003107fb000)]
  0x00007fc71b515000 JavaThread "FastSlayerBuryScript-7" [_thread_blocked, id=337411, stack(0x00000003107fe000,0x00000003108fe000)]
  0x00007fc71d1ae200 JavaThread "FastSlayerIceCoolerScript-7" [_thread_blocked, id=270851, stack(0x0000000310901000,0x0000000310a01000)]
  0x00007fc6cbcbae00 JavaThread "FastSlayerPotionScript-7" [_thread_blocked, id=271171, stack(0x0000000310a04000,0x0000000310b04000)]
  0x00007fc71b17cc00 JavaThread "FastSlayerFoodScript-7" [_thread_blocked, id=271619, stack(0x0000000310b07000,0x0000000310c07000)]
  0x00007fc71cfdc200 JavaThread "FastSlayerPrayerScript-9" [_thread_blocked, id=272203, stack(0x0000000310c0a000,0x0000000310d0a000)]
  0x00007fc6cb873e00 JavaThread "FastSlayerAttackScript-8" [_thread_blocked, id=336411, stack(0x0000000310d0d000,0x0000000310e0d000)]
  0x00007fc6cc257e00 JavaThread "FastSlayerPotionScript-8" [_thread_blocked, id=272459, stack(0x0000000310e10000,0x0000000310f10000)]
  0x00007fc6cc259c00 JavaThread "FastSlayerBuryScript-8" [_thread_blocked, id=272899, stack(0x0000000310f13000,0x0000000311013000)]
  0x00007fc71cfe9000 JavaThread "FastSlayerSafetyScript-8" [_thread_blocked, id=335875, stack(0x0000000311016000,0x0000000311116000)]
  0x00007fc71cfdc800 JavaThread "FastSlayerFoodScript-8" [_thread_blocked, id=335363, stack(0x0000000311119000,0x0000000311219000)]
  0x00007fc71cb86c00 JavaThread "FastSlayerIceCoolerScript-8" [_thread_blocked, id=334851, stack(0x000000031121c000,0x000000031131c000)]
  0x00007fc71d3cae00 JavaThread "FastSlayerSpecialAttackScript-6" [_thread_blocked, id=273683, stack(0x000000031131f000,0x000000031141f000)]
  0x00007fc71d3b2000 JavaThread "FastSlayerPrayerScript-10" [_thread_blocked, id=273923, stack(0x0000000311422000,0x0000000311522000)]
  0x00007fc71b78d000 JavaThread "FastSlayerAttackScript-9" [_thread_blocked, id=274179, stack(0x0000000311525000,0x0000000311625000)]
  0x00007fc6de299400 JavaThread "FastSlayerIceCoolerScript-9" [_thread_blocked, id=333323, stack(0x0000000311628000,0x0000000311728000)]
  0x00007fc6cb89a200 JavaThread "FastSlayerPotionScript-9" [_thread_blocked, id=275043, stack(0x000000031172b000,0x000000031182b000)]
  0x00007fc71d33b200 JavaThread "FastSlayerBuryScript-9" [_thread_blocked, id=275459, stack(0x000000031182e000,0x000000031192e000)]
  0x00007fc71d33ac00 JavaThread "FastSlayerSafetyScript-9" [_thread_blocked, id=332863, stack(0x0000000311931000,0x0000000311a31000)]
  0x00007fc6cd008800 JavaThread "FastSlayerFoodScript-9" [_thread_blocked, id=332291, stack(0x0000000311a34000,0x0000000311b34000)]
  0x00007fc71b715800 JavaThread "BreakHandlerScript-4" [_thread_blocked, id=332083, stack(0x0000000311b37000,0x0000000311c37000)]
  0x00007fc71cd18000 JavaThread "FastSlayerScript-3" [_thread_blocked, id=332003, stack(0x0000000311c3a000,0x0000000311d3a000)]
  0x00007fc71d4cd200 JavaThread "FastSlayerAttackScript-10" [_thread_blocked, id=331695, stack(0x0000000311d3d000,0x0000000311e3d000)]
  0x00007fc71ccfe600 JavaThread "FastSlayerIceCoolerScript-10" [_thread_blocked, id=276995, stack(0x0000000311e40000,0x0000000311f40000)]
  0x00007fc71ccfd200 JavaThread "FastSlayerPotionScript-10" [_thread_blocked, id=331011, stack(0x0000000311f43000,0x0000000312043000)]
  0x00007fc71ccfec00 JavaThread "FastSlayerBuryScript-10" [_thread_blocked, id=277507, stack(0x0000000312046000,0x0000000312146000)]
  0x00007fc71b78b000 JavaThread "FastSlayerFoodScript-10" [_thread_blocked, id=330755, stack(0x0000000312149000,0x0000000312249000)]
  0x00007fc71cb96600 JavaThread "FastSlayerSafetyScript-10" [_thread_blocked, id=278275, stack(0x000000031224c000,0x000000031234c000)]
  0x00007fc6cbced000 JavaThread "FastSlayerSpecialAttackScript-7" [_thread_blocked, id=278739, stack(0x000000031234f000,0x000000031244f000)]
  0x00007fc71d579a00 JavaThread "FastSlayerScript-4" [_thread_blocked, id=330291, stack(0x0000000312452000,0x0000000312552000)]
  0x00007fc6de297200 JavaThread "BreakHandlerScript-5" [_thread_blocked, id=279639, stack(0x0000000312555000,0x0000000312655000)]
  0x00007fc6cc25aa00 JavaThread "FastSlayerScript-5" [_thread_blocked, id=280067, stack(0x0000000312658000,0x0000000312758000)]
  0x00007fc71b78b600 JavaThread "FastSlayerSpecialAttackScript-8" [_thread_blocked, id=328655, stack(0x000000031275b000,0x000000031285b000)]
  0x00007fc6cb858200 JavaThread "FastSlayerScript-6" [_thread_blocked, id=280723, stack(0x000000031285e000,0x000000031295e000)]
  0x00007fc6de297800 JavaThread "BreakHandlerScript-6" [_thread_blocked, id=328195, stack(0x0000000312961000,0x0000000312a61000)]
  0x00007fc71d5e2800 JavaThread "FastSlayerSpecialAttackScript-9" [_thread_blocked, id=327595, stack(0x0000000312a64000,0x0000000312b64000)]
  0x00007fc6de297e00 JavaThread "FastSlayerScript-7" [_thread_blocked, id=281887, stack(0x0000000312b67000,0x0000000312c67000)]
  0x00007fc6cc25a200 JavaThread "BreakHandlerScript-7" [_thread_blocked, id=282855, stack(0x0000000312c6a000,0x0000000312d6a000)]
  0x00007fc6cb858800 JavaThread "FastSlayerScript-8" [_thread_blocked, id=327219, stack(0x0000000312d6d000,0x0000000312e6d000)]
  0x00007fc71d57a000 JavaThread "FastSlayerSpecialAttackScript-10" [_thread_blocked, id=190787, stack(0x0000000309b19000,0x0000000309c19000)]
  0x00007fc6cc0a5800 JavaThread "FastSlayerScript-9" [_thread_blocked, id=243315, stack(0x0000000312e70000,0x0000000312f70000)]
  0x00007fc6dc80be00 JavaThread "BreakHandlerScript-8" [_thread_blocked, id=107923, stack(0x0000000308654000,0x0000000308754000)]
  0x00007fc71b011c00 JavaThread "FastSlayerScript-10" [_thread_blocked, id=326915, stack(0x0000000312f73000,0x0000000313073000)]
  0x00007fc71b572800 JavaThread "BreakHandlerScript-9" [_thread_blocked, id=284555, stack(0x0000000313076000,0x0000000313176000)]
  0x00007fc71ccf4000 JavaThread "BreakHandlerScript-10" [_thread_blocked, id=326435, stack(0x0000000313179000,0x0000000313279000)]
  0x00007fc71dc43400 JavaThread "Map Loader" daemon [_thread_blocked, id=321243, stack(0x0000000313585000,0x0000000313685000)]
  0x00007fc6de55ec00 JavaThread "Microbot-BlockingEvent" daemon [_thread_blocked, id=289603, stack(0x0000000307f3f000,0x000000030803f000)]
  0x00007fc6cd1e3600 JavaThread "pool-5-thread-1" [_thread_blocked, id=317699, stack(0x000000031327c000,0x000000031337c000)]
  0x00007fc6cd026400 JavaThread "NmzScript-1" [_thread_blocked, id=318303, stack(0x0000000313688000,0x0000000313788000)]
  0x00007fc6cc2ff800 JavaThread "pool-6-thread-1" [_thread_blocked, id=113379, stack(0x000000031388e000,0x000000031398e000)]
  0x00007fc6cefffa00 JavaThread "pool-6-thread-2" [_thread_blocked, id=297343, stack(0x0000000313991000,0x0000000313a91000)]
  0x00007fc6cf378e00 JavaThread "NmzScript-2" [_thread_blocked, id=298003, stack(0x000000031378b000,0x000000031388b000)]
  0x00007fc6fb380600 JavaThread "NmzScript-3" [_thread_blocked, id=315919, stack(0x000000030782a000,0x000000030792a000)]
  0x00007fc6cbce4e00 JavaThread "NmzScript-4" [_thread_blocked, id=210347, stack(0x0000000308145000,0x0000000308245000)]
  0x00007fc6cf00d400 JavaThread "PrayerPotionScript-1" [_thread_blocked, id=62855, stack(0x0000000313b97000,0x0000000313c97000)]
  0x00007fc6ced1ae00 JavaThread "PrayerPotionScript-2" [_thread_blocked, id=96007, stack(0x0000000313c9a000,0x0000000313d9a000)]
  0x00007fc6cef92a00 JavaThread "PrayerPotionScript-3" [_thread_blocked, id=122699, stack(0x0000000313d9d000,0x0000000313e9d000)]
  0x00007fc6cf86ec00 JavaThread "PrayerPotionScript-4" [_thread_blocked, id=97147, stack(0x0000000313ea0000,0x0000000313fa0000)]
  0x00007fc6fb359a00 JavaThread "PrayerPotionScript-5" [_thread_blocked, id=96663, stack(0x0000000313fa3000,0x00000003140a3000)]
  0x00007fc6defe4600 JavaThread "PrayerPotionScript-6" [_thread_blocked, id=292123, stack(0x00000003140a6000,0x00000003141a6000)]
  0x00007fc6cf6e8c00 JavaThread "PrayerPotionScript-7" [_thread_blocked, id=311491, stack(0x00000003141a9000,0x00000003142a9000)]
  0x00007fc6ced35800 JavaThread "PrayerPotionScript-8" [_thread_blocked, id=287331, stack(0x00000003142ac000,0x00000003143ac000)]
  0x00007fc6fb4b1c00 JavaThread "PrayerPotionScript-9" [_thread_blocked, id=310979, stack(0x00000003143af000,0x00000003144af000)]
  0x00007fc6def9c600 JavaThread "PrayerPotionScript-10" [_thread_blocked, id=310431, stack(0x00000003144b2000,0x00000003145b2000)]
  0x00007fc71d1c2200 JavaThread "NmzScript-5" [_thread_blocked, id=310107, stack(0x00000003145b5000,0x00000003146b5000)]
  0x00007fc71d221c00 JavaThread "NmzScript-6" [_thread_blocked, id=299635, stack(0x00000003146b8000,0x00000003147b8000)]
  0x00007fc6cf7d9e00 JavaThread "NmzScript-7" [_thread_blocked, id=299855, stack(0x00000003147bb000,0x00000003148bb000)]
  0x00007fc71c04d200 JavaThread "NmzScript-8" [_thread_blocked, id=301387, stack(0x0000000314ac4000,0x0000000314bc4000)]
  0x00007fc6cece5a00 JavaThread "NmzScript-9" [_thread_blocked, id=301827, stack(0x0000000314bc7000,0x0000000314cc7000)]
  0x00007fc6de039c00 JavaThread "NmzScript-10" [_thread_blocked, id=302151, stack(0x0000000314cca000,0x0000000314dca000)]
  0x00007fc6ce4df200 JavaThread "FastAlchScript-1" [_thread_blocked, id=300567, stack(0x000000030c936000,0x000000030ca36000)]
  0x00007fc71b779800 JavaThread "FastSlayerScript-1" [_thread_blocked, id=524131, stack(0x0000000313a94000,0x0000000313b94000)]
  0x00007fc71b081200 JavaThread "FastSlayerAttackScript-1" [_thread_blocked, id=523715, stack(0x00000003149c1000,0x0000000314ac1000)]
  0x00007fc71b0efc00 JavaThread "FastSlayerFoodScript-1" [_thread_blocked, id=316807, stack(0x0000000314dcd000,0x0000000314ecd000)]
  0x00007fc71b6eae00 JavaThread "FastSlayerAttackScript-2" [_thread_blocked, id=183539, stack(0x0000000314ed0000,0x0000000314fd0000)]
  0x00007fc71b012200 JavaThread "FastSlayerFoodScript-2" [_thread_blocked, id=117371, stack(0x0000000314fd3000,0x00000003150d3000)]
  0x00007fc71d493c00 JavaThread "FastSlayerPotionScript-1" [_thread_blocked, id=355059, stack(0x00000003150d6000,0x00000003151d6000)]
  0x00007fc71c7f8600 JavaThread "FastSlayerPotionScript-2" [_thread_blocked, id=355343, stack(0x00000003151d9000,0x00000003152d9000)]
  0x00007fc71d77de00 JavaThread "FastSlayerPrayerScript-1" [_thread_blocked, id=518927, stack(0x00000003152dc000,0x00000003153dc000)]
  0x00007fc71d1cba00 JavaThread "FastSlayerPrayerScript-2" [_thread_blocked, id=355587, stack(0x00000003153df000,0x00000003154df000)]
  0x00007fc6cff72e00 JavaThread "FastSlayerBuryScript-1" [_thread_blocked, id=355843, stack(0x00000003154e2000,0x00000003155e2000)]
  0x00007fc6cff73400 JavaThread "FastSlayerBuryScript-2" [_thread_blocked, id=518403, stack(0x00000003155e5000,0x00000003156e5000)]
  0x00007fc71c3cee00 JavaThread "FastSlayerLootScript-1" [_thread_blocked, id=356355, stack(0x00000003156e8000,0x00000003157e8000)]
  0x00007fc71c822200 JavaThread "FastSlayerLootScript-2" [_thread_blocked, id=517891, stack(0x00000003157eb000,0x00000003158eb000)]
  0x00007fc71c439000 JavaThread "FastSlayerSpecialAttackScript-1" [_thread_blocked, id=517379, stack(0x00000003158ee000,0x00000003159ee000)]
  0x00007fc71d8bba00 JavaThread "FastSlayerSpecialAttackScript-2" [_thread_blocked, id=516867, stack(0x00000003159f1000,0x0000000315af1000)]
  0x00007fc71d8bc000 JavaThread "FastSlayerFlickerScript-1" [_thread_blocked, id=356867, stack(0x0000000315af4000,0x0000000315bf4000)]
  0x00007fc71caa4200 JavaThread "FastSlayerFlickerScript-2" [_thread_blocked, id=357123, stack(0x0000000315bf7000,0x0000000315cf7000)]
  0x00007fc71d8bc600 JavaThread "FastSlayerIceCoolerScript-1" [_thread_blocked, id=516099, stack(0x0000000315cfa000,0x0000000315dfa000)]
  0x00007fc71cdede00 JavaThread "FastSlayerIceCoolerScript-2" [_thread_blocked, id=357635, stack(0x0000000315dfd000,0x0000000315efd000)]
  0x00007fc6cf7dae00 JavaThread "FastSlayerSafetyScript-1" [_thread_blocked, id=515331, stack(0x0000000315f00000,0x0000000316000000)]
  0x00007fc6cf652000 JavaThread "FastSlayerSafetyScript-2" [_thread_blocked, id=357891, stack(0x0000000316003000,0x0000000316103000)]
  0x00007fc71dec8a00 JavaThread "FastSlayerLootScript-3" [_thread_blocked, id=358695, stack(0x0000000316106000,0x0000000316206000)]
  0x00007fc71d3cba00 JavaThread "FastSlayerFlickerScript-3" [_thread_blocked, id=514307, stack(0x0000000316209000,0x0000000316309000)]
  0x00007fc71c465400 JavaThread "FastSlayerLootScript-4" [_thread_blocked, id=359627, stack(0x000000031630c000,0x000000031640c000)]
  0x00007fc71c2ac800 JavaThread "FastSlayerFlickerScript-4" [_thread_blocked, id=359683, stack(0x000000031640f000,0x000000031650f000)]
  0x00007fc71d3cc000 JavaThread "FastSlayerPrayerScript-3" [_thread_blocked, id=513059, stack(0x0000000316512000,0x0000000316612000)]
  0x00007fc71d86ee00 JavaThread "FastSlayerFoodScript-3" [_thread_blocked, id=512875, stack(0x0000000316615000,0x0000000316715000)]
  0x00007fc71c887a00 JavaThread "FastSlayerAttackScript-3" [_thread_blocked, id=360451, stack(0x0000000316718000,0x0000000316818000)]
  0x00007fc6cf008200 JavaThread "FastSlayerBuryScript-3" [_thread_blocked, id=512259, stack(0x000000031681b000,0x000000031691b000)]
  0x00007fc6cc4d3000 JavaThread "FastSlayerSafetyScript-3" [_thread_blocked, id=360963, stack(0x000000031691e000,0x0000000316a1e000)]
  0x00007fc6cf008800 JavaThread "FastSlayerIceCoolerScript-3" [_thread_blocked, id=361219, stack(0x0000000316a21000,0x0000000316b21000)]
  0x00007fc71d86f400 JavaThread "FastSlayerPotionScript-3" [_thread_blocked, id=511491, stack(0x0000000316b24000,0x0000000316c24000)]
  0x00007fc71d86fa00 JavaThread "FastSlayerFlickerScript-5" [_thread_blocked, id=511239, stack(0x0000000316c27000,0x0000000316d27000)]
  0x00007fc6cffb4400 JavaThread "FastSlayerLootScript-5" [_thread_blocked, id=510979, stack(0x0000000316d2a000,0x0000000316e2a000)]
  0x00007fc71c36d600 JavaThread "FastSlayerFlickerScript-6" [_thread_blocked, id=510631, stack(0x0000000316e2d000,0x0000000316f2d000)]
  0x00007fc6cf3b2800 JavaThread "FastSlayerLootScript-6" [_thread_blocked, id=509955, stack(0x0000000316f30000,0x0000000317030000)]
  0x00007fc71c28b200 JavaThread "FastSlayerPrayerScript-4" [_thread_blocked, id=509467, stack(0x0000000317033000,0x0000000317133000)]
  0x00007fc6cfa26a00 JavaThread "FastSlayerSpecialAttackScript-3" [_thread_blocked, id=362755, stack(0x0000000317136000,0x0000000317236000)]
  0x00007fc6cf87e400 JavaThread "FastSlayerLootScript-7" [_thread_blocked, id=363267, stack(0x0000000317239000,0x0000000317339000)]
  0x00007fc6cbeda400 JavaThread "FastSlayerFlickerScript-7" [_thread_blocked, id=363779, stack(0x000000031733c000,0x000000031743c000)]
  0x00007fc71cd19200 JavaThread "FastSlayerFoodScript-4" [_thread_blocked, id=364403, stack(0x000000031743f000,0x000000031753f000)]
  0x00007fc71dec8200 JavaThread "FastSlayerAttackScript-4" [_thread_blocked, id=364803, stack(0x0000000317542000,0x0000000317642000)]
  0x00007fc6cfa25e00 JavaThread "FastSlayerPotionScript-4" [_thread_blocked, id=365059, stack(0x0000000317645000,0x0000000317745000)]
  0x00007fc6cf008e00 JavaThread "FastSlayerBuryScript-4" [_thread_blocked, id=508931, stack(0x0000000317748000,0x0000000317848000)]
  0x00007fc6cf009400 JavaThread "FastSlayerIceCoolerScript-4" [_thread_blocked, id=365571, stack(0x000000031784b000,0x000000031794b000)]
  0x00007fc6cf47fc00 JavaThread "FastSlayerSafetyScript-4" [_thread_blocked, id=365827, stack(0x000000031794e000,0x0000000317a4e000)]
  0x00007fc6fb53fa00 JavaThread "FastSlayerFlickerScript-8" [_thread_blocked, id=507907, stack(0x0000000317a51000,0x0000000317b51000)]
  0x00007fc71dcb7600 JavaThread "FastSlayerLootScript-8" [_thread_blocked, id=507395, stack(0x0000000317b54000,0x0000000317c54000)]
  0x00007fc71c53bc00 JavaThread "FastSlayerLootScript-9" [_thread_blocked, id=507195, stack(0x0000000317c57000,0x0000000317d57000)]
  0x00007fc6cf480200 JavaThread "FastSlayerFlickerScript-9" [_thread_blocked, id=366595, stack(0x0000000317d5a000,0x0000000317e5a000)]
  0x00007fc6cf628000 JavaThread "FastSlayerPrayerScript-5" [_thread_blocked, id=506931, stack(0x0000000317e5d000,0x0000000317f5d000)]
  0x00007fc71c53b000 JavaThread "FastSlayerFlickerScript-10" [_thread_blocked, id=506627, stack(0x0000000317f60000,0x0000000318060000)]
  0x00007fc71cf43000 JavaThread "FastSlayerLootScript-10" [_thread_blocked, id=506371, stack(0x0000000318063000,0x0000000318163000)]
  0x00007fc6cc4b0600 JavaThread "FastSlayerFoodScript-5" [_thread_blocked, id=505943, stack(0x0000000318166000,0x0000000318266000)]
  0x00007fc71c53b600 JavaThread "FastSlayerAttackScript-5" [_thread_blocked, id=505347, stack(0x0000000318269000,0x0000000318369000)]
  0x00007fc71c584a00 JavaThread "FastSlayerPotionScript-5" [_thread_blocked, id=504835, stack(0x000000031836c000,0x000000031846c000)]
  0x00007fc71ccfba00 JavaThread "FastSlayerBuryScript-5" [_thread_blocked, id=367875, stack(0x000000031846f000,0x000000031856f000)]
  0x00007fc71ccfc000 JavaThread "FastSlayerSafetyScript-5" [_thread_blocked, id=504067, stack(0x0000000318572000,0x0000000318672000)]
  0x00007fc71dcb6e00 JavaThread "FastSlayerIceCoolerScript-5" [_thread_blocked, id=503555, stack(0x0000000318675000,0x0000000318775000)]
  0x00007fc6fb53c800 JavaThread "FastSlayerSpecialAttackScript-4" [_thread_blocked, id=503139, stack(0x0000000318778000,0x0000000318878000)]
  0x00007fc71dcb7c00 JavaThread "FastSlayerPrayerScript-6" [_thread_blocked, id=502531, stack(0x000000031887b000,0x000000031897b000)]
  0x00007fc71cf44200 JavaThread "FastSlayerFoodScript-6" [_thread_blocked, id=502275, stack(0x000000031897e000,0x0000000318a7e000)]
  0x00007fc71dcb8200 JavaThread "FastSlayerAttackScript-6" [_thread_blocked, id=501763, stack(0x0000000318a81000,0x0000000318b81000)]
  0x00007fc6cfa26400 JavaThread "FastSlayerIceCoolerScript-6" [_thread_blocked, id=369183, stack(0x0000000318b84000,0x0000000318c84000)]
  0x00007fc6fb726200 JavaThread "FastSlayerPotionScript-6" [_thread_blocked, id=369411, stack(0x0000000318c87000,0x0000000318d87000)]
  0x00007fc6cc2ff000 JavaThread "FastSlayerBuryScript-6" [_thread_blocked, id=369923, stack(0x0000000318d8a000,0x0000000318e8a000)]
  0x00007fc6fb720a00 JavaThread "FastSlayerSafetyScript-6" [_thread_blocked, id=500739, stack(0x0000000318e8d000,0x0000000318f8d000)]
  0x00007fc6cb8a5c00 JavaThread "FastSlayerPrayerScript-7" [_thread_blocked, id=370211, stack(0x0000000318f90000,0x0000000319090000)]
  0x00007fc6cf4d2e00 JavaThread "FastSlayerSpecialAttackScript-5" [_thread_blocked, id=370763, stack(0x0000000319093000,0x0000000319193000)]
  0x00007fc6cf4d3400 JavaThread "FastSlayerAttackScript-7" [_thread_blocked, id=499971, stack(0x0000000319196000,0x0000000319296000)]
  0x00007fc6cf3b1c00 JavaThread "FastSlayerFoodScript-7" [_thread_blocked, id=371203, stack(0x0000000319299000,0x0000000319399000)]
  0x00007fc71b05da00 JavaThread "FastSlayerPrayerScript-8" [_thread_blocked, id=371715, stack(0x000000031939c000,0x000000031949c000)]
  0x00007fc6cbd96800 JavaThread "FastSlayerIceCoolerScript-7" [_thread_blocked, id=499715, stack(0x000000031949f000,0x000000031959f000)]
  0x00007fc71c585000 JavaThread "FastSlayerSafetyScript-7" [_thread_blocked, id=372227, stack(0x00000003195a2000,0x00000003196a2000)]
  0x00007fc6cff73a00 JavaThread "FastSlayerPotionScript-7" [_thread_blocked, id=499203, stack(0x00000003196a5000,0x00000003197a5000)]
  0x00007fc6cf3b2200 JavaThread "FastSlayerBuryScript-7" [_thread_blocked, id=372739, stack(0x00000003197a8000,0x00000003198a8000)]
  0x00007fc71d669e00 JavaThread "FastSlayerPrayerScript-9" [_thread_blocked, id=373459, stack(0x00000003198ab000,0x00000003199ab000)]
  0x00007fc71c287e00 JavaThread "FastSlayerFoodScript-8" [_thread_blocked, id=498219, stack(0x00000003199ae000,0x0000000319aae000)]
  0x00007fc6cfd73200 JavaThread "FastSlayerAttackScript-8" [_thread_blocked, id=373763, stack(0x0000000319ab1000,0x0000000319bb1000)]
  0x00007fc6cbb36e00 JavaThread "FastSlayerSafetyScript-8" [_thread_blocked, id=497667, stack(0x0000000319bb4000,0x0000000319cb4000)]
  0x00007fc6fb675400 JavaThread "FastSlayerIceCoolerScript-8" [_thread_blocked, id=497155, stack(0x0000000319cb7000,0x0000000319db7000)]
  0x00007fc6cc49ba00 JavaThread "FastSlayerPotionScript-8" [_thread_blocked, id=496643, stack(0x0000000319dba000,0x0000000319eba000)]
  0x00007fc6cfd73800 JavaThread "FastSlayerBuryScript-8" [_thread_blocked, id=374531, stack(0x0000000319ebd000,0x0000000319fbd000)]
  0x00007fc6cfd74800 JavaThread "FastSlayerSpecialAttackScript-6" [_thread_blocked, id=496515, stack(0x0000000319fc0000,0x000000031a0c0000)]
  0x00007fc71d664a00 JavaThread "FastSlayerPrayerScript-10" [_thread_blocked, id=375067, stack(0x000000031a0c3000,0x000000031a1c3000)]
  0x00007fc71b778c00 JavaThread "FastSlayerFoodScript-9" [_thread_blocked, id=375583, stack(0x000000031a1c6000,0x000000031a2c6000)]
  0x00007fc71b779200 JavaThread "FastSlayerAttackScript-9" [_thread_blocked, id=495619, stack(0x000000031a2c9000,0x000000031a3c9000)]
  0x00007fc6cbb62800 JavaThread "FastSlayerIceCoolerScript-9" [_thread_blocked, id=495107, stack(0x000000031a3cc000,0x000000031a4cc000)]
  0x00007fc6cfd73e00 JavaThread "FastSlayerPotionScript-9" [_thread_blocked, id=376067, stack(0x000000031a4cf000,0x000000031a5cf000)]
  0x00007fc71d665000 JavaThread "FastSlayerSafetyScript-9" [_thread_blocked, id=494851, stack(0x000000031a5d2000,0x000000031a6d2000)]
  0x00007fc6fb42aa00 JavaThread "FastSlayerBuryScript-9" [_thread_blocked, id=376579, stack(0x000000031a6d5000,0x000000031a7d5000)]
  0x00007fc71d663e00 JavaThread "FastSlayerFoodScript-10" [_thread_blocked, id=494535, stack(0x000000031a7d8000,0x000000031a8d8000)]
  0x00007fc6cfbd4e00 JavaThread "FastSlayerPotionScript-10" [_thread_blocked, id=494083, stack(0x000000031a8db000,0x000000031a9db000)]
  0x00007fc6fb64b000 JavaThread "FastSlayerAttackScript-10" [_thread_blocked, id=377347, stack(0x000000031a9de000,0x000000031aade000)]
  0x00007fc6cc7fbe00 JavaThread "FastSlayerIceCoolerScript-10" [_thread_blocked, id=377859, stack(0x000000031aae1000,0x000000031abe1000)]
  0x00007fc71d664400 JavaThread "FastSlayerSafetyScript-10" [_thread_blocked, id=378371, stack(0x000000031abe4000,0x000000031ace4000)]
  0x00007fc6cfbd8000 JavaThread "FastSlayerBuryScript-10" [_thread_blocked, id=379307, stack(0x000000031ace7000,0x000000031ade7000)]
  0x00007fc71c573400 JavaThread "FastSlayerSpecialAttackScript-7" [_thread_blocked, id=379411, stack(0x000000031adea000,0x000000031aeea000)]
  0x00007fc6fb338c00 JavaThread "FastSlayerSpecialAttackScript-8" [_thread_blocked, id=380163, stack(0x000000031aeed000,0x000000031afed000)]
  0x00007fc6cfbd5400 JavaThread "FastSlayerSpecialAttackScript-9" [_thread_blocked, id=109247, stack(0x000000031aff0000,0x000000031b0f0000)]
  0x00007fc71d668e00 JavaThread "FastSlayerSpecialAttackScript-10" [_thread_blocked, id=304547, stack(0x000000031b0f3000,0x000000031b1f3000)]
  0x00007fc6ce61b200 JavaThread "FastSlayerScript-2" [_thread_blocked, id=492891, stack(0x000000031b1f6000,0x000000031b2f6000)]
  0x00007fc71d6eb600 JavaThread "FastSlayerScript-3" [_thread_blocked, id=352319, stack(0x000000031b2f9000,0x000000031b3f9000)]
  0x00007fc71d6ebc00 JavaThread "FastSlayerScript-4" [_thread_blocked, id=114507, stack(0x0000000308042000,0x0000000308142000)]
  0x00007fc71ccfcc00 JavaThread "FastSlayerScript-5" [_thread_blocked, id=490935, stack(0x000000031b3fc000,0x000000031b4fc000)]
  0x00007fc6cc1fd000 JavaThread "FastSlayerScript-6" [_thread_blocked, id=385267, stack(0x000000031b4ff000,0x000000031b5ff000)]
  0x00007fc6cf9fba00 JavaThread "FastSlayerScript-7" [_thread_blocked, id=384579, stack(0x000000031b602000,0x000000031b702000)]
  0x00007fc6cc497600 JavaThread "FastSlayerScript-8" [_thread_blocked, id=385731, stack(0x000000031b705000,0x000000031b805000)]
  0x00007fc6cbc94a00 JavaThread "FastSlayerScript-9" [_thread_blocked, id=385859, stack(0x000000031b808000,0x000000031b908000)]
  0x00007fc6cbc95600 JavaThread "FastSlayerScript-10" [_thread_blocked, id=490019, stack(0x000000031b90b000,0x000000031ba0b000)]
  0x00007fc6cbacd400 JavaThread "FastSlayerScript-1" [_thread_blocked, id=393363, stack(0x00000003089e6000,0x0000000308ae6000)]
  0x00007fc6dd022800 JavaThread "FastSlayerAttackScript-1" [_thread_blocked, id=395739, stack(0x000000031be1a000,0x000000031bf1a000)]
  0x00007fc6cc7fa400 JavaThread "FastSlayerAttackScript-2" [_thread_blocked, id=394871, stack(0x000000031bf1d000,0x000000031c01d000)]
  0x00007fc6ce61a200 JavaThread "FastSlayerFoodScript-1" [_thread_blocked, id=296755, stack(0x000000031c020000,0x000000031c120000)]
  0x00007fc6ce523200 JavaThread "FastSlayerFoodScript-2" [_thread_blocked, id=148823, stack(0x000000031c123000,0x000000031c223000)]
  0x00007fc6cc079400 JavaThread "FastSlayerPotionScript-1" [_thread_blocked, id=393687, stack(0x000000031c226000,0x000000031c326000)]
  0x00007fc6cc1ba400 JavaThread "FastSlayerPotionScript-2" [_thread_blocked, id=395347, stack(0x000000031c329000,0x000000031c429000)]
  0x00007fc6cffe1800 JavaThread "FastSlayerPrayerScript-1" [_thread_blocked, id=521491, stack(0x000000031c42c000,0x000000031c52c000)]
  0x00007fc6cc2a1800 JavaThread "FastSlayerPrayerScript-2" [_thread_blocked, id=481307, stack(0x000000031c52f000,0x000000031c62f000)]
  0x00007fc6dc817c00 JavaThread "FastSlayerBuryScript-1" [_thread_blocked, id=482815, stack(0x000000031c632000,0x000000031c732000)]
  0x00007fc6ce4d1200 JavaThread "FastSlayerBuryScript-2" [_thread_blocked, id=397059, stack(0x000000031c735000,0x000000031c835000)]
  0x00007fc6dd00f600 JavaThread "FastSlayerLootScript-1" [_thread_blocked, id=480547, stack(0x000000031c838000,0x000000031c938000)]
  0x00007fc71d1d7e00 JavaThread "FastSlayerLootScript-2" [_thread_blocked, id=484707, stack(0x000000031c93b000,0x000000031ca3b000)]
  0x00007fc71c887400 JavaThread "FastSlayerSpecialAttackScript-1" [_thread_blocked, id=396923, stack(0x000000031ca3e000,0x000000031cb3e000)]
  0x00007fc71d71fa00 JavaThread "FastSlayerSpecialAttackScript-2" [_thread_blocked, id=397827, stack(0x000000031cb41000,0x000000031cc41000)]
  0x00007fc71dcb5600 JavaThread "FastSlayerFlickerScript-1" [_thread_blocked, id=478723, stack(0x000000031cc44000,0x000000031cd44000)]
  0x00007fc71cf3e400 JavaThread "FastSlayerFlickerScript-2" [_thread_blocked, id=398339, stack(0x000000031cd47000,0x000000031ce47000)]
  0x00007fc71c1c3800 JavaThread "FastSlayerIceCoolerScript-1" [_thread_blocked, id=478467, stack(0x000000031ce4a000,0x000000031cf4a000)]
  0x00007fc71d779e00 JavaThread "FastSlayerIceCoolerScript-2" [_thread_blocked, id=477955, stack(0x000000031cf4d000,0x000000031d04d000)]
  0x00007fc6fb728600 JavaThread "FastSlayerLootScript-3" [_thread_blocked, id=399135, stack(0x000000031d050000,0x000000031d150000)]
  0x00007fc71d77a400 JavaThread "FastSlayerFlickerScript-3" [_thread_blocked, id=399619, stack(0x000000031d153000,0x000000031d253000)]
  0x00007fc71c556000 JavaThread "FastSlayerLootScript-4" [_thread_blocked, id=400243, stack(0x000000031d256000,0x000000031d356000)]
  0x00007fc6ce487000 JavaThread "FastSlayerFlickerScript-4" [_thread_blocked, id=477443, stack(0x000000031d359000,0x000000031d459000)]
  0x00007fc6cbb20600 JavaThread "FastSlayerPrayerScript-3" [_thread_blocked, id=400655, stack(0x000000031d45c000,0x000000031d55c000)]
  0x00007fc6cfd6de00 JavaThread "FastSlayerAttackScript-3" [_thread_blocked, id=476979, stack(0x000000031d55f000,0x000000031d65f000)]
  0x00007fc6cba4a800 JavaThread "FastSlayerBuryScript-3" [_thread_blocked, id=401155, stack(0x000000031d662000,0x000000031d762000)]
  0x00007fc71d8b8800 JavaThread "FastSlayerFoodScript-3" [_thread_blocked, id=401411, stack(0x000000031d765000,0x000000031d865000)]
  0x00007fc71d8b8e00 JavaThread "FastSlayerPotionScript-3" [_thread_blocked, id=401667, stack(0x000000031d868000,0x000000031d968000)]
  0x00007fc71d459000 JavaThread "FastSlayerIceCoolerScript-3" [_thread_blocked, id=476163, stack(0x000000031d96b000,0x000000031da6b000)]
  0x00007fc71d459600 JavaThread "FastSlayerLootScript-5" [_thread_blocked, id=475967, stack(0x000000031da6e000,0x000000031db6e000)]
  0x00007fc71d8ffc00 JavaThread "FastSlayerFlickerScript-5" [_thread_blocked, id=402691, stack(0x000000031db71000,0x000000031dc71000)]
  0x00007fc71d900200 JavaThread "FastSlayerScript-2" [_thread_blocked, id=403059, stack(0x000000031dc74000,0x000000031dd74000)]
  0x00007fc6ce487600 JavaThread "FastSlayerLootScript-6" [_thread_blocked, id=475443, stack(0x000000031dd77000,0x000000031de77000)]
  0x00007fc6cf626000 JavaThread "FastSlayerFlickerScript-6" [_thread_blocked, id=474883, stack(0x000000031de7a000,0x000000031df7a000)]
  0x00007fc6de549a00 JavaThread "FastSlayerSpecialAttackScript-3" [_thread_blocked, id=403555, stack(0x000000031df7d000,0x000000031e07d000)]
  0x00007fc6cf192400 JavaThread "FastSlayerPrayerScript-4" [_thread_blocked, id=474115, stack(0x000000031e080000,0x000000031e180000)]
  0x00007fc71c53ca00 JavaThread "FastSlayerLootScript-7" [_thread_blocked, id=403971, stack(0x000000031e183000,0x000000031e283000)]
  0x00007fc71d60b200 JavaThread "FastSlayerFlickerScript-7" [_thread_blocked, id=404231, stack(0x000000031e286000,0x000000031e386000)]
  0x00007fc6fb376200 JavaThread "FastSlayerAttackScript-4" [_thread_blocked, id=473631, stack(0x000000031e389000,0x000000031e489000)]
  0x00007fc6cba64400 JavaThread "FastSlayerIceCoolerScript-4" [_thread_blocked, id=473347, stack(0x000000031e48c000,0x000000031e58c000)]
  0x00007fc6cf95a000 JavaThread "FastSlayerFoodScript-4" [_thread_blocked, id=405251, stack(0x000000031e58f000,0x000000031e68f000)]
  0x00007fc71ccfb400 JavaThread "FastSlayerBuryScript-4" [_thread_blocked, id=405763, stack(0x000000031e692000,0x000000031e792000)]
  0x00007fc71d60b800 JavaThread "FastSlayerPotionScript-4" [_thread_blocked, id=473091, stack(0x000000031e795000,0x000000031e895000)]
  0x00007fc71c7f5800 JavaThread "FastSlayerLootScript-8" [_thread_blocked, id=406531, stack(0x000000031e898000,0x000000031e998000)]
  0x00007fc6fb138400 JavaThread "FastSlayerFlickerScript-8" [_thread_blocked, id=407059, stack(0x000000031e99b000,0x000000031ea9b000)]
  0x00007fc71df42c00 JavaThread "FastSlayerScript-3" [_thread_blocked, id=472335, stack(0x000000031ea9e000,0x000000031eb9e000)]
  0x00007fc6fb138a00 JavaThread "FastSlayerLootScript-9" [_thread_blocked, id=471859, stack(0x000000031eba1000,0x000000031eca1000)]
  0x00007fc6cfa30600 JavaThread "FastSlayerFlickerScript-9" [_thread_blocked, id=471555, stack(0x000000031eca4000,0x000000031eda4000)]
  0x00007fc71c144a00 JavaThread "FastSlayerPrayerScript-5" [_thread_blocked, id=471107, stack(0x000000031eda7000,0x000000031eea7000)]
  0x00007fc6cbc96400 JavaThread "FastSlayerLootScript-10" [_thread_blocked, id=470835, stack(0x000000031eeaa000,0x000000031efaa000)]
  0x00007fc6cf4d4600 JavaThread "FastSlayerFlickerScript-10" [_thread_blocked, id=408067, stack(0x000000031efad000,0x000000031f0ad000)]
  0x00007fc6ce522600 JavaThread "FastSlayerAttackScript-5" [_thread_blocked, id=470323, stack(0x000000031f0b0000,0x000000031f1b0000)]
  0x00007fc6cbc96a00 JavaThread "FastSlayerBuryScript-5" [_thread_blocked, id=408591, stack(0x000000031f1b3000,0x000000031f2b3000)]
  0x00007fc6ce522c00 JavaThread "FastSlayerPotionScript-5" [_thread_blocked, id=469507, stack(0x000000031f2b6000,0x000000031f3b6000)]
  0x00007fc6cf192a00 JavaThread "FastSlayerIceCoolerScript-5" [_thread_blocked, id=408835, stack(0x000000031f3b9000,0x000000031f4b9000)]
  0x00007fc71c56fe00 JavaThread "FastSlayerFoodScript-5" [_thread_blocked, id=409091, stack(0x000000031f4bc000,0x000000031f5bc000)]
  0x00007fc6cc486600 JavaThread "FastSlayerScript-4" [_thread_blocked, id=468803, stack(0x000000031f5bf000,0x000000031f6bf000)]
  0x00007fc71c7f7c00 JavaThread "FastSlayerSpecialAttackScript-4" [_thread_blocked, id=468251, stack(0x000000031f6c2000,0x000000031f7c2000)]
  0x00007fc71c197600 JavaThread "FastSlayerPrayerScript-6" [_thread_blocked, id=467731, stack(0x000000031f7c5000,0x000000031f8c5000)]
  0x00007fc71caa1800 JavaThread "FastSlayerAttackScript-6" [_thread_blocked, id=409911, stack(0x000000031f8c8000,0x000000031f9c8000)]
  0x00007fc71df42000 JavaThread "FastSlayerBuryScript-6" [_thread_blocked, id=410371, stack(0x000000031f9cb000,0x000000031facb000)]
  0x00007fc6ce639e00 JavaThread "FastSlayerIceCoolerScript-6" [_thread_blocked, id=467203, stack(0x000000031face000,0x000000031fbce000)]
  0x00007fc71b139a00 JavaThread "FastSlayerFoodScript-6" [_thread_blocked, id=466691, stack(0x000000031fbd1000,0x000000031fcd1000)]
  0x00007fc71df42600 JavaThread "FastSlayerPotionScript-6" [_thread_blocked, id=466179, stack(0x000000031fcd4000,0x000000031fdd4000)]
  0x00007fc6ce63b000 JavaThread "FastSlayerPrayerScript-7" [_thread_blocked, id=465947, stack(0x000000031fdd7000,0x000000031fed7000)]
  0x00007fc71c57b800 JavaThread "FastSlayerScript-5" [_thread_blocked, id=410907, stack(0x000000031feda000,0x000000031ffda000)]
  0x00007fc6cf528600 JavaThread "FastSlayerSpecialAttackScript-5" [_thread_blocked, id=465155, stack(0x000000031ffdd000,0x00000003200dd000)]
  0x00007fc71c614200 JavaThread "FastSlayerAttackScript-7" [_thread_blocked, id=464899, stack(0x00000003200e0000,0x00000003201e0000)]
  0x00007fc71c7bb200 JavaThread "FastSlayerBuryScript-7" [_thread_blocked, id=411651, stack(0x00000003201e3000,0x00000003202e3000)]
  0x00007fc6de0f9200 JavaThread "FastSlayerFoodScript-7" [_thread_blocked, id=464387, stack(0x00000003202e6000,0x00000003203e6000)]
  0x00007fc6de536e00 JavaThread "FastSlayerIceCoolerScript-7" [_thread_blocked, id=464131, stack(0x00000003203e9000,0x00000003204e9000)]
  0x00007fc6cc59a400 JavaThread "FastSlayerPotionScript-7" [_thread_blocked, id=463875, stack(0x00000003204ec000,0x00000003205ec000)]
  0x00007fc6de23b600 JavaThread "FastSlayerPrayerScript-8" [_thread_blocked, id=463367, stack(0x00000003205ef000,0x00000003206ef000)]
  0x00007fc71c2b5200 JavaThread "FastSlayerPrayerScript-9" [_thread_blocked, id=412943, stack(0x00000003206f2000,0x00000003207f2000)]
  0x00007fc71dbe2a00 JavaThread "FastSlayerAttackScript-8" [_thread_blocked, id=463131, stack(0x00000003207f5000,0x00000003208f5000)]
  0x00007fc6cba18e00 JavaThread "FastSlayerIceCoolerScript-8" [_thread_blocked, id=462851, stack(0x00000003208f8000,0x00000003209f8000)]
  0x00007fc6cf625400 JavaThread "FastSlayerBuryScript-8" [_thread_blocked, id=462595, stack(0x00000003209fb000,0x0000000320afb000)]
  0x00007fc71dbe2200 JavaThread "FastSlayerFoodScript-8" [_thread_blocked, id=462339, stack(0x0000000320afe000,0x0000000320bfe000)]
  0x00007fc6cba19400 JavaThread "FastSlayerPotionScript-8" [_thread_blocked, id=414211, stack(0x0000000320c01000,0x0000000320d01000)]
  0x00007fc6de54aa00 JavaThread "FastSlayerSpecialAttackScript-6" [_thread_blocked, id=414647, stack(0x0000000320d04000,0x0000000320e04000)]
  0x00007fc71d77d000 JavaThread "FastSlayerPrayerScript-10" [_thread_blocked, id=414979, stack(0x0000000320e07000,0x0000000320f07000)]
  0x00007fc6cc48aa00 JavaThread "FastSlayerAttackScript-9" [_thread_blocked, id=415263, stack(0x0000000320f0a000,0x000000032100a000)]
  0x00007fc6fb666c00 JavaThread "FastSlayerFoodScript-9" [_thread_blocked, id=461315, stack(0x000000032100d000,0x000000032110d000)]
  0x00007fc6ce63a400 JavaThread "FastSlayerPotionScript-9" [_thread_blocked, id=415751, stack(0x0000000321110000,0x0000000321210000)]
  0x00007fc6cf960400 JavaThread "FastSlayerBuryScript-9" [_thread_blocked, id=416003, stack(0x0000000321213000,0x0000000321313000)]
  0x00007fc6fb678800 JavaThread "FastSlayerIceCoolerScript-9" [_thread_blocked, id=460547, stack(0x0000000321316000,0x0000000321416000)]
  0x00007fc6fb678e00 JavaThread "FastSlayerAttackScript-10" [_thread_blocked, id=391775, stack(0x0000000321419000,0x0000000321519000)]
  0x00007fc71dea4200 JavaThread "FastSlayerFoodScript-10" [_thread_blocked, id=351795, stack(0x000000032151c000,0x000000032161c000)]
  0x00007fc71c3eea00 JavaThread "FastSlayerPotionScript-10" [_thread_blocked, id=113839, stack(0x000000032161f000,0x000000032171f000)]
  0x00007fc6fb667e00 JavaThread "FastSlayerIceCoolerScript-10" [_thread_blocked, id=416771, stack(0x0000000321722000,0x0000000321822000)]
  0x00007fc71cd3e200 JavaThread "FastSlayerBuryScript-10" [_thread_blocked, id=417027, stack(0x0000000321825000,0x0000000321925000)]
  0x00007fc6fb667200 JavaThread "FastSlayerScript-6" [_thread_blocked, id=459587, stack(0x0000000321928000,0x0000000321a28000)]
  0x00007fc6cf625a00 JavaThread "FastSlayerSpecialAttackScript-7" [_thread_blocked, id=417539, stack(0x0000000321a2b000,0x0000000321b2b000)]
  0x00007fc6fb667800 JavaThread "FastSlayerSpecialAttackScript-8" [_thread_blocked, id=417867, stack(0x0000000321b2e000,0x0000000321c2e000)]
  0x00007fc6de54b000 JavaThread "FastSlayerSpecialAttackScript-9" [_thread_blocked, id=458619, stack(0x0000000321c31000,0x0000000321d31000)]
  0x00007fc6cf196200 JavaThread "FastSlayerScript-7" [_thread_blocked, id=458083, stack(0x0000000321d34000,0x0000000321e34000)]
  0x00007fc6de7dd000 JavaThread "FastSlayerSpecialAttackScript-10" [_thread_blocked, id=457799, stack(0x0000000321e37000,0x0000000321f37000)]
  0x00007fc6cfb24600 JavaThread "FastSlayerScript-8" [_thread_blocked, id=418659, stack(0x0000000321f3a000,0x000000032203a000)]
  0x00007fc71dea4800 JavaThread "FastSlayerScript-9" [_thread_blocked, id=423039, stack(0x000000032203d000,0x000000032213d000)]
  0x00007fc6cd02d600 JavaThread "FastSlayerScript-1" [_thread_blocked, id=297835, stack(0x0000000322140000,0x0000000322240000)]
  0x00007fc6cf20d200 JavaThread "FastSlayerAttackScript-1" [_thread_blocked, id=392779, stack(0x0000000322243000,0x0000000322343000)]
  0x00007fc71da62e00 JavaThread "FastSlayerAttackScript-2" [_thread_blocked, id=394155, stack(0x000000032254c000,0x000000032264c000)]
  0x00007fc6cd031a00 JavaThread "FastSlayerFoodScript-1" [_thread_blocked, id=423259, stack(0x000000032264f000,0x000000032274f000)]
  0x00007fc6fb4ba000 JavaThread "FastSlayerFoodScript-2" [_thread_blocked, id=522531, stack(0x0000000322752000,0x0000000322852000)]
  0x00007fc6fb66ca00 JavaThread "FastSlayerPotionScript-1" [_thread_blocked, id=50827, stack(0x0000000322855000,0x0000000322955000)]
  0x00007fc6cbb36200 JavaThread "FastSlayerPotionScript-2" [_thread_blocked, id=480335, stack(0x0000000322958000,0x0000000322a58000)]
  0x00007fc6cd58e400 JavaThread "FastSlayerPrayerScript-1" [_thread_blocked, id=480783, stack(0x0000000322a5b000,0x0000000322b5b000)]
  0x00007fc71b70b000 JavaThread "FastSlayerPrayerScript-2" [_thread_blocked, id=481235, stack(0x0000000322b5e000,0x0000000322c5e000)]
  0x00007fc71d360a00 JavaThread "FastSlayerBuryScript-1" [_thread_blocked, id=396051, stack(0x0000000322c61000,0x0000000322d61000)]
  0x00007fc71d3c1600 JavaThread "FastSlayerBuryScript-2" [_thread_blocked, id=455235, stack(0x0000000322d64000,0x0000000322e64000)]
  0x00007fc6fb7bda00 JavaThread "FastSlayerLootScript-1" [_thread_blocked, id=423627, stack(0x0000000322e67000,0x0000000322f67000)]
  0x00007fc71b619e00 JavaThread "FastSlayerLootScript-2" [_thread_blocked, id=155227, stack(0x0000000322f6a000,0x000000032306a000)]
  0x00007fc71b61a400 JavaThread "FastSlayerSpecialAttackScript-1" [_thread_blocked, id=520867, stack(0x000000032306d000,0x000000032316d000)]
  0x00007fc6fb4b5000 JavaThread "FastSlayerSpecialAttackScript-2" [_thread_blocked, id=451371, stack(0x0000000323170000,0x0000000323270000)]
  0x00007fc71d3c1c00 JavaThread "FastSlayerFlickerScript-1" [_thread_blocked, id=452151, stack(0x0000000323273000,0x0000000323373000)]
  0x00007fc71b61aa00 JavaThread "FastSlayerFlickerScript-2" [_thread_blocked, id=450627, stack(0x0000000323376000,0x0000000323476000)]
  0x00007fc6cf524e00 JavaThread "FastSlayerIceCoolerScript-1" [_thread_blocked, id=450067, stack(0x0000000323479000,0x0000000323579000)]
  0x00007fc71b61b000 JavaThread "FastSlayerIceCoolerScript-2" [_thread_blocked, id=449539, stack(0x000000032357c000,0x000000032367c000)]
  0x00007fc71c1d0000 JavaThread "FastSlayerSafetyScript-1" [_thread_blocked, id=427779, stack(0x000000032367f000,0x000000032377f000)]
  0x00007fc71c1d0600 JavaThread "FastSlayerSafetyScript-2" [_thread_blocked, id=428291, stack(0x0000000323782000,0x0000000323882000)]
  0x00007fc71c743800 JavaThread "FastSlayerLootScript-3" [_thread_blocked, id=429059, stack(0x0000000323885000,0x0000000323985000)]
  0x00007fc71d2bb000 JavaThread "FastSlayerFlickerScript-3" [_thread_blocked, id=429315, stack(0x0000000323988000,0x0000000323a88000)]
  0x00007fc6cc38b200 JavaThread "FastSlayerFlickerScript-4" [_thread_blocked, id=430035, stack(0x0000000323a8b000,0x0000000323b8b000)]
  0x00007fc71d2ba400 JavaThread "FastSlayerLootScript-4" [_thread_blocked, id=430235, stack(0x0000000323b8e000,0x0000000323c8e000)]
  0x00007fc71c743e00 JavaThread "FastSlayerPrayerScript-3" [_thread_blocked, id=448723, stack(0x0000000323c91000,0x0000000323d91000)]
  0x00007fc71d2baa00 JavaThread "FastSlayerPotionScript-3" [_thread_blocked, id=448323, stack(0x0000000323d94000,0x0000000323e94000)]
  0x00007fc6cf525400 JavaThread "FastSlayerAttackScript-3" [_thread_blocked, id=447747, stack(0x0000000323e97000,0x0000000323f97000)]
  0x00007fc6cfa2f800 JavaThread "FastSlayerFoodScript-3" [_thread_blocked, id=447235, stack(0x0000000323f9a000,0x000000032409a000)]
  0x00007fc71c798400 JavaThread "FastSlayerIceCoolerScript-3" [_thread_blocked, id=430851, stack(0x000000032409d000,0x000000032419d000)]
  0x00007fc71d6d4800 JavaThread "FastSlayerBuryScript-3" [_thread_blocked, id=446723, stack(0x00000003241a0000,0x00000003242a0000)]
  0x00007fc6cf20c600 JavaThread "FastSlayerSafetyScript-3" [_thread_blocked, id=446467, stack(0x00000003242a3000,0x00000003243a3000)]
  0x00007fc71d6d4e00 JavaThread "FastSlayerLootScript-5" [_thread_blocked, id=431891, stack(0x00000003243a6000,0x00000003244a6000)]
  0x00007fc6cf20f400 JavaThread "FastSlayerFlickerScript-5" [_thread_blocked, id=445955, stack(0x00000003244a9000,0x00000003245a9000)]
  0x00007fc71d458000 JavaThread "FastSlayerFlickerScript-6" [_thread_blocked, id=432131, stack(0x00000003245ac000,0x00000003246ac000)]
  0x00007fc6cf20cc00 JavaThread "FastSlayerLootScript-6" [_thread_blocked, id=445235, stack(0x00000003246af000,0x00000003247af000)]
  0x00007fc6cf20e800 JavaThread "FastSlayerPrayerScript-4" [_thread_blocked, id=444419, stack(0x00000003247b2000,0x00000003248b2000)]
  0x00007fc6cd42e400 JavaThread "FastSlayerFlickerScript-7" [_thread_blocked, id=433667, stack(0x00000003248b5000,0x00000003249b5000)]
  0x00007fc71c0dee00 JavaThread "FastSlayerLootScript-7" [_thread_blocked, id=434443, stack(0x00000003249b8000,0x0000000324ab8000)]
  0x00007fc71dff7c00 JavaThread "FastSlayerSpecialAttackScript-3" [_thread_blocked, id=443399, stack(0x0000000324abb000,0x0000000324bbb000)]
  0x00007fc6cf20ee00 JavaThread "FastSlayerScript-2" [_thread_blocked, id=445479, stack(0x000000031bcb7000,0x000000031bdb7000)]
  0x00007fc6cc666800 JavaThread "FastSlayerPotionScript-4" [_thread_blocked, id=442723, stack(0x0000000324bbe000,0x0000000324cbe000)]
  0x00007fc6cf9b3a00 JavaThread "FastSlayerBuryScript-4" [_thread_blocked, id=435299, stack(0x0000000324cc1000,0x0000000324dc1000)]
  0x00007fc71ce44000 JavaThread "FastSlayerAttackScript-4" [_thread_blocked, id=435459, stack(0x0000000324dc4000,0x0000000324ec4000)]
  0x00007fc71ce44600 JavaThread "FastSlayerFoodScript-4" [_thread_blocked, id=441859, stack(0x0000000324ec7000,0x0000000324fc7000)]
  0x00007fc6cf797e00 JavaThread "FastSlayerSafetyScript-4" [_thread_blocked, id=441347, stack(0x0000000324fca000,0x00000003250ca000)]
  0x00007fc71d463800 JavaThread "FastSlayerIceCoolerScript-4" [_thread_blocked, id=441091, stack(0x00000003250cd000,0x00000003251cd000)]
  0x00007fc71c0dfc00 JavaThread "FastSlayerFlickerScript-8" [_thread_blocked, id=436003, stack(0x00000003251d0000,0x00000003252d0000)]
  0x00007fc6cf7f3600 JavaThread "FastSlayerLootScript-8" [_thread_blocked, id=436499, stack(0x00000003252d3000,0x00000003253d3000)]
  0x00007fc6dc814a00 JavaThread "FastSlayerFlickerScript-9" [_thread_blocked, id=440339, stack(0x00000003253d6000,0x00000003254d6000)]
  0x00007fc71d463e00 JavaThread "FastSlayerLootScript-9" [_thread_blocked, id=436739, stack(0x00000003254d9000,0x00000003255d9000)]
  0x00007fc6cf7f4800 JavaThread "FastSlayerPrayerScript-5" [_thread_blocked, id=437155, stack(0x00000003255dc000,0x00000003256dc000)]
  0x00007fc71c548e00 JavaThread "FastSlayerFlickerScript-10" [_thread_blocked, id=439323, stack(0x00000003256df000,0x00000003257df000)]
  0x00007fc6cf7a3200 JavaThread "FastSlayerLootScript-10" [_thread_blocked, id=437251, stack(0x00000003257e2000,0x00000003258e2000)]
  0x00007fc6cd433000 JavaThread "FastSlayerScript-3" [_thread_blocked, id=437571, stack(0x00000003258e5000,0x00000003259e5000)]
  0x00007fc71c0df400 JavaThread "FastSlayerFoodScript-5" [_thread_blocked, id=438347, stack(0x00000003259e8000,0x0000000325ae8000)]
  0x00007fc71b784000 JavaThread "FastSlayerAttackScript-5" [_thread_blocked, id=438019, stack(0x0000000325aeb000,0x0000000325beb000)]
  0x00007fc6fb47a000 JavaThread "FastSlayerPotionScript-5" [_thread_blocked, id=698627, stack(0x0000000325bee000,0x0000000325cee000)]
  0x00007fc71b785600 JavaThread "FastSlayerBuryScript-5" [_thread_blocked, id=525071, stack(0x0000000325cf1000,0x0000000325df1000)]
  0x00007fc6cf9b4000 JavaThread "FastSlayerSafetyScript-5" [_thread_blocked, id=698375, stack(0x0000000325df4000,0x0000000325ef4000)]
  0x00007fc6cf258400 JavaThread "FastSlayerIceCoolerScript-5" [_thread_blocked, id=524811, stack(0x0000000325ef7000,0x0000000325ff7000)]
  0x00007fc6cf1b6000 JavaThread "FastSlayerPrayerScript-6" [_thread_blocked, id=526079, stack(0x0000000325ffa000,0x00000003260fa000)]
  0x00007fc6cf258a00 JavaThread "FastSlayerSpecialAttackScript-4" [_thread_blocked, id=526339, stack(0x00000003260fd000,0x00000003261fd000)]
  0x00007fc6fb613600 JavaThread "FastSlayerScript-4" [_thread_blocked, id=526651, stack(0x0000000326200000,0x0000000326300000)]
  0x00007fc6cb972800 JavaThread "FastSlayerPotionScript-6" [_thread_blocked, id=697427, stack(0x0000000326303000,0x0000000326403000)]
  0x00007fc6cf792200 JavaThread "FastSlayerFoodScript-6" [_thread_blocked, id=697095, stack(0x0000000326406000,0x0000000326506000)]
  0x00007fc6cf781800 JavaThread "FastSlayerSafetyScript-6" [_thread_blocked, id=696579, stack(0x0000000326509000,0x0000000326609000)]
  0x00007fc71c480400 JavaThread "FastSlayerAttackScript-6" [_thread_blocked, id=696323, stack(0x000000032660c000,0x000000032670c000)]
  0x00007fc6cb972e00 JavaThread "FastSlayerBuryScript-6" [_thread_blocked, id=696067, stack(0x000000032670f000,0x000000032680f000)]
  0x00007fc6cb975000 JavaThread "FastSlayerIceCoolerScript-6" [_thread_blocked, id=527879, stack(0x0000000326812000,0x0000000326912000)]
  0x00007fc6cf7a1a00 JavaThread "FastSlayerPrayerScript-7" [_thread_blocked, id=528211, stack(0x0000000326915000,0x0000000326a15000)]
  0x00007fc71d458600 JavaThread "FastSlayerScript-5" [_thread_blocked, id=528843, stack(0x0000000326a18000,0x0000000326b18000)]
  0x00007fc6cb975600 JavaThread "FastSlayerPotionScript-7" [_thread_blocked, id=529075, stack(0x0000000326b1b000,0x0000000326c1b000)]
  0x00007fc6cf7f3c00 JavaThread "FastSlayerSafetyScript-7" [_thread_blocked, id=529667, stack(0x0000000326c1e000,0x0000000326d1e000)]
  0x00007fc6cd42ea00 JavaThread "FastSlayerFoodScript-7" [_thread_blocked, id=529923, stack(0x0000000326d21000,0x0000000326e21000)]
  0x00007fc71c548200 JavaThread "FastSlayerBuryScript-7" [_thread_blocked, id=530435, stack(0x0000000326e24000,0x0000000326f24000)]
  0x00007fc6cf7f4200 JavaThread "FastSlayerAttackScript-7" [_thread_blocked, id=695043, stack(0x0000000326f27000,0x0000000327027000)]
  0x00007fc6cf618200 JavaThread "FastSlayerIceCoolerScript-7" [_thread_blocked, id=694531, stack(0x000000032702a000,0x000000032712a000)]
  0x00007fc71df90200 JavaThread "FastSlayerSpecialAttackScript-5" [_thread_blocked, id=530963, stack(0x000000032712d000,0x000000032722d000)]
  0x00007fc6cf618800 JavaThread "FastSlayerPrayerScript-8" [_thread_blocked, id=693763, stack(0x0000000327230000,0x0000000327330000)]
  0x00007fc6cd4fee00 JavaThread "FastSlayerPrayerScript-9" [_thread_blocked, id=693259, stack(0x0000000327333000,0x0000000327433000)]
  0x00007fc6fb74e000 JavaThread "FastSlayerSafetyScript-8" [_thread_blocked, id=531475, stack(0x0000000327436000,0x0000000327536000)]
  0x00007fc6cf1b5800 JavaThread "FastSlayerPotionScript-8" [_thread_blocked, id=692747, stack(0x0000000327539000,0x0000000327639000)]
  0x00007fc71d6d2000 JavaThread "FastSlayerBuryScript-8" [_thread_blocked, id=692483, stack(0x000000032763c000,0x000000032773c000)]
  0x00007fc6fb74d800 JavaThread "FastSlayerIceCoolerScript-8" [_thread_blocked, id=692227, stack(0x000000032773f000,0x000000032783f000)]
  0x00007fc6fb7ed600 JavaThread "FastSlayerAttackScript-8" [_thread_blocked, id=691715, stack(0x0000000327842000,0x0000000327942000)]
  0x00007fc6cd519400 JavaThread "FastSlayerFoodScript-8" [_thread_blocked, id=691459, stack(0x0000000327945000,0x0000000327a45000)]
  0x00007fc6fb7edc00 JavaThread "FastSlayerSpecialAttackScript-6" [_thread_blocked, id=691215, stack(0x0000000327a48000,0x0000000327b48000)]
  0x00007fc6cd519a00 JavaThread "FastSlayerPrayerScript-10" [_thread_blocked, id=690691, stack(0x0000000327b4b000,0x0000000327c4b000)]
  0x00007fc6cd430400 JavaThread "FastSlayerPotionScript-9" [_thread_blocked, id=690243, stack(0x0000000327c4e000,0x0000000327d4e000)]
  0x00007fc71d6d2600 JavaThread "FastSlayerSafetyScript-9" [_thread_blocked, id=532995, stack(0x0000000327d51000,0x0000000327e51000)]
  0x00007fc6cd4ff400 JavaThread "FastSlayerIceCoolerScript-9" [_thread_blocked, id=689667, stack(0x0000000327e54000,0x0000000327f54000)]
  0x00007fc6cf7a2c00 JavaThread "FastSlayerBuryScript-9" [_thread_blocked, id=689411, stack(0x0000000327f57000,0x0000000328057000)]
  0x00007fc6cd4fc400 JavaThread "FastSlayerFoodScript-9" [_thread_blocked, id=534019, stack(0x000000032805a000,0x000000032815a000)]
  0x00007fc6cf617c00 JavaThread "FastSlayerAttackScript-9" [_thread_blocked, id=688899, stack(0x000000032815d000,0x000000032825d000)]
  0x00007fc6cf616200 JavaThread "FastSlayerPotionScript-10" [_thread_blocked, id=534639, stack(0x0000000328260000,0x0000000328360000)]
  0x00007fc6fb5c3600 JavaThread "FastSlayerSafetyScript-10" [_thread_blocked, id=535043, stack(0x0000000328363000,0x0000000328463000)]
  0x00007fc6cf7a2000 JavaThread "FastSlayerIceCoolerScript-10" [_thread_blocked, id=535555, stack(0x0000000328466000,0x0000000328566000)]
  0x00007fc71df40000 JavaThread "FastSlayerBuryScript-10" [_thread_blocked, id=536067, stack(0x0000000328569000,0x0000000328669000)]
  0x00007fc6cf7a2600 JavaThread "FastSlayerFoodScript-10" [_thread_blocked, id=688387, stack(0x000000032866c000,0x000000032876c000)]
  0x00007fc6cf616800 JavaThread "FastSlayerAttackScript-10" [_thread_blocked, id=688131, stack(0x000000032876f000,0x000000032886f000)]
  0x00007fc71c548800 JavaThread "FastSlayerSpecialAttackScript-7" [_thread_blocked, id=687655, stack(0x0000000328872000,0x0000000328972000)]
  0x00007fc6cf615c00 JavaThread "FastSlayerScript-6" [_thread_blocked, id=536871, stack(0x0000000328975000,0x0000000328a75000)]
  0x00007fc6cf797400 JavaThread "FastSlayerSpecialAttackScript-8" [_thread_blocked, id=537151, stack(0x0000000328a78000,0x0000000328b78000)]
  0x00007fc6cf615000 JavaThread "FastSlayerSpecialAttackScript-9" [_thread_blocked, id=686911, stack(0x0000000328b7b000,0x0000000328c7b000)]
  0x00007fc6fb613000 JavaThread "FastSlayerScript-7" [_thread_blocked, id=537519, stack(0x0000000328c7e000,0x0000000328d7e000)]
  0x00007fc6cbf89200 JavaThread "FastSlayerSpecialAttackScript-10" [_thread_blocked, id=686403, stack(0x0000000328d81000,0x0000000328e81000)]
  0x00007fc6cf1cd600 JavaThread "FastSlayerScript-8" [_thread_blocked, id=537867, stack(0x0000000328e84000,0x0000000328f84000)]
  0x00007fc6fb74f200 JavaThread "FastSlayerScript-9" [_thread_blocked, id=303531, stack(0x00000003148be000,0x00000003149be000)]
  0x00007fc6cbb5ee00 JavaThread "FastSlayerScript-1" [_thread_blocked, id=450867, stack(0x000000032918d000,0x000000032928d000)]
  0x00007fc71d8fc600 JavaThread "FastSlayerAttackScript-1" [_thread_blocked, id=683731, stack(0x0000000329290000,0x0000000329390000)]
  0x00007fc71c60ec00 JavaThread "FastSlayerAttackScript-2" [_thread_blocked, id=523891, stack(0x0000000329393000,0x0000000329493000)]
  0x00007fc6cb854800 JavaThread "FastSlayerFoodScript-1" [_thread_blocked, id=542659, stack(0x0000000329496000,0x0000000329596000)]
  0x00007fc6cf615600 JavaThread "FastSlayerFoodScript-2" [_thread_blocked, id=425475, stack(0x0000000329599000,0x0000000329699000)]
  0x00007fc6cd3f6800 JavaThread "FastSlayerPotionScript-1" [_thread_blocked, id=541259, stack(0x000000032969c000,0x000000032979c000)]
  0x00007fc71b643000 JavaThread "FastSlayerPotionScript-2" [_thread_blocked, id=422387, stack(0x000000032979f000,0x000000032989f000)]
  0x00007fc6cbb5b000 JavaThread "FastSlayerPrayerScript-1" [_thread_blocked, id=421391, stack(0x00000003298a2000,0x00000003299a2000)]
  0x00007fc6fb67a000 JavaThread "FastSlayerPrayerScript-2" [_thread_blocked, id=541955, stack(0x00000003299a5000,0x0000000329aa5000)]
  0x00007fc6cb851000 JavaThread "FastSlayerBuryScript-1" [_thread_blocked, id=540531, stack(0x0000000329aa8000,0x0000000329ba8000)]
  0x00007fc6cb922600 JavaThread "FastSlayerBuryScript-2" [_thread_blocked, id=425871, stack(0x0000000329bab000,0x0000000329cab000)]
  0x00007fc6cfe90600 JavaThread "FastSlayerLootScript-1" [_thread_blocked, id=541571, stack(0x0000000329cae000,0x0000000329dae000)]
  0x00007fc6cd51a000 JavaThread "FastSlayerLootScript-2" [_thread_blocked, id=684559, stack(0x0000000329db1000,0x0000000329eb1000)]
  0x00007fc6fb7b8400 JavaThread "FastSlayerSpecialAttackScript-1" [_thread_blocked, id=542371, stack(0x0000000329eb4000,0x0000000329fb4000)]
  0x00007fc6cd441400 JavaThread "FastSlayerSpecialAttackScript-2" [_thread_blocked, id=681899, stack(0x0000000329fb7000,0x000000032a0b7000)]
  0x00007fc71c436800 JavaThread "FastSlayerFlickerScript-1" [_thread_blocked, id=681219, stack(0x000000032a0ba000,0x000000032a1ba000)]
  0x00007fc6cd441a00 JavaThread "FastSlayerFlickerScript-2" [_thread_blocked, id=680707, stack(0x000000032a1bd000,0x000000032a2bd000)]
  0x00007fc6cd590800 JavaThread "FastSlayerIceCoolerScript-1" [_thread_blocked, id=680195, stack(0x000000032a2c0000,0x000000032a3c0000)]
  0x00007fc6cb828400 JavaThread "FastSlayerIceCoolerScript-2" [_thread_blocked, id=545539, stack(0x000000032a3c3000,0x000000032a4c3000)]
  0x00007fc71c821000 JavaThread "FastSlayerFlickerScript-3" [_thread_blocked, id=546023, stack(0x000000032a4c6000,0x000000032a5c6000)]
  0x00007fc6cf23b200 JavaThread "FastSlayerLootScript-3" [_thread_blocked, id=679683, stack(0x000000032a5c9000,0x000000032a6c9000)]
  0x00007fc71b7d1c00 JavaThread "FastSlayerFlickerScript-4" [_thread_blocked, id=546343, stack(0x000000032a6cc000,0x000000032a7cc000)]
  0x00007fc71d498600 JavaThread "FastSlayerLootScript-4" [_thread_blocked, id=546563, stack(0x000000032a7cf000,0x000000032a8cf000)]
  0x00007fc6cd4fa200 JavaThread "FastSlayerPrayerScript-3" [_thread_blocked, id=546843, stack(0x000000032a8d2000,0x000000032a9d2000)]
  0x00007fc71df40600 JavaThread "FastSlayerAttackScript-3" [_thread_blocked, id=547123, stack(0x000000032a9d5000,0x000000032aad5000)]
  0x00007fc6cb853c00 JavaThread "FastSlayerFoodScript-3" [_thread_blocked, id=678403, stack(0x000000032aad8000,0x000000032abd8000)]
  0x00007fc71c0e0200 JavaThread "FastSlayerIceCoolerScript-3" [_thread_blocked, id=677891, stack(0x000000032abdb000,0x000000032acdb000)]
  0x00007fc71d2cea00 JavaThread "FastSlayerPotionScript-3" [_thread_blocked, id=677379, stack(0x000000032acde000,0x000000032adde000)]
  0x00007fc6cf2f9c00 JavaThread "FastSlayerBuryScript-3" [_thread_blocked, id=676867, stack(0x000000032ade1000,0x000000032aee1000)]
  0x00007fc6cf3b3800 JavaThread "FastSlayerLootScript-5" [_thread_blocked, id=547843, stack(0x000000032aee4000,0x000000032afe4000)]
  0x00007fc71c3dc800 JavaThread "FastSlayerFlickerScript-5" [_thread_blocked, id=676611, stack(0x000000032afe7000,0x000000032b0e7000)]
  0x00007fc71c196e00 JavaThread "FastSlayerFlickerScript-6" [_thread_blocked, id=676119, stack(0x000000032b0ea000,0x000000032b1ea000)]
  0x00007fc71c3dce00 JavaThread "FastSlayerLootScript-6" [_thread_blocked, id=675843, stack(0x000000032b1ed000,0x000000032b2ed000)]
  0x00007fc6cb854200 JavaThread "FastSlayerScript-2" [_thread_blocked, id=675355, stack(0x000000032b2f0000,0x000000032b3f0000)]
  0x00007fc6cc667600 JavaThread "FastSlayerPrayerScript-4" [_thread_blocked, id=674867, stack(0x000000032b3f3000,0x000000032b4f3000)]
  0x00007fc6cfe52e00 JavaThread "FastSlayerSpecialAttackScript-3" [_thread_blocked, id=674563, stack(0x000000032b4f6000,0x000000032b5f6000)]
  0x00007fc6cfe53400 JavaThread "FastSlayerLootScript-7" [_thread_blocked, id=674067, stack(0x000000032b5f9000,0x000000032b6f9000)]
  0x00007fc71c2b4a00 JavaThread "FastSlayerFlickerScript-7" [_thread_blocked, id=549123, stack(0x000000032b6fc000,0x000000032b7fc000)]
  0x00007fc71c196200 JavaThread "FastSlayerFoodScript-4" [_thread_blocked, id=673891, stack(0x000000032b7ff000,0x000000032b8ff000)]
  0x00007fc6cf760e00 JavaThread "FastSlayerBuryScript-4" [_thread_blocked, id=673283, stack(0x000000032b902000,0x000000032ba02000)]
  0x00007fc71c2b4400 JavaThread "FastSlayerAttackScript-4" [_thread_blocked, id=672771, stack(0x000000032ba05000,0x000000032bb05000)]
  0x00007fc6cb8f0e00 JavaThread "FastSlayerPotionScript-4" [_thread_blocked, id=549635, stack(0x000000032bb08000,0x000000032bc08000)]
  0x00007fc6cd590e00 JavaThread "FastSlayerIceCoolerScript-4" [_thread_blocked, id=672003, stack(0x000000032bc0b000,0x000000032bd0b000)]
  0x00007fc6cb973400 JavaThread "FastSlayerFlickerScript-8" [_thread_blocked, id=550163, stack(0x000000032bd0e000,0x000000032be0e000)]
  0x00007fc6cb973a00 JavaThread "FastSlayerLootScript-8" [_thread_blocked, id=671491, stack(0x000000032be11000,0x000000032bf11000)]
  0x00007fc71d2cf000 JavaThread "FastSlayerLootScript-9" [_thread_blocked, id=550487, stack(0x000000032bf14000,0x000000032c014000)]
  0x00007fc6cf3b3e00 JavaThread "FastSlayerFlickerScript-9" [_thread_blocked, id=550663, stack(0x000000032c017000,0x000000032c117000)]
  0x00007fc6cf2dc400 JavaThread "FastSlayerPrayerScript-5" [_thread_blocked, id=550923, stack(0x000000032c11a000,0x000000032c21a000)]
  0x00007fc6cb921a00 JavaThread "FastSlayerScript-3" [_thread_blocked, id=551443, stack(0x000000032c21d000,0x000000032c31d000)]
  0x00007fc6cf2dca00 JavaThread "FastSlayerLootScript-10" [_thread_blocked, id=551715, stack(0x000000032c320000,0x000000032c420000)]
  0x00007fc71c196800 JavaThread "FastSlayerFlickerScript-10" [_thread_blocked, id=552195, stack(0x000000032c423000,0x000000032c523000)]
  0x00007fc71df03800 JavaThread "FastSlayerFoodScript-5" [_thread_blocked, id=552491, stack(0x000000032c526000,0x000000032c626000)]
  0x00007fc6cff78000 JavaThread "FastSlayerPotionScript-5" [_thread_blocked, id=669955, stack(0x000000032c629000,0x000000032c729000)]
  0x00007fc6cf257400 JavaThread "FastSlayerBuryScript-5" [_thread_blocked, id=669699, stack(0x000000032c72c000,0x000000032c82c000)]
  0x00007fc71d2cf600 JavaThread "FastSlayerAttackScript-5" [_thread_blocked, id=553475, stack(0x000000032c82f000,0x000000032c92f000)]
  0x00007fc71d6eae00 JavaThread "FastSlayerIceCoolerScript-5" [_thread_blocked, id=553987, stack(0x000000032c932000,0x000000032ca32000)]
  0x00007fc6cf2f9400 JavaThread "FastSlayerSpecialAttackScript-4" [_thread_blocked, id=669243, stack(0x000000032ca35000,0x000000032cb35000)]
  0x00007fc71d6df200 JavaThread "FastSlayerPrayerScript-6" [_thread_blocked, id=668931, stack(0x000000032cb38000,0x000000032cc38000)]
  0x00007fc6cb922000 JavaThread "FastSlayerScript-4" [_thread_blocked, id=554499, stack(0x000000032cc3b000,0x000000032cd3b000)]
  0x00007fc6cd51c000 JavaThread "FastSlayerFoodScript-6" [_thread_blocked, id=668199, stack(0x000000032cd3e000,0x000000032ce3e000)]
  0x00007fc6fb477800 JavaThread "FastSlayerPotionScript-6" [_thread_blocked, id=667907, stack(0x000000032ce41000,0x000000032cf41000)]
  0x00007fc6cd6edc00 JavaThread "FastSlayerAttackScript-6" [_thread_blocked, id=555523, stack(0x000000032cf44000,0x000000032d044000)]
  0x00007fc71c160600 JavaThread "FastSlayerBuryScript-6" [_thread_blocked, id=667395, stack(0x000000032d047000,0x000000032d147000)]
  0x00007fc71d6df800 JavaThread "FastSlayerIceCoolerScript-6" [_thread_blocked, id=555779, stack(0x000000032d14a000,0x000000032d24a000)]
  0x00007fc6cd4fb000 JavaThread "FastSlayerPrayerScript-7" [_thread_blocked, id=666675, stack(0x000000032d24d000,0x000000032d34d000)]
  0x00007fc6cd4fa800 JavaThread "FastSlayerScript-5" [_thread_blocked, id=666407, stack(0x000000032d350000,0x000000032d450000)]
  0x00007fc6cb8f2000 JavaThread "FastSlayerSpecialAttackScript-5" [_thread_blocked, id=556675, stack(0x000000032d453000,0x000000032d553000)]
  0x00007fc71c10f200 JavaThread "FastSlayerPotionScript-7" [_thread_blocked, id=557059, stack(0x000000032d556000,0x000000032d656000)]
  0x00007fc6cd7b1800 JavaThread "FastSlayerFoodScript-7" [_thread_blocked, id=665859, stack(0x000000032d659000,0x000000032d759000)]
  0x00007fc71c483a00 JavaThread "FastSlayerAttackScript-7" [_thread_blocked, id=557571, stack(0x000000032d75c000,0x000000032d85c000)]
  0x00007fc71c169a00 JavaThread "FastSlayerPrayerScript-8" [_thread_blocked, id=665603, stack(0x000000032d85f000,0x000000032d95f000)]
  0x00007fc6fb476e00 JavaThread "FastSlayerIceCoolerScript-7" [_thread_blocked, id=558083, stack(0x000000032d962000,0x000000032da62000)]
  0x00007fc71d6dde00 JavaThread "FastSlayerBuryScript-7" [_thread_blocked, id=665091, stack(0x000000032da65000,0x000000032db65000)]
  0x00007fc71c263e00 JavaThread "FastSlayerPrayerScript-9" [_thread_blocked, id=664651, stack(0x000000032db68000,0x000000032dc68000)]
  0x00007fc6cff78600 JavaThread "FastSlayerPotionScript-8" [_thread_blocked, id=558887, stack(0x000000032dc6b000,0x000000032dd6b000)]
  0x00007fc6cf3b2e00 JavaThread "FastSlayerAttackScript-8" [_thread_blocked, id=664067, stack(0x000000032dd6e000,0x000000032de6e000)]
  0x00007fc71c2b3800 JavaThread "FastSlayerFoodScript-8" [_thread_blocked, id=663555, stack(0x000000032de71000,0x000000032df71000)]
  0x00007fc6cd6ec600 JavaThread "FastSlayerIceCoolerScript-8" [_thread_blocked, id=559363, stack(0x000000032df74000,0x000000032e074000)]
  0x00007fc71c2b3e00 JavaThread "FastSlayerBuryScript-8" [_thread_blocked, id=662787, stack(0x000000032e077000,0x000000032e177000)]
  0x00007fc6fb7b7c00 JavaThread "FastSlayerSpecialAttackScript-6" [_thread_blocked, id=559867, stack(0x000000032e17a000,0x000000032e27a000)]
  0x00007fc71d6de400 JavaThread "FastSlayerPrayerScript-10" [_thread_blocked, id=662291, stack(0x000000032e27d000,0x000000032e37d000)]
  0x00007fc6cb8f1400 JavaThread "FastSlayerAttackScript-9" [_thread_blocked, id=560155, stack(0x000000032e380000,0x000000032e480000)]
  0x00007fc6cb8f1a00 JavaThread "FastSlayerPotionScript-9" [_thread_blocked, id=560643, stack(0x000000032e483000,0x000000032e583000)]
  0x00007fc6cfe8ee00 JavaThread "FastSlayerFoodScript-9" [_thread_blocked, id=661771, stack(0x000000032e586000,0x000000032e686000)]
  0x00007fc6cbb5d600 JavaThread "FastSlayerIceCoolerScript-9" [_thread_blocked, id=561411, stack(0x000000032e689000,0x000000032e789000)]
  0x00007fc6fb476000 JavaThread "FastSlayerBuryScript-9" [_thread_blocked, id=661507, stack(0x000000032e78c000,0x000000032e88c000)]
  0x00007fc6cd6ecc00 JavaThread "FastSlayerPotionScript-10" [_thread_blocked, id=562123, stack(0x000000032e88f000,0x000000032e98f000)]
  0x00007fc6cd6ed200 JavaThread "FastSlayerFoodScript-10" [_thread_blocked, id=562179, stack(0x000000032e992000,0x000000032ea92000)]
  0x00007fc71d6dea00 JavaThread "FastSlayerAttackScript-10" [_thread_blocked, id=562691, stack(0x000000032ea95000,0x000000032eb95000)]
  0x00007fc6cfe8f400 JavaThread "FastSlayerIceCoolerScript-10" [_thread_blocked, id=660483, stack(0x000000032eb98000,0x000000032ec98000)]
  0x00007fc6fb476600 JavaThread "FastSlayerBuryScript-10" [_thread_blocked, id=659971, stack(0x000000032ec9b000,0x000000032ed9b000)]
  0x00007fc6cbb5e800 JavaThread "FastSlayerSpecialAttackScript-7" [_thread_blocked, id=659487, stack(0x000000032ed9e000,0x000000032ee9e000)]
  0x00007fc6cf257a00 JavaThread "FastSlayerScript-6" [_thread_blocked, id=563035, stack(0x000000032eea1000,0x000000032efa1000)]
  0x00007fc6cf426400 JavaThread "FastSlayerSpecialAttackScript-8" [_thread_blocked, id=659171, stack(0x000000032efa4000,0x000000032f0a4000)]
  0x00007fc6cc4ff600 JavaThread "FastSlayerSpecialAttackScript-9" [_thread_blocked, id=563971, stack(0x000000032f0a7000,0x000000032f1a7000)]
  0x00007fc6cf1b0800 JavaThread "FastSlayerScript-7" [_thread_blocked, id=564679, stack(0x000000032f1aa000,0x000000032f2aa000)]
  0x00007fc6cbec5e00 JavaThread "FastSlayerSpecialAttackScript-10" [_thread_blocked, id=657159, stack(0x000000032f2ad000,0x000000032f3ad000)]
  0x00007fc71df90800 JavaThread "FastSlayerScript-8" [_thread_blocked, id=656643, stack(0x000000032f3b0000,0x000000032f4b0000)]
  0x00007fc6cb853600 JavaThread "DodgeProjectileScript-1" [_thread_blocked, id=656059, stack(0x000000032f4b3000,0x000000032f5b3000)]
  0x00007fc71dfae800 JavaThread "LootScript-1" [_thread_blocked, id=656235, stack(0x000000032f5b6000,0x000000032f6b6000)]
  0x00007fc6cbb5dc00 JavaThread "AttackNpcScript-1" [_thread_blocked, id=654867, stack(0x000000032f6b9000,0x000000032f7b9000)]
  0x00007fc71dfac600 JavaThread "DodgeProjectileScript-2" [_thread_blocked, id=654339, stack(0x000000032f7bc000,0x000000032f8bc000)]
  0x00007fc71c482600 JavaThread "FoodScript-1" [_thread_blocked, id=654083, stack(0x000000032f8bf000,0x000000032f9bf000)]
  0x00007fc71c482c00 JavaThread "FlickerScript-1" [_thread_blocked, id=653571, stack(0x000000032f9c2000,0x000000032fac2000)]
  0x00007fc6cd51cc00 JavaThread "UseSpecialAttackScript-1" [_thread_blocked, id=565803, stack(0x000000032fac5000,0x000000032fbc5000)]
  0x00007fc6dc80b600 JavaThread "FlickerScript-2" [_thread_blocked, id=652819, stack(0x000000032fbc8000,0x000000032fcc8000)]
  0x00007fc6cd7afe00 JavaThread "BuryScatterScript-1" [_thread_blocked, id=652291, stack(0x000000032fccb000,0x000000032fdcb000)]
  0x00007fc6dc815000 JavaThread "FoodScript-2" [_thread_blocked, id=651783, stack(0x000000032fdce000,0x000000032fece000)]
  0x00007fc71dfacc00 JavaThread "UseSpecialAttackScript-2" [_thread_blocked, id=567047, stack(0x000000032fed1000,0x000000032ffd1000)]
  0x00007fc6cd7b0400 JavaThread "BuryScatterScript-2" [_thread_blocked, id=651267, stack(0x000000032ffd4000,0x00000003300d4000)]
  0x00007fc6cd5eea00 JavaThread "AttackStyleScript-1" [_thread_blocked, id=651011, stack(0x00000003300d7000,0x00000003301d7000)]
  0x00007fc6cd4c2000 JavaThread "PrayerScript-1" [_thread_blocked, id=567811, stack(0x00000003301da000,0x00000003302da000)]
  0x00007fc71c483200 JavaThread "AttackStyleScript-2" [_thread_blocked, id=650499, stack(0x00000003302dd000,0x00000003303dd000)]
  0x00007fc71c0dbe00 JavaThread "HighAlchScript-1" [_thread_blocked, id=568579, stack(0x00000003303e0000,0x00000003304e0000)]
  0x00007fc6dc833800 JavaThread "PrayerScript-2" [_thread_blocked, id=649987, stack(0x00000003304e3000,0x00000003305e3000)]
  0x00007fc71c481a00 JavaThread "HighAlchScript-2" [_thread_blocked, id=649475, stack(0x00000003305e6000,0x00000003306e6000)]
  0x00007fc6cf425e00 JavaThread "PotionManagerScript-1" [_thread_blocked, id=569091, stack(0x00000003306e9000,0x00000003307e9000)]
  0x00007fc71c482000 JavaThread "SafetyScript-1" [_thread_blocked, id=569603, stack(0x00000003307ec000,0x00000003308ec000)]
  0x00007fc71dfaee00 JavaThread "SlayerScript-1" [_thread_blocked, id=648451, stack(0x00000003308ef000,0x00000003309ef000)]
  0x00007fc6cbb5e200 JavaThread "SafetyScript-2" [_thread_blocked, id=647939, stack(0x00000003309f2000,0x0000000330af2000)]
  0x00007fc6cc663000 JavaThread "BankerScript-1" [_thread_blocked, id=647683, stack(0x0000000330af5000,0x0000000330bf5000)]
  0x00007fc6cc4fda00 JavaThread "BankerScript-2" [_thread_blocked, id=570883, stack(0x0000000330bf8000,0x0000000330cf8000)]
  0x00007fc71c261c00 JavaThread "LootScript-2" [_thread_blocked, id=647483, stack(0x0000000330cfb000,0x0000000330dfb000)]
  0x00007fc71c262200 JavaThread "AttackNpcScript-2" [_thread_blocked, id=571519, stack(0x0000000330dfe000,0x0000000330efe000)]
  0x00007fc6cd7b1200 JavaThread "DodgeProjectileScript-3" [_thread_blocked, id=646787, stack(0x0000000330f01000,0x0000000331001000)]
  0x00007fc6cd5ed200 JavaThread "FlickerScript-3" [_thread_blocked, id=646403, stack(0x0000000331004000,0x0000000331104000)]
  0x00007fc6cf1b0000 JavaThread "LootScript-3" [_thread_blocked, id=571967, stack(0x0000000331107000,0x0000000331207000)]
  0x00007fc6cf1af400 JavaThread "DodgeProjectileScript-4" [_thread_blocked, id=572803, stack(0x000000033120a000,0x000000033130a000)]
  0x00007fc6cf1afa00 JavaThread "FlickerScript-4" [_thread_blocked, id=573443, stack(0x000000033130d000,0x000000033140d000)]
  0x00007fc6cb852c00 JavaThread "LootScript-4" [_thread_blocked, id=574195, stack(0x0000000331410000,0x0000000331510000)]
  0x00007fc6cbea6600 JavaThread "PrayerScript-3" [_thread_blocked, id=645923, stack(0x0000000331513000,0x0000000331613000)]
  0x00007fc71c262800 JavaThread "FoodScript-3" [_thread_blocked, id=645395, stack(0x0000000331616000,0x0000000331716000)]
  0x00007fc6cd7b0a00 JavaThread "FlickerScript-5" [_thread_blocked, id=575235, stack(0x0000000331719000,0x0000000331819000)]
  0x00007fc71c262e00 JavaThread "DodgeProjectileScript-5" [_thread_blocked, id=645131, stack(0x000000033181c000,0x000000033191c000)]
  0x00007fc71c168c00 JavaThread "BuryScatterScript-3" [_thread_blocked, id=575507, stack(0x000000033191f000,0x0000000331a1f000)]
  0x00007fc71c169200 JavaThread "HighAlchScript-3" [_thread_blocked, id=645747, stack(0x0000000331a22000,0x0000000331b22000)]
  0x00007fc6cfdc0c00 JavaThread "SafetyScript-3" [_thread_blocked, id=576135, stack(0x0000000331b25000,0x0000000331c25000)]
  0x00007fc6cd5ee400 JavaThread "LootScript-5" [_thread_blocked, id=644115, stack(0x0000000331c28000,0x0000000331d28000)]
  0x00007fc71dfaf400 JavaThread "FlickerScript-6" [_thread_blocked, id=577019, stack(0x0000000331d2b000,0x0000000331e2b000)]
  0x00007fc71b493600 JavaThread "DodgeProjectileScript-6" [_thread_blocked, id=577331, stack(0x0000000331e2e000,0x0000000331f2e000)]
  0x00007fc71dfafa00 JavaThread "LootScript-6" [_thread_blocked, id=643347, stack(0x0000000331f31000,0x0000000332031000)]
  0x00007fc71c110000 JavaThread "UseSpecialAttackScript-3" [_thread_blocked, id=643103, stack(0x0000000332034000,0x0000000332134000)]
  0x00007fc6cf1ae800 JavaThread "AttackStyleScript-3" [_thread_blocked, id=642823, stack(0x0000000332137000,0x0000000332237000)]
  0x00007fc6cd4c0a00 JavaThread "FlickerScript-7" [_thread_blocked, id=642563, stack(0x000000033223a000,0x000000033233a000)]
  0x00007fc6cbec4e00 JavaThread "PrayerScript-4" [_thread_blocked, id=642307, stack(0x000000033233d000,0x000000033243d000)]
  0x00007fc6cc076600 JavaThread "DodgeProjectileScript-7" [_thread_blocked, id=642051, stack(0x0000000332440000,0x0000000332540000)]
  0x00007fc6cc076c00 JavaThread "AttackNpcScript-3" [_thread_blocked, id=579083, stack(0x0000000332543000,0x0000000332643000)]
  0x00007fc71c10f800 JavaThread "LootScript-7" [_thread_blocked, id=579443, stack(0x0000000332646000,0x0000000332746000)]
  0x00007fc6cbb5aa00 JavaThread "FoodScript-4" [_thread_blocked, id=579915, stack(0x0000000332749000,0x0000000332849000)]
  0x00007fc6cc4fc400 JavaThread "HighAlchScript-4" [_thread_blocked, id=641027, stack(0x000000033284c000,0x000000033294c000)]
  0x00007fc6cf1aee00 JavaThread "BuryScatterScript-4" [_thread_blocked, id=640771, stack(0x000000033294f000,0x0000000332a4f000)]
  0x00007fc71dff5000 JavaThread "FlickerScript-8" [_thread_blocked, id=640531, stack(0x0000000332a52000,0x0000000332b52000)]
  0x00007fc6cd7fee00 JavaThread "DodgeProjectileScript-8" [_thread_blocked, id=580611, stack(0x0000000332b55000,0x0000000332c55000)]
  0x00007fc6cc4fca00 JavaThread "SafetyScript-4" [_thread_blocked, id=580867, stack(0x0000000332c58000,0x0000000332d58000)]
  0x00007fc6cf424800 JavaThread "LootScript-8" [_thread_blocked, id=639027, stack(0x0000000332d5b000,0x0000000332e5b000)]
  0x00007fc6cd739200 JavaThread "FlickerScript-9" [_thread_blocked, id=581175, stack(0x0000000332e5e000,0x0000000332f5e000)]
  0x00007fc6cff6a800 JavaThread "DodgeProjectileScript-9" [_thread_blocked, id=638739, stack(0x0000000332f61000,0x0000000333061000)]
  0x00007fc6cf424e00 JavaThread "LootScript-9" [_thread_blocked, id=582411, stack(0x0000000333064000,0x0000000333164000)]
  0x00007fc71dff7000 JavaThread "PrayerScript-5" [_thread_blocked, id=638639, stack(0x0000000333167000,0x0000000333267000)]
  0x00007fc71dff7600 JavaThread "SlayerScript-2" [_thread_blocked, id=583195, stack(0x000000033326a000,0x000000033336a000)]
  0x00007fc71dff4600 JavaThread "AttackNpcScript-4" [_thread_blocked, id=637699, stack(0x000000033336d000,0x000000033346d000)]
  0x00007fc71dfab200 JavaThread "FlickerScript-10" [_thread_blocked, id=637443, stack(0x0000000333470000,0x0000000333570000)]
  0x00007fc71c368400 JavaThread "LootScript-10" [_thread_blocked, id=584707, stack(0x0000000333573000,0x0000000333673000)]
  0x00007fc71b494200 JavaThread "DodgeProjectileScript-10" [_thread_blocked, id=585219, stack(0x0000000333676000,0x0000000333776000)]
  0x00007fc6cf2db800 JavaThread "FoodScript-5" [_thread_blocked, id=637247, stack(0x0000000333779000,0x0000000333879000)]
  0x00007fc6cf2dbe00 JavaThread "HighAlchScript-5" [_thread_blocked, id=585987, stack(0x000000033387c000,0x000000033397c000)]
  0x00007fc6de724800 JavaThread "BuryScatterScript-5" [_thread_blocked, id=636931, stack(0x000000033397f000,0x0000000333a7f000)]
  0x00007fc6fb7eca00 JavaThread "SafetyScript-5" [_thread_blocked, id=636423, stack(0x0000000333a82000,0x0000000333b82000)]
  0x00007fc6cd738a00 JavaThread "UseSpecialAttackScript-4" [_thread_blocked, id=635939, stack(0x0000000333b85000,0x0000000333c85000)]
  0x00007fc71b493c00 JavaThread "AttackStyleScript-4" [_thread_blocked, id=587011, stack(0x0000000333c88000,0x0000000333d88000)]
  0x00007fc71dff3a00 JavaThread "BankerScript-3" [_thread_blocked, id=635659, stack(0x0000000333d8b000,0x0000000333e8b000)]
  0x00007fc71c365800 JavaThread "PrayerScript-6" [_thread_blocked, id=635139, stack(0x0000000333e8e000,0x0000000333f8e000)]
  0x00007fc6cd588000 JavaThread "AttackNpcScript-5" [_thread_blocked, id=634735, stack(0x0000000333f91000,0x0000000334091000)]
  0x00007fc6cd71b000 JavaThread "FoodScript-6" [_thread_blocked, id=587867, stack(0x0000000334094000,0x0000000334194000)]
  0x00007fc71c0da800 JavaThread "HighAlchScript-6" [_thread_blocked, id=587619, stack(0x0000000334197000,0x0000000334297000)]
  0x00007fc71c367600 JavaThread "BuryScatterScript-6" [_thread_blocked, id=633859, stack(0x000000033429a000,0x000000033439a000)]
  0x00007fc6cf1b4800 JavaThread "SafetyScript-6" [_thread_blocked, id=633639, stack(0x000000033439d000,0x000000033449d000)]
  0x00007fc6fb545000 JavaThread "PrayerScript-7" [_thread_blocked, id=588891, stack(0x00000003344a0000,0x00000003345a0000)]
  0x00007fc6cf7d4600 JavaThread "AttackNpcScript-6" [_thread_blocked, id=632667, stack(0x000000032908a000,0x000000032918a000)]
  0x00007fc6cb9bcc00 JavaThread "FoodScript-7" [_thread_blocked, id=633403, stack(0x00000003345a3000,0x00000003346a3000)]
  0x00007fc6cc501a00 JavaThread "UseSpecialAttackScript-5" [_thread_blocked, id=633091, stack(0x00000003346a6000,0x00000003347a6000)]
  0x00007fc6fb545600 JavaThread "BuryScatterScript-7" [_thread_blocked, id=589571, stack(0x00000003347a9000,0x00000003348a9000)]
  0x00007fc71dfb8000 JavaThread "AttackStyleScript-5" [_thread_blocked, id=632067, stack(0x00000003348ac000,0x00000003349ac000)]
  0x00007fc71dfab800 JavaThread "PrayerScript-8" [_thread_blocked, id=590083, stack(0x00000003349af000,0x0000000334aaf000)]
  0x00007fc6fb7ec000 JavaThread "HighAlchScript-7" [_thread_blocked, id=631555, stack(0x0000000334ab2000,0x0000000334bb2000)]
  0x00007fc6cc664c00 JavaThread "PotionManagerScript-2" [_thread_blocked, id=590851, stack(0x0000000334bb5000,0x0000000334cb5000)]
  0x00007fc71dfabe00 JavaThread "SafetyScript-7" [_thread_blocked, id=631043, stack(0x0000000334cb8000,0x0000000334db8000)]
  0x00007fc6cb9b8600 JavaThread "SlayerScript-3" [_thread_blocked, id=630275, stack(0x0000000334dbb000,0x0000000334ebb000)]
  0x00007fc71dfb8600 JavaThread "AttackStyleScript-6" [_thread_blocked, id=629763, stack(0x0000000334ebe000,0x0000000334fbe000)]
  0x00007fc6cbe6b000 JavaThread "PrayerScript-9" [_thread_blocked, id=591619, stack(0x0000000334fc1000,0x00000003350c1000)]
  0x00007fc6cc665800 JavaThread "FoodScript-8" [_thread_blocked, id=628995, stack(0x00000003350c4000,0x00000003351c4000)]
  0x00007fc6cc4fd000 JavaThread "UseSpecialAttackScript-6" [_thread_blocked, id=592131, stack(0x00000003351c7000,0x00000003352c7000)]
  0x00007fc71dfbae00 JavaThread "HighAlchScript-8" [_thread_blocked, id=592643, stack(0x00000003352ca000,0x00000003353ca000)]
  0x00007fc6dc833e00 JavaThread "BankerScript-4" [_thread_blocked, id=627971, stack(0x00000003353cd000,0x00000003354cd000)]
  0x00007fc6fb6e5400 JavaThread "BankerScript-5" [_thread_blocked, id=627459, stack(0x00000003354d0000,0x00000003355d0000)]
  0x00007fc6fb6e7c00 JavaThread "BuryScatterScript-8" [_thread_blocked, id=627207, stack(0x00000003355d3000,0x00000003356d3000)]
  0x00007fc71dfbb400 JavaThread "SafetyScript-8" [_thread_blocked, id=626435, stack(0x00000003356d6000,0x00000003357d6000)]
  0x00007fc6cf2db200 JavaThread "AttackNpcScript-7" [_thread_blocked, id=627099, stack(0x00000003357d9000,0x00000003358d9000)]
  0x00007fc6cf73c400 JavaThread "PrayerScript-10" [_thread_blocked, id=625891, stack(0x00000003358dc000,0x00000003359dc000)]
  0x00007fc6cf2f8400 JavaThread "FoodScript-9" [_thread_blocked, id=593475, stack(0x00000003359df000,0x0000000335adf000)]
  0x00007fc71dfecc00 JavaThread "HighAlchScript-9" [_thread_blocked, id=593923, stack(0x0000000335ae2000,0x0000000335be2000)]
  0x00007fc71dfba400 JavaThread "BuryScatterScript-9" [_thread_blocked, id=594179, stack(0x0000000335be5000,0x0000000335ce5000)]
  0x00007fc71dfef400 JavaThread "SafetyScript-9" [_thread_blocked, id=625103, stack(0x0000000335ce8000,0x0000000335de8000)]
  0x00007fc71cf0a000 JavaThread "DodgeProjectileScript-1" [_thread_blocked, id=424731, stack(0x00000003360f4000,0x00000003361f4000)]
  0x00007fc71ceec800 JavaThread "LootScript-1" [_thread_blocked, id=354391, stack(0x00000003361f7000,0x00000003362f7000)]
  0x00007fc6cd590000 JavaThread "CannonScript-1" [_thread_blocked, id=452643, stack(0x00000003362fa000,0x00000003363fa000)]
  0x00007fc6cf381400 JavaThread "DodgeProjectileScript-2" [_thread_blocked, id=99403, stack(0x00000003363fd000,0x00000003364fd000)]
  0x00007fc71dff4000 JavaThread "AttackNpcScript-1" [_thread_blocked, id=46483, stack(0x0000000336500000,0x0000000336600000)]
  0x00007fc71d92a400 JavaThread "FoodScript-1" [_thread_blocked, id=601351, stack(0x0000000336603000,0x0000000336703000)]
  0x00007fc71d2c4a00 JavaThread "SafeSpot-1" [_thread_blocked, id=619547, stack(0x0000000336706000,0x0000000336806000)]
  0x00007fc6cece4c00 JavaThread "FlickerScript-1" [_thread_blocked, id=598691, stack(0x0000000336809000,0x0000000336909000)]
  0x00007fc6cea22a00 JavaThread "UseSpecialAttackScript-1" [_thread_blocked, id=682831, stack(0x000000033690c000,0x0000000336a0c000)]
  0x00007fc6de0e8600 JavaThread "FlickerScript-2" [_thread_blocked, id=543487, stack(0x0000000336a0f000,0x0000000336b0f000)]
  0x00007fc71c2afa00 JavaThread "BuryScatterScript-1" [_thread_blocked, id=595339, stack(0x0000000336b12000,0x0000000336c12000)]
  0x00007fc71c3f5000 JavaThread "BuryScatterScript-2" [_thread_blocked, id=544379, stack(0x0000000336c15000,0x0000000336d15000)]
  0x00007fc6cf212800 JavaThread "FoodScript-2" [_thread_blocked, id=620651, stack(0x0000000336d18000,0x0000000336e18000)]
  0x00007fc6de0ea600 JavaThread "SafeSpot-2" [_thread_blocked, id=598931, stack(0x0000000336e1b000,0x0000000336f1b000)]
  0x00007fc71cd4a000 JavaThread "AttackStyleScript-1" [_thread_blocked, id=600443, stack(0x0000000336f1e000,0x000000033701e000)]
  0x00007fc71c910e00 JavaThread "UseSpecialAttackScript-2" [_thread_blocked, id=618243, stack(0x0000000337021000,0x0000000337121000)]
  0x00007fc71dfe1a00 JavaThread "PrayerScript-1" [_thread_blocked, id=602115, stack(0x0000000337124000,0x0000000337224000)]
  0x00007fc71c600e00 JavaThread "AttackStyleScript-2" [_thread_blocked, id=617987, stack(0x0000000337227000,0x0000000337327000)]
  0x00007fc6cd4c3200 JavaThread "PrayerScript-2" [_thread_blocked, id=617475, stack(0x000000033732a000,0x000000033742a000)]
  0x00007fc71cd34000 JavaThread "HighAlchScript-1" [_thread_blocked, id=602883, stack(0x000000033742d000,0x000000033752d000)]
  0x00007fc6cf2f8a00 JavaThread "PotionManagerScript-1" [_thread_blocked, id=603395, stack(0x0000000337530000,0x0000000337630000)]
  0x00007fc6cf289000 JavaThread "SafetyScript-1" [_thread_blocked, id=603651, stack(0x0000000337633000,0x0000000337733000)]
  0x00007fc6cd4c3800 JavaThread "SlayerScript-1" [_thread_blocked, id=616707, stack(0x0000000337736000,0x0000000337836000)]
  0x00007fc71d669400 JavaThread "SlayerScript-2" [_thread_blocked, id=604931, stack(0x0000000337839000,0x0000000337939000)]
  0x00007fc6cf479a00 JavaThread "SafetyScript-2" [_thread_blocked, id=605571, stack(0x000000033793c000,0x0000000337a3c000)]
  0x00007fc6cf41a200 JavaThread "BankerScript-1" [_thread_blocked, id=605699, stack(0x0000000337a3f000,0x0000000337b3f000)]
  0x00007fc71d2c3800 JavaThread "BankerScript-2" [_thread_blocked, id=605955, stack(0x0000000337b42000,0x0000000337c42000)]
  0x00007fc71d6e3000 JavaThread "ShopScript-1" [_thread_blocked, id=615683, stack(0x0000000337c45000,0x0000000337d45000)]
  0x00007fc71c367c00 JavaThread "ShopScript-2" [_thread_blocked, id=606223, stack(0x0000000337d48000,0x0000000337e48000)]
  0x00007fc6cf26d000 JavaThread "CannonScript-2" [_thread_blocked, id=606979, stack(0x0000000337e4b000,0x0000000337f4b000)]
  0x00007fc6cc26ce00 JavaThread "DodgeProjectileScript-3" [_thread_blocked, id=606615, stack(0x0000000337f4e000,0x000000033804e000)]
  0x00007fc6cd4ca200 JavaThread "FlickerScript-3" [_thread_blocked, id=607491, stack(0x0000000338051000,0x0000000338151000)]
  0x00007fc6cd58f200 JavaThread "DodgeProjectileScript-4" [_thread_blocked, id=607763, stack(0x0000000338154000,0x0000000338254000)]
  0x00007fc6cf1b4e00 JavaThread "FlickerScript-4" [_thread_blocked, id=614795, stack(0x0000000338257000,0x0000000338357000)]
  0x00007fc6de00ba00 JavaThread "AttackNpcScript-2" [_thread_blocked, id=608291, stack(0x000000033835a000,0x000000033845a000)]
  0x00007fc71c2b1c00 JavaThread "PrayerScript-3" [_thread_blocked, id=613863, stack(0x000000033845d000,0x000000033855d000)]
  0x00007fc6ce9a4000 JavaThread "BuryScatterScript-3" [_thread_blocked, id=608019, stack(0x0000000338560000,0x0000000338660000)]
  0x00007fc6cee79800 JavaThread "SafeSpot-3" [_thread_blocked, id=613379, stack(0x0000000338663000,0x0000000338763000)]
  0x00007fc6ced3aa00 JavaThread "FoodScript-3" [_thread_blocked, id=612871, stack(0x0000000338766000,0x0000000338866000)]
  0x00007fc6cea2c800 JavaThread "FlickerScript-5" [_thread_blocked, id=612355, stack(0x0000000338869000,0x0000000338969000)]
  0x00007fc71df9ae00 JavaThread "DodgeProjectileScript-5" [_thread_blocked, id=611843, stack(0x000000033896c000,0x0000000338a6c000)]
  0x00007fc71d667800 JavaThread "SafetyScript-3" [_thread_blocked, id=611619, stack(0x0000000338a6f000,0x0000000338b6f000)]
  0x00007fc6de72c600 JavaThread "ShopScript-3" [_thread_blocked, id=611219, stack(0x0000000338b72000,0x0000000338c72000)]
  0x00007fc6cea91200 JavaThread "FlickerScript-6" [_thread_blocked, id=610663, stack(0x0000000338c75000,0x0000000338d75000)]
  0x00007fc6ce869800 JavaThread "DodgeProjectileScript-6" [_thread_blocked, id=609283, stack(0x0000000338d78000,0x0000000338e78000)]
  0x00007fc6cea29000 JavaThread "UseSpecialAttackScript-3" [_thread_blocked, id=609659, stack(0x0000000338e7b000,0x0000000338f7b000)]
  0x00007fc6de622000 JavaThread "AttackStyleScript-3" [_thread_blocked, id=698883, stack(0x0000000338f7e000,0x000000033907e000)]
  0x00007fc6cf475200 JavaThread "SlayerScript-3" [_thread_blocked, id=873491, stack(0x0000000339081000,0x0000000339181000)]
  0x00007fc71d49b400 JavaThread "PrayerScript-4" [_thread_blocked, id=699395, stack(0x0000000339184000,0x0000000339284000)]
  0x00007fc6de7fee00 JavaThread "AttackNpcScript-3" [_thread_blocked, id=872707, stack(0x0000000339287000,0x0000000339387000)]
  0x00007fc6cd4c1a00 JavaThread "FlickerScript-7" [_thread_blocked, id=872195, stack(0x000000033938a000,0x000000033948a000)]
  0x00007fc71cd3c000 JavaThread "DodgeProjectileScript-7" [_thread_blocked, id=699907, stack(0x000000033948d000,0x000000033958d000)]
  0x00007fc71cd35a00 JavaThread "HighAlchScript-2" [_thread_blocked, id=700179, stack(0x0000000339590000,0x0000000339690000)]
  0x00007fc71c220a00 JavaThread "BuryScatterScript-4" [_thread_blocked, id=871487, stack(0x0000000339693000,0x0000000339793000)]
  0x00007fc6de5d5c00 JavaThread "SafeSpot-4" [_thread_blocked, id=871171, stack(0x0000000339796000,0x0000000339896000)]
  0x00007fc71b0bae00 JavaThread "FoodScript-4" [_thread_blocked, id=700675, stack(0x0000000339899000,0x0000000339999000)]
  0x00007fc6cea1e600 JavaThread "SafetyScript-4" [_thread_blocked, id=870659, stack(0x000000033999c000,0x0000000339a9c000)]
  0x00007fc6cf7c3400 JavaThread "ShopScript-4" [_thread_blocked, id=701187, stack(0x0000000339a9f000,0x0000000339b9f000)]
  0x00007fc6ce8f0600 JavaThread "DodgeProjectileScript-8" [_thread_blocked, id=870147, stack(0x0000000339ba2000,0x0000000339ca2000)]
  0x00007fc6cf1cdc00 JavaThread "FlickerScript-8" [_thread_blocked, id=701963, stack(0x0000000339ca5000,0x0000000339da5000)]
  0x00007fc6cd5ef000 JavaThread "LootScript-2" [_thread_blocked, id=702579, stack(0x0000000339da8000,0x0000000339ea8000)]
  0x00007fc6cf736a00 JavaThread "FlickerScript-9" [_thread_blocked, id=702791, stack(0x0000000339eab000,0x0000000339fab000)]
  0x00007fc71c263400 JavaThread "DodgeProjectileScript-9" [_thread_blocked, id=870115, stack(0x0000000339fae000,0x000000033a0ae000)]
  0x00007fc71c0af200 JavaThread "PrayerScript-5" [_thread_blocked, id=703403, stack(0x000000033a0b1000,0x000000033a1b1000)]
  0x00007fc71d155800 JavaThread "LootScript-3" [_thread_blocked, id=869091, stack(0x000000033a1b4000,0x000000033a2b4000)]
  0x00007fc6de0e2600 JavaThread "FlickerScript-10" [_thread_blocked, id=868355, stack(0x000000033a2b7000,0x000000033a3b7000)]
  0x00007fc6cf3b0c00 JavaThread "DodgeProjectileScript-10" [_thread_blocked, id=703491, stack(0x000000033a3ba000,0x000000033a4ba000)]
  0x00007fc71c895c00 JavaThread "SafeSpot-5" [_thread_blocked, id=703787, stack(0x000000033a4bd000,0x000000033a5bd000)]
  0x00007fc6cee61000 JavaThread "BuryScatterScript-5" [_thread_blocked, id=867331, stack(0x000000033a5c0000,0x000000033a6c0000)]
  0x00007fc6cd5f1600 JavaThread "FoodScript-5" [_thread_blocked, id=704003, stack(0x000000033a6c3000,0x000000033a7c3000)]
  0x00007fc71d6d0c00 JavaThread "SafetyScript-5" [_thread_blocked, id=704523, stack(0x000000033a7c6000,0x000000033a8c6000)]
  0x00007fc6ce89f000 JavaThread "ShopScript-5" [_thread_blocked, id=866563, stack(0x000000033a8c9000,0x000000033a9c9000)]
  0x00007fc71d6d1200 JavaThread "LootScript-4" [_thread_blocked, id=866331, stack(0x000000033a9cc000,0x000000033aacc000)]
  0x00007fc6ce8a3a00 JavaThread "UseSpecialAttackScript-4" [_thread_blocked, id=705299, stack(0x000000033aacf000,0x000000033abcf000)]
  0x00007fc71c0af800 JavaThread "AttackStyleScript-4" [_thread_blocked, id=705795, stack(0x000000033abd2000,0x000000033acd2000)]
  0x00007fc6cec36400 JavaThread "BankerScript-3" [_thread_blocked, id=706051, stack(0x000000033acd5000,0x000000033add5000)]
  0x00007fc71dee2a00 JavaThread "SlayerScript-4" [_thread_blocked, id=865539, stack(0x000000033add8000,0x000000033aed8000)]
  0x00007fc71c1c4400 JavaThread "PrayerScript-6" [_thread_blocked, id=865031, stack(0x000000033aedb000,0x000000033afdb000)]
  0x00007fc6cfa22400 JavaThread "LootScript-5" [_thread_blocked, id=706571, stack(0x000000033afde000,0x000000033b0de000)]
  0x00007fc6ce8db600 JavaThread "CannonScript-3" [_thread_blocked, id=864303, stack(0x000000033b0e1000,0x000000033b1e1000)]
  0x00007fc6ce9ab000 JavaThread "AttackNpcScript-4" [_thread_blocked, id=707111, stack(0x000000033b1e4000,0x000000033b2e4000)]
  0x00007fc6ced23000 JavaThread "LootScript-6" [_thread_blocked, id=707647, stack(0x000000033b2e7000,0x000000033b3e7000)]
  0x00007fc71dee3000 JavaThread "SafeSpot-6" [_thread_blocked, id=707951, stack(0x000000033b3ea000,0x000000033b4ea000)]
  0x00007fc6cf391000 JavaThread "BuryScatterScript-6" [_thread_blocked, id=863235, stack(0x000000033b4ed000,0x000000033b5ed000)]
  0x00007fc71d6d7000 JavaThread "FoodScript-6" [_thread_blocked, id=862979, stack(0x000000033b5f0000,0x000000033b6f0000)]
  0x00007fc6ced8d800 JavaThread "SafetyScript-6" [_thread_blocked, id=862563, stack(0x000000033b6f3000,0x000000033b7f3000)]
  0x00007fc6cd58ea00 JavaThread "ShopScript-6" [_thread_blocked, id=862731, stack(0x000000033b7f6000,0x000000033b8f6000)]
  0x00007fc6cd435200 JavaThread "LootScript-7" [_thread_blocked, id=861699, stack(0x000000033b8f9000,0x000000033b9f9000)]
  0x00007fc6cd2e9000 JavaThread "PrayerScript-7" [_thread_blocked, id=708931, stack(0x000000033b9fc000,0x000000033bafc000)]
  0x00007fc71d6d7600 JavaThread "HighAlchScript-3" [_thread_blocked, id=709691, stack(0x000000033baff000,0x000000033bbff000)]
  0x00007fc6cf391600 JavaThread "LootScript-8" [_thread_blocked, id=861015, stack(0x000000033bc02000,0x000000033bd02000)]
  0x00007fc6cd434600 JavaThread "LootScript-9" [_thread_blocked, id=860563, stack(0x000000033bd05000,0x000000033be05000)]
  0x00007fc71d68de00 JavaThread "AttackStyleScript-5" [_thread_blocked, id=860303, stack(0x000000033be08000,0x000000033bf08000)]
  0x00007fc71d68e400 JavaThread "UseSpecialAttackScript-5" [_thread_blocked, id=859907, stack(0x000000033bf0b000,0x000000033c00b000)]
  0x00007fc71c1c4a00 JavaThread "FoodScript-7" [_thread_blocked, id=710403, stack(0x000000033c00e000,0x000000033c10e000)]
  0x00007fc6cfe14c00 JavaThread "BuryScatterScript-7" [_thread_blocked, id=710915, stack(0x000000033c111000,0x000000033c211000)]
  0x00007fc71c28a600 JavaThread "SafeSpot-7" [_thread_blocked, id=711427, stack(0x000000033c214000,0x000000033c314000)]
  0x00007fc71c28ac00 JavaThread "SlayerScript-5" [_thread_blocked, id=859155, stack(0x000000033c317000,0x000000033c417000)]
  0x00007fc6cd434c00 JavaThread "PrayerScript-8" [_thread_blocked, id=712227, stack(0x000000033c41a000,0x000000033c51a000)]
  0x00007fc71c363600 JavaThread "SafetyScript-7" [_thread_blocked, id=711699, stack(0x000000033c51d000,0x000000033c61d000)]
  0x00007fc71c363c00 JavaThread "ShopScript-7" [_thread_blocked, id=712707, stack(0x000000033c620000,0x000000033c720000)]
  0x00007fc6cd3f6000 JavaThread "LootScript-10" [_thread_blocked, id=713283, stack(0x000000033c723000,0x000000033c823000)]
  0x00007fc71d5b1600 JavaThread "AttackNpcScript-5" [_thread_blocked, id=858611, stack(0x000000033c826000,0x000000033c926000)]
  0x00007fc71df44c00 JavaThread "PrayerScript-9" [_thread_blocked, id=858235, stack(0x000000033c929000,0x000000033ca29000)]
  0x00007fc71cee4600 JavaThread "FoodScript-8" [_thread_blocked, id=714163, stack(0x000000033ca2c000,0x000000033cb2c000)]
  0x00007fc6cd3f4400 JavaThread "BuryScatterScript-8" [_thread_blocked, id=714499, stack(0x000000033cb2f000,0x000000033cc2f000)]
  0x00007fc6cd3f4a00 JavaThread "SafeSpot-8" [_thread_blocked, id=857603, stack(0x000000033cc32000,0x000000033cd32000)]
  0x00007fc6ced16c00 JavaThread "ShopScript-8" [_thread_blocked, id=857347, stack(0x000000033cd35000,0x000000033ce35000)]
  0x00007fc6ced1da00 JavaThread "SafetyScript-8" [_thread_blocked, id=715267, stack(0x000000033ce38000,0x000000033cf38000)]
  0x00007fc71c3fdc00 JavaThread "AttackStyleScript-6" [_thread_blocked, id=856775, stack(0x000000033cf3b000,0x000000033d03b000)]
  0x00007fc6cd3f5000 JavaThread "BankerScript-4" [_thread_blocked, id=856115, stack(0x000000033d03e000,0x000000033d13e000)]
  0x00007fc71c337600 JavaThread "UseSpecialAttackScript-6" [_thread_blocked, id=716291, stack(0x000000033d141000,0x000000033d241000)]
  0x00007fc71c337c00 JavaThread "SlayerScript-6" [_thread_blocked, id=855875, stack(0x000000033d244000,0x000000033d344000)]
  0x00007fc6cd3f5600 JavaThread "PrayerScript-10" [_thread_blocked, id=716947, stack(0x000000033d347000,0x000000033d447000)]
  0x00007fc6cea2dc00 JavaThread "CannonScript-4" [_thread_blocked, id=855795, stack(0x000000033d44a000,0x000000033d54a000)]
  0x00007fc71df45200 JavaThread "HighAlchScript-4" [_thread_blocked, id=717343, stack(0x000000033d54d000,0x000000033d64d000)]
  0x00007fc71cee4c00 JavaThread "FoodScript-9" [_thread_blocked, id=717619, stack(0x000000033d650000,0x000000033d750000)]
  0x00007fc6ced44600 JavaThread "SafeSpot-9" [_thread_blocked, id=717827, stack(0x000000033d753000,0x000000033d853000)]
  0x00007fc6cf256800 JavaThread "BuryScatterScript-9" [_thread_blocked, id=854555, stack(0x000000033d856000,0x000000033d956000)]
  0x00007fc6cf256e00 JavaThread "SafetyScript-9" [_thread_blocked, id=718371, stack(0x000000033d959000,0x000000033da59000)]
  0x00007fc6cea92400 JavaThread "ShopScript-9" [_thread_blocked, id=718851, stack(0x000000033da5c000,0x000000033db5c000)]
  0x00007fc6cec74e00 JavaThread "AttackNpcScript-6" [_thread_blocked, id=719555, stack(0x000000033db5f000,0x000000033dc5f000)]
  0x00007fc6cd5ef600 JavaThread "FoodScript-10" [_thread_blocked, id=720287, stack(0x000000033dc62000,0x000000033dd62000)]
  0x00007fc6cd429e00 JavaThread "SafeSpot-10" [_thread_blocked, id=720407, stack(0x000000033dd65000,0x000000033de65000)]
  0x00007fc6cec8a000 JavaThread "BuryScatterScript-10" [_thread_blocked, id=720899, stack(0x000000033de68000,0x000000033df68000)]
  0x00007fc6cfa2d000 JavaThread "ShopScript-10" [_thread_blocked, id=719751, stack(0x000000033df6b000,0x000000033e06b000)]
  0x00007fc71d5b0a00 JavaThread "SafetyScript-10" [_thread_blocked, id=721411, stack(0x000000033e06e000,0x000000033e16e000)]
  0x00007fc71c321400 JavaThread "AttackStyleScript-7" [_thread_blocked, id=853539, stack(0x000000033e171000,0x000000033e271000)]
  0x00007fc6cc0a5e00 JavaThread "UseSpecialAttackScript-7" [_thread_blocked, id=722691, stack(0x000000033e274000,0x000000033e374000)]
  0x00007fc6cd5efc00 JavaThread "SlayerScript-7" [_thread_blocked, id=722235, stack(0x000000033e377000,0x000000033e477000)]
  0x00007fc6cec80e00 JavaThread "PotionManagerScript-2" [_thread_blocked, id=853067, stack(0x000000033e47a000,0x000000033e57a000)]
  0x00007fc71c321a00 JavaThread "AttackNpcScript-7" [_thread_blocked, id=852943, stack(0x000000033e57d000,0x000000033e67d000)]
  0x00007fc6cf7cf000 JavaThread "HighAlchScript-5" [_thread_blocked, id=852563, stack(0x000000033e680000,0x000000033e780000)]
  0x00007fc6cf7b7000 JavaThread "AttackStyleScript-8" [_thread_blocked, id=852083, stack(0x000000033e783000,0x000000033e883000)]
  0x00007fc6cec06800 JavaThread "BankerScript-5" [_thread_blocked, id=851467, stack(0x000000033e886000,0x000000033e986000)]
  0x00007fc6cef8c000 JavaThread "UseSpecialAttackScript-8" [_thread_blocked, id=851771, stack(0x000000033e989000,0x000000033ea89000)]
  0x00007fc6cd5f0e00 JavaThread "SlayerScript-8" [_thread_blocked, id=850483, stack(0x000000033ea8c000,0x000000033eb8c000)]
  0x00007fc71d5b1000 JavaThread "CannonScript-5" [_thread_blocked, id=850091, stack(0x000000033eb8f000,0x000000033ec8f000)]
  0x00007fc71b40e400 JavaThread "AttackNpcScript-8" [_thread_blocked, id=724387, stack(0x000000033ec92000,0x000000033ed92000)]
  0x00007fc6cc669400 JavaThread "AttackStyleScript-9" [_thread_blocked, id=849443, stack(0x000000033ed95000,0x000000033ee95000)]
  0x00007fc6cd42b000 JavaThread "UseSpecialAttackScript-9" [_thread_blocked, id=724931, stack(0x000000033ee98000,0x000000033ef98000)]
  0x00007fc71b40ea00 JavaThread "SlayerScript-9" [_thread_blocked, id=848915, stack(0x000000033ef9b000,0x000000033f09b000)]
  0x00007fc71d1be800 JavaThread "HighAlchScript-6" [_thread_blocked, id=848699, stack(0x000000033f09e000,0x000000033f19e000)]
  0x00007fc71dff6200 JavaThread "AttackStyleScript-10" [_thread_blocked, id=725383, stack(0x000000033f1a1000,0x000000033f2a1000)]
  0x00007fc6cd2e8800 JavaThread "BankerScript-6" [_thread_blocked, id=847875, stack(0x000000033f2a4000,0x000000033f3a4000)]
  0x00007fc71b59f600 JavaThread "UseSpecialAttackScript-10" [_thread_blocked, id=725507, stack(0x000000033f3a7000,0x000000033f4a7000)]
  0x00007fc6cd5f0200 JavaThread "SlayerScript-10" [_thread_blocked, id=846851, stack(0x000000033f4aa000,0x000000033f5aa000)]
  0x00007fc6cd5f0800 JavaThread "CannonScript-6" [_thread_blocked, id=847167, stack(0x000000033f5ad000,0x000000033f6ad000)]
  0x00007fc6cec74200 JavaThread "AttackNpcScript-9" [_thread_blocked, id=726299, stack(0x000000033f6b0000,0x000000033f7b0000)]
  0x00007fc71b59ea00 JavaThread "HighAlchScript-7" [_thread_blocked, id=726839, stack(0x000000033f7b3000,0x000000033f8b3000)]
  0x00007fc6cec74800 JavaThread "AttackNpcScript-10" [_thread_blocked, id=846259, stack(0x000000033f8b6000,0x000000033f9b6000)]
  0x00007fc71b59f000 JavaThread "BankerScript-7" [_thread_blocked, id=727487, stack(0x000000033f9b9000,0x000000033fab9000)]
  0x00007fc6ced22a00 JavaThread "CannonScript-7" [_thread_blocked, id=727827, stack(0x000000033fabc000,0x000000033fbbc000)]
  0x00007fc6de6af800 JavaThread "HighAlchScript-8" [_thread_blocked, id=728659, stack(0x000000033fbbf000,0x000000033fcbf000)]
  0x00007fc6cec89400 JavaThread "PotionManagerScript-3" [_thread_blocked, id=729271, stack(0x000000033fcc2000,0x000000033fdc2000)]
  0x00007fc6cf286400 JavaThread "HighAlchScript-9" [_thread_blocked, id=844491, stack(0x000000033fdc5000,0x000000033fec5000)]
  0x00007fc6cd429800 JavaThread "BankerScript-8" [_thread_blocked, id=844667, stack(0x000000033fec8000,0x000000033ffc8000)]
  0x00007fc6cec89a00 JavaThread "CannonScript-8" [_thread_blocked, id=843119, stack(0x000000033ffcb000,0x00000003400cb000)]
  0x00007fc71c612400 JavaThread "HighAlchScript-10" [_thread_blocked, id=731467, stack(0x00000003400ce000,0x00000003401ce000)]
  0x00007fc71dff5600 JavaThread "BankerScript-9" [_thread_blocked, id=731727, stack(0x00000003401d1000,0x00000003402d1000)]
  0x00007fc6cec08000 JavaThread "CannonScript-9" [_thread_blocked, id=842063, stack(0x00000003402d4000,0x00000003403d4000)]
  0x00007fc6cec08600 JavaThread "PotionManagerScript-4" [_thread_blocked, id=731987, stack(0x00000003403d7000,0x00000003404d7000)]
  0x00007fc6cd428200 JavaThread "BankerScript-10" [_thread_blocked, id=732183, stack(0x00000003404da000,0x00000003405da000)]
  0x00007fc6cd428800 JavaThread "CannonScript-10" [_thread_blocked, id=841259, stack(0x00000003405dd000,0x00000003406dd000)]
  0x00007fc71dff5c00 JavaThread "PotionManagerScript-5" [_thread_blocked, id=840959, stack(0x00000003406e0000,0x00000003407e0000)]
  0x00007fc6cd260000 JavaThread "PotionManagerScript-6" [_thread_blocked, id=733391, stack(0x00000003407e3000,0x00000003408e3000)]
  0x00007fc71c322600 JavaThread "PotionManagerScript-7" [_thread_blocked, id=733507, stack(0x00000003408e6000,0x00000003409e6000)]
  0x00007fc6cd1d6400 JavaThread "PotionManagerScript-8" [_thread_blocked, id=735107, stack(0x00000003409e9000,0x0000000340ae9000)]
  0x00007fc6cd25ee00 JavaThread "PotionManagerScript-9" [_thread_blocked, id=734555, stack(0x0000000340aec000,0x0000000340bec000)]
  0x00007fc6ce922200 JavaThread "PotionManagerScript-10" [_thread_blocked, id=735631, stack(0x0000000340cf2000,0x0000000340df2000)]
  0x00007fc6cf7f0000 JavaThread "FastSlayerScript-1" [_thread_blocked, id=835659, stack(0x0000000335eee000,0x0000000335fee000)]
  0x00007fc71b45e000 JavaThread "FastSlayerAttackScript-1" [_thread_blocked, id=49267, stack(0x0000000335ff1000,0x00000003360f1000)]
  0x00007fc6cf4da400 JavaThread "FastSlayerFoodScript-1" [_thread_blocked, id=835583, stack(0x0000000340bef000,0x0000000340cef000)]
  0x00007fc71df3da00 JavaThread "FastSlayerPotionScript-1" [_thread_blocked, id=741123, stack(0x0000000340df5000,0x0000000340ef5000)]
  0x00007fc71c0dd400 JavaThread "FastSlayerAttackScript-2" [_thread_blocked, id=741379, stack(0x0000000340ef8000,0x0000000340ff8000)]
  0x00007fc6da659800 JavaThread "FastSlayerPotionScript-2" [_thread_blocked, id=741635, stack(0x0000000340ffb000,0x00000003410fb000)]
  0x00007fc71cd39000 JavaThread "FastSlayerPrayerScript-1" [_thread_blocked, id=741891, stack(0x00000003410fe000,0x00000003411fe000)]
  0x00007fc6cbd8a800 JavaThread "FastSlayerFoodScript-2" [_thread_blocked, id=742403, stack(0x0000000341201000,0x0000000341301000)]
  0x00007fc6cbd8ae00 JavaThread "FastSlayerPrayerScript-2" [_thread_blocked, id=834051, stack(0x0000000341304000,0x0000000341404000)]
  0x00007fc71d693a00 JavaThread "FastSlayerBuryScript-1" [_thread_blocked, id=833539, stack(0x0000000341407000,0x0000000341507000)]
  0x00007fc6da659e00 JavaThread "FastSlayerBuryScript-2" [_thread_blocked, id=743171, stack(0x000000034150a000,0x000000034160a000)]
  0x00007fc6fb3a0400 JavaThread "FastSlayerLootScript-1" [_thread_blocked, id=833283, stack(0x000000034160d000,0x000000034170d000)]
  0x00007fc6cf7ee600 JavaThread "FastSlayerLootScript-2" [_thread_blocked, id=833027, stack(0x0000000341710000,0x0000000341810000)]
  0x00007fc6cbdda800 JavaThread "FastSlayerSpecialAttackScript-1" [_thread_blocked, id=743683, stack(0x0000000341813000,0x0000000341913000)]
  0x00007fc6cf7da400 JavaThread "FastSlayerSpecialAttackScript-2" [_thread_blocked, id=832515, stack(0x0000000341916000,0x0000000341a16000)]
  0x00007fc6dc834400 JavaThread "FastSlayerFlickerScript-1" [_thread_blocked, id=744451, stack(0x0000000341a19000,0x0000000341b19000)]
  0x00007fc6cf7e8600 JavaThread "FastSlayerFlickerScript-2" [_thread_blocked, id=744707, stack(0x0000000341b1c000,0x0000000341c1c000)]
  0x00007fc6dd02bc00 JavaThread "FastSlayerIceCoolerScript-1" [_thread_blocked, id=831747, stack(0x0000000341c1f000,0x0000000341d1f000)]
  0x00007fc6cf7e8c00 JavaThread "FastSlayerIceCoolerScript-2" [_thread_blocked, id=831491, stack(0x0000000341d22000,0x0000000341e22000)]
  0x00007fc6da700e00 JavaThread "FastSlayerSafetyScript-1" [_thread_blocked, id=745219, stack(0x0000000341e25000,0x0000000341f25000)]
  0x00007fc71d1bee00 JavaThread "FastSlayerSafetyScript-2" [_thread_blocked, id=745475, stack(0x0000000341f28000,0x0000000342028000)]
  0x00007fc6cbd66600 JavaThread "FastSlayerFlickerScript-3" [_thread_blocked, id=830643, stack(0x000000034202b000,0x000000034212b000)]
  0x00007fc71cc6f800 JavaThread "FastSlayerLootScript-3" [_thread_blocked, id=830211, stack(0x000000034212e000,0x000000034222e000)]
  0x00007fc6fb7b7600 JavaThread "FastSlayerFlickerScript-4" [_thread_blocked, id=830131, stack(0x0000000342231000,0x0000000342331000)]
  0x00007fc6fb7f2200 JavaThread "FastSlayerLootScript-4" [_thread_blocked, id=746499, stack(0x0000000342334000,0x0000000342434000)]
  0x00007fc71d6e1a00 JavaThread "FastSlayerPrayerScript-3" [_thread_blocked, id=747043, stack(0x0000000342437000,0x0000000342537000)]
  0x00007fc6ce7faa00 JavaThread "FastSlayerAttackScript-3" [_thread_blocked, id=829923, stack(0x000000034253a000,0x000000034263a000)]
  0x00007fc71b1b1200 JavaThread "FastSlayerPotionScript-3" [_thread_blocked, id=829459, stack(0x000000034263d000,0x000000034273d000)]
  0x00007fc71c69c000 JavaThread "FastSlayerFoodScript-3" [_thread_blocked, id=748035, stack(0x0000000342740000,0x0000000342840000)]
  0x00007fc71d67f000 JavaThread "FastSlayerBuryScript-3" [_thread_blocked, id=829187, stack(0x0000000342843000,0x0000000342943000)]
  0x00007fc6ce7b4c00 JavaThread "FastSlayerSafetyScript-3" [_thread_blocked, id=748547, stack(0x0000000342946000,0x0000000342a46000)]
  0x00007fc6fb4b9800 JavaThread "FastSlayerIceCoolerScript-3" [_thread_blocked, id=828675, stack(0x0000000342a49000,0x0000000342b49000)]
  0x00007fc71c488400 JavaThread "FastSlayerFlickerScript-5" [_thread_blocked, id=828163, stack(0x0000000342b4c000,0x0000000342c4c000)]
  0x00007fc71cc6fe00 JavaThread "FastSlayerLootScript-5" [_thread_blocked, id=827651, stack(0x0000000342c4f000,0x0000000342d4f000)]
  0x00007fc6da78f200 JavaThread "FastSlayerScript-2" [_thread_blocked, id=749455, stack(0x0000000342d52000,0x0000000342e52000)]
  0x00007fc6cf287a00 JavaThread "FastSlayerFlickerScript-6" [_thread_blocked, id=749839, stack(0x0000000342e55000,0x0000000342f55000)]
  0x00007fc6cf288000 JavaThread "FastSlayerLootScript-6" [_thread_blocked, id=750083, stack(0x0000000342f58000,0x0000000343058000)]
  0x00007fc6ce63f000 JavaThread "FastSlayerSpecialAttackScript-3" [_thread_blocked, id=827075, stack(0x000000034305b000,0x000000034315b000)]
  0x00007fc71df3ce00 JavaThread "FastSlayerPrayerScript-4" [_thread_blocked, id=750339, stack(0x000000034315e000,0x000000034325e000)]
  0x00007fc6ce61c200 JavaThread "FastSlayerFlickerScript-7" [_thread_blocked, id=825859, stack(0x0000000343261000,0x0000000343361000)]
  0x00007fc71c1cbe00 JavaThread "FastSlayerLootScript-7" [_thread_blocked, id=751619, stack(0x0000000343364000,0x0000000343464000)]
  0x00007fc6cb927800 JavaThread "FastSlayerAttackScript-4" [_thread_blocked, id=825139, stack(0x0000000343467000,0x0000000343567000)]
  0x00007fc6cf1a6e00 JavaThread "FastSlayerPotionScript-4" [_thread_blocked, id=752899, stack(0x000000034356a000,0x000000034366a000)]
  0x00007fc6da3bda00 JavaThread "FastSlayerSafetyScript-4" [_thread_blocked, id=824835, stack(0x000000034366d000,0x000000034376d000)]
  0x00007fc6cf7c1a00 JavaThread "FastSlayerBuryScript-4" [_thread_blocked, id=753415, stack(0x0000000343770000,0x0000000343870000)]
  0x00007fc71c0b6200 JavaThread "FastSlayerFoodScript-4" [_thread_blocked, id=753923, stack(0x0000000343873000,0x0000000343973000)]
  0x00007fc6de00b000 JavaThread "FastSlayerIceCoolerScript-4" [_thread_blocked, id=824323, stack(0x0000000343976000,0x0000000343a76000)]
  0x00007fc6da3bce00 JavaThread "FastSlayerLootScript-8" [_thread_blocked, id=823811, stack(0x0000000343a79000,0x0000000343b79000)]
  0x00007fc6cf39b800 JavaThread "FastSlayerFlickerScript-8" [_thread_blocked, id=823299, stack(0x0000000343b7c000,0x0000000343c7c000)]
  0x00007fc6cf39ac00 JavaThread "FastSlayerFlickerScript-9" [_thread_blocked, id=823027, stack(0x0000000343c7f000,0x0000000343d7f000)]
  0x00007fc6cf39b200 JavaThread "FastSlayerLootScript-9" [_thread_blocked, id=754691, stack(0x0000000343d82000,0x0000000343e82000)]
  0x00007fc71c819400 JavaThread "FastSlayerPrayerScript-5" [_thread_blocked, id=822551, stack(0x0000000343e85000,0x0000000343f85000)]
  0x00007fc6da3bd400 JavaThread "FastSlayerFlickerScript-10" [_thread_blocked, id=822331, stack(0x0000000343f88000,0x0000000344088000)]
  0x00007fc71d68d800 JavaThread "FastSlayerLootScript-10" [_thread_blocked, id=755475, stack(0x000000034408b000,0x000000034418b000)]
  0x00007fc6cf472200 JavaThread "FastSlayerPotionScript-5" [_thread_blocked, id=756115, stack(0x000000034418e000,0x000000034428e000)]
  0x00007fc71df3d400 JavaThread "FastSlayerSafetyScript-5" [_thread_blocked, id=821763, stack(0x0000000344291000,0x0000000344391000)]
  0x00007fc71ccaf400 JavaThread "FastSlayerAttackScript-5" [_thread_blocked, id=756739, stack(0x0000000344394000,0x0000000344494000)]
  0x00007fc6da78ea00 JavaThread "FastSlayerFoodScript-5" [_thread_blocked, id=821251, stack(0x0000000344497000,0x0000000344597000)]
  0x00007fc6da658c00 JavaThread "FastSlayerIceCoolerScript-5" [_thread_blocked, id=756995, stack(0x000000034459a000,0x000000034469a000)]
  0x00007fc71b4fe000 JavaThread "FastSlayerBuryScript-5" [_thread_blocked, id=820483, stack(0x000000034469d000,0x000000034479d000)]
  0x00007fc6de683e00 JavaThread "FastSlayerSpecialAttackScript-4" [_thread_blocked, id=757543, stack(0x00000003447a0000,0x00000003448a0000)]
  0x00007fc71c3d9e00 JavaThread "FastSlayerPrayerScript-6" [_thread_blocked, id=820243, stack(0x00000003448a3000,0x00000003449a3000)]
  0x00007fc6cbafbc00 JavaThread "FastSlayerPotionScript-6" [_thread_blocked, id=758131, stack(0x00000003449a6000,0x0000000344aa6000)]
  0x00007fc6da659200 JavaThread "FastSlayerAttackScript-6" [_thread_blocked, id=819459, stack(0x0000000344aa9000,0x0000000344ba9000)]
  0x00007fc6fb4bac00 JavaThread "FastSlayerBuryScript-6" [_thread_blocked, id=818955, stack(0x0000000344bac000,0x0000000344cac000)]
  0x00007fc71d498c00 JavaThread "FastSlayerFoodScript-6" [_thread_blocked, id=758275, stack(0x0000000344caf000,0x0000000344daf000)]
  0x00007fc71d682000 JavaThread "FastSlayerSafetyScript-6" [_thread_blocked, id=758531, stack(0x0000000344db2000,0x0000000344eb2000)]
  0x00007fc6cf648e00 JavaThread "FastSlayerIceCoolerScript-6" [_thread_blocked, id=817923, stack(0x0000000344eb5000,0x0000000344fb5000)]
  0x00007fc6ce535400 JavaThread "FastSlayerPrayerScript-7" [_thread_blocked, id=817435, stack(0x0000000344fb8000,0x00000003450b8000)]
  0x00007fc6ce489400 JavaThread "logback-1" daemon [_thread_blocked, id=227411, stack(0x0000000335deb000,0x0000000335eeb000)]
  0x00007fc6ce48ae00 JavaThread "pool-6-thread-3" [_thread_blocked, id=809363, stack(0x00000003452c1000,0x00000003453c1000)]
  0x00007fc6cd6eba00 JavaThread "pool-6-thread-4" [_thread_blocked, id=812283, stack(0x00000003453c4000,0x00000003454c4000)]
  0x00007fc6cbac4400 JavaThread "PrayerPotionScript-1" [_thread_blocked, id=114867, stack(0x00000003451be000,0x00000003452be000)]
  0x00007fc6de03ba00 JavaThread "PrayerPotionScript-2" [_thread_blocked, id=764691, stack(0x00000003454c7000,0x00000003455c7000)]
  0x00007fc6cf420200 JavaThread "PrayerPotionScript-3" [_thread_blocked, id=389163, stack(0x00000003455ca000,0x00000003456ca000)]
  0x00007fc71cd3dc00 JavaThread "PrayerPotionScript-4" [_thread_blocked, id=99691, stack(0x00000003456cd000,0x00000003457cd000)]
  0x00007fc6cf6c2600 JavaThread "PrayerPotionScript-5" [_thread_blocked, id=770635, stack(0x00000003457d0000,0x00000003458d0000)]
  0x00007fc6cf4d8600 JavaThread "PrayerPotionScript-6" [_thread_blocked, id=765711, stack(0x00000003458d3000,0x00000003459d3000)]
  0x00007fc6cd290000 JavaThread "PrayerPotionScript-7" [_thread_blocked, id=454171, stack(0x00000003459d6000,0x0000000345ad6000)]
  0x00007fc71cec8000 JavaThread "PrayerPotionScript-8" [_thread_blocked, id=622291, stack(0x0000000345ad9000,0x0000000345bd9000)]
  0x00007fc6cd2e6c00 JavaThread "PrayerPotionScript-9" [_thread_blocked, id=392363, stack(0x0000000345bdc000,0x0000000345cdc000)]
  0x00007fc6de6f0800 JavaThread "PrayerPotionScript-10" [_thread_blocked, id=767307, stack(0x0000000345cdf000,0x0000000345ddf000)]
  0x00007fc71cc2ca00 JavaThread "pool-6-thread-5" [_thread_blocked, id=807511, stack(0x0000000313407000,0x0000000313507000)]
  0x00007fc6de473a00 JavaThread "pool-6-thread-6" [_thread_blocked, id=622823, stack(0x000000031bb1f000,0x000000031bc1f000)]
  0x00007fc6dec3aa00 JavaThread "pool-6-thread-7" [_thread_blocked, id=486875, stack(0x00000003460eb000,0x00000003461eb000)]
  0x00007fc6dee6f800 JavaThread "pool-6-thread-8" [_thread_blocked, id=759215, stack(0x00000003461ee000,0x00000003462ee000)]
  0x00007fc71ccc2e00 JavaThread "pool-6-thread-9" [_thread_blocked, id=799523, stack(0x0000000322449000,0x0000000322549000)]
  0x00007fc6ce26a200 JavaThread "pool-6-thread-10" [_thread_blocked, id=350451, stack(0x0000000328f87000,0x0000000329087000)]
  0x00007fc6decf3200 JavaThread "OkHttp ConnectionPool" daemon [_thread_blocked, id=124347, stack(0x000000031ba0e000,0x000000031bb0e000)]
  0x00007fc6ded6f800 JavaThread "OkHttp api.runelite.net Writer" [_thread_blocked, id=740739, stack(0x00000003450bb000,0x00000003451bb000)]
  0x00007fc71ce78c00 JavaThread "OkHttp api.runelite.net" [_thread_in_native, id=774283, stack(0x0000000345de2000,0x0000000345ee2000)]
  0x00007fc6ce4ef200 JavaThread "Thread-992" daemon [_thread_in_native, id=802819, stack(0x00000003463f4000,0x00000003464f4000)]
  0x00007fc71cc5c600 JavaThread "Thread-993" daemon [_thread_blocked, id=815207, stack(0x00000003464f7000,0x00000003465f7000)]
  0x00007fc6da215a00 JavaThread "PestleAndMortarScript-1" [_thread_blocked, id=597099, stack(0x0000000308867000,0x0000000308967000)]
  0x00007fc6ce170a00 JavaThread "StaffScript-1" [_thread_blocked, id=685587, stack(0x0000000322346000,0x0000000322446000)]
  0x00007fc6ce35d600 JavaThread "StaffScript-2" [_thread_blocked, id=776223, stack(0x0000000345ee5000,0x0000000345fe5000)]
  0x00007fc6ce759800 JavaThread "Okio Watchdog" daemon [_thread_blocked, id=808351, stack(0x0000000345fe8000,0x00000003460e8000)]
  0x00007fc6de36bc00 JavaThread "StaffScript-3" [_thread_blocked, id=154967, stack(0x00000003462f1000,0x00000003463f1000)]
  0x00007fc6de369200 JavaThread "OkHttp Dispatcher" [_thread_blocked, id=772115, stack(0x00000003466fd000,0x00000003467fd000)]
  0x00007fc6cf4d9200 JavaThread "OkHttp secure.runescape.com Writer" [_thread_blocked, id=765551, stack(0x0000000346800000,0x0000000346900000)]
  0x00007fc6da35dc00 JavaThread "OkHttp secure.runescape.com" [_thread_in_native, id=803099, stack(0x0000000346903000,0x0000000346a03000)]
  0x00007fc6da269c00 JavaThread "OkHttp Http2Connection" daemon [_thread_blocked, id=811795, stack(0x0000000346a06000,0x0000000346b06000)]
  0x00007fc6fb20d800 JavaThread "StaffScript-4" [_thread_blocked, id=450011, stack(0x00000003465fa000,0x00000003466fa000)]
  0x00007fc6cf7c1400 JavaThread "StaffScript-5" [_thread_blocked, id=796547, stack(0x0000000346b09000,0x0000000346c09000)]

Other Threads:
  0x00007fc71bb0a790 VMThread "VM Thread" [stack: 0x0000000305ab4000,0x0000000305bb4000] [id=18947]
  0x00007fc71bc107f0 WatcherThread [stack: 0x00000003066e3000,0x00000003067e3000] [id=26527]
  0x00007fc71b80b620 GCTaskThread "GC Thread#0" [stack: 0x00000003055a5000,0x00000003056a5000] [id=16899]
  0x00007fc71baab0b0 GCTaskThread "GC Thread#1" [stack: 0x0000000306b80000,0x0000000306c80000] [id=78923]
  0x00007fc71baabae0 GCTaskThread "GC Thread#2" [stack: 0x0000000306c83000,0x0000000306d83000] [id=78595]
  0x00007fc71baac510 GCTaskThread "GC Thread#3" [stack: 0x0000000306d86000,0x0000000306e86000] [id=74499]
  0x00007fc71baacf40 GCTaskThread "GC Thread#4" [stack: 0x0000000306e89000,0x0000000306f89000] [id=75011]
  0x00007fc71baad970 GCTaskThread "GC Thread#5" [stack: 0x0000000306f8c000,0x000000030708c000] [id=75523]
  0x00007fc71baafee0 GCTaskThread "GC Thread#6" [stack: 0x000000030708f000,0x000000030718f000] [id=76863]
  0x00007fc71bab0860 GCTaskThread "GC Thread#7" [stack: 0x0000000307192000,0x0000000307292000] [id=76547]
  0x00007fc71b80c570 ConcurrentGCThread "G1 Main Marker" [stack: 0x00000003056a8000,0x00000003057a8000] [id=21251]
  0x00007fc71b80d440 ConcurrentGCThread "G1 Conc#0" [stack: 0x00000003057ab000,0x00000003058ab000] [id=20483]
  0x00007fc71baafb60 ConcurrentGCThread "G1 Conc#1" [stack: 0x0000000307a30000,0x0000000307b30000] [id=104247]
  0x00007fc71b829de0 ConcurrentGCThread "G1 Refine#0" [stack: 0x00000003058ae000,0x00000003059ae000] [id=17667]
  0x00007fc6dc634b10 ConcurrentGCThread "G1 Refine#1" [stack: 0x0000000308b63000,0x0000000308c63000] [id=174083]
  0x00007fc71bc84800 ConcurrentGCThread "G1 Refine#2" [stack: 0x00000003090fb000,0x00000003091fb000] [id=182019]
  0x00007fc6dc7f5790 ConcurrentGCThread "G1 Refine#3" [stack: 0x00000003091fe000,0x00000003092fe000] [id=254979]
  0x00007fc6dd8b33c0 ConcurrentGCThread "G1 Refine#4" [stack: 0x0000000309404000,0x0000000309504000] [id=183555]
  0x00007fc6db206220 ConcurrentGCThread "G1 Refine#5" [stack: 0x0000000309507000,0x0000000309607000] [id=184067]
  0x00007fc6daf04ec0 ConcurrentGCThread "G1 Refine#6" [stack: 0x000000030960a000,0x000000030970a000] [id=253187]
  0x00007fc6db206d60 ConcurrentGCThread "G1 Refine#7" [stack: 0x000000030970d000,0x000000030980d000] [id=252675]
  0x00007fc71b82acb0 ConcurrentGCThread "G1 Service" [stack: 0x00000003059b1000,0x0000000305ab1000] [id=19971]

Threads with active compile tasks:

VM state: not at safepoint (normal execution)

VM Mutex/Monitor currently owned by a thread: None

Heap address: 0x0000000700000000, size: 4096 MB, Compressed Oops mode: Zero based, Oop shift amount: 3

CDS archive(s) mapped at: [0x0000000800000000-0x0000000800bbb000-0x0000000800bbb000), size 12300288, SharedBaseAddress: 0x0000000800000000, ArchiveRelocationMode: 0.
Compressed class space mapped at: 0x0000000800c00000-0x0000000840c00000, reserved size: 1073741824
Narrow klass base: 0x0000000800000000, Narrow klass shift: 3, Narrow klass range: 0x100000000

GC Precious Log:
 CPUs: 8 total, 8 available
 Memory: 16384M
 Large Page Support: Disabled
 NUMA Support: Disabled
 Compressed Oops: Enabled (Zero based)
 Heap Region Size: 2M
 Heap Min Capacity: 8M
 Heap Initial Capacity: 256M
 Heap Max Capacity: 4G
 Pre-touch: Disabled
 Parallel Workers: 8
 Concurrent Workers: 2
 Concurrent Refinement Workers: 8
 Periodic GC: Disabled

Heap:
 garbage-first heap   total 1021952K, used 849546K [0x0000000700000000, 0x0000000800000000)
  region size 2048K, 213 young (436224K), 5 survivors (10240K)
 Metaspace       used 123957K, committed 125376K, reserved 1163264K
  class space    used 12420K, committed 13120K, reserved 1048576K

Heap Regions: E=young(eden), S=young(survivor), O=old, HS=humongous(starts), HC=humongous(continues), CS=collection set, F=free, OA=open archive, CA=closed archive, TAMS=top-at-mark-start (previous, next)
|   0|0x0000000700000000, 0x00000007001fffc8, 0x0000000700200000| 99%| O|  |TAMS 0x00000007001fffc8, 0x0000000700000000| Untracked 
|   1|0x0000000700200000, 0x0000000700400000, 0x0000000700400000|100%|HS|  |TAMS 0x0000000700400000, 0x0000000700200000| Complete 
|   2|0x0000000700400000, 0x0000000700600000, 0x0000000700600000|100%|HS|  |TAMS 0x0000000700600000, 0x0000000700400000| Complete 
|   3|0x0000000700600000, 0x0000000700800000, 0x0000000700800000|100%|HC|  |TAMS 0x0000000700800000, 0x0000000700600000| Complete 
|   4|0x0000000700800000, 0x00000007009ffd98, 0x0000000700a00000| 99%| O|  |TAMS 0x00000007009ffd98, 0x0000000700800000| Untracked 
|   5|0x0000000700a00000, 0x0000000700bfffd0, 0x0000000700c00000| 99%| O|  |TAMS 0x0000000700bfffd0, 0x0000000700a00000| Untracked 
|   6|0x0000000700c00000, 0x0000000700dffff0, 0x0000000700e00000| 99%| O|  |TAMS 0x0000000700dffff0, 0x0000000700c00000| Untracked 
|   7|0x0000000700e00000, 0x0000000700fff998, 0x0000000701000000| 99%| O|  |TAMS 0x0000000700fff998, 0x0000000700e00000| Untracked 
|   8|0x0000000701000000, 0x00000007011ffaf0, 0x0000000701200000| 99%| O|  |TAMS 0x00000007011ffaf0, 0x0000000701000000| Untracked 
|   9|0x0000000701200000, 0x0000000701400000, 0x0000000701400000|100%| O|  |TAMS 0x0000000701400000, 0x0000000701200000| Untracked 
|  10|0x0000000701400000, 0x00000007015fffb0, 0x0000000701600000| 99%| O|  |TAMS 0x00000007015fffb0, 0x0000000701400000| Untracked 
|  11|0x0000000701600000, 0x00000007017ffff0, 0x0000000701800000| 99%| O|  |TAMS 0x00000007017ffff0, 0x0000000701600000| Untracked 
|  12|0x0000000701800000, 0x00000007019ffcd8, 0x0000000701a00000| 99%| O|  |TAMS 0x00000007019ffcd8, 0x0000000701800000| Untracked 
|  13|0x0000000701a00000, 0x0000000701bffae8, 0x0000000701c00000| 99%| O|  |TAMS 0x0000000701bffae8, 0x0000000701a00000| Untracked 
|  14|0x0000000701c00000, 0x0000000701dff990, 0x0000000701e00000| 99%| O|  |TAMS 0x0000000701dff990, 0x0000000701c00000| Untracked 
|  15|0x0000000701e00000, 0x0000000701fffae0, 0x0000000702000000| 99%| O|  |TAMS 0x0000000701fffae0, 0x0000000701e00000| Untracked 
|  16|0x0000000702000000, 0x00000007021ffca0, 0x0000000702200000| 99%| O|  |TAMS 0x00000007021ffca0, 0x0000000702000000| Untracked 
|  17|0x0000000702200000, 0x00000007023ffcc0, 0x0000000702400000| 99%| O|  |TAMS 0x00000007023ffcc0, 0x0000000702200000| Untracked 
|  18|0x0000000702400000, 0x00000007025fffc0, 0x0000000702600000| 99%| O|  |TAMS 0x00000007025fffc0, 0x0000000702400000| Untracked 
|  19|0x0000000702600000, 0x00000007027fffd8, 0x0000000702800000| 99%| O|  |TAMS 0x00000007027fffd8, 0x0000000702600000| Untracked 
|  20|0x0000000702800000, 0x00000007029ffcd0, 0x0000000702a00000| 99%| O|  |TAMS 0x00000007029ffcd0, 0x0000000702800000| Untracked 
|  21|0x0000000702a00000, 0x0000000702bffff8, 0x0000000702c00000| 99%| O|  |TAMS 0x0000000702bffff8, 0x0000000702a00000| Untracked 
|  22|0x0000000702c00000, 0x0000000702dffff0, 0x0000000702e00000| 99%| O|  |TAMS 0x0000000702dffff0, 0x0000000702c00000| Untracked 
|  23|0x0000000702e00000, 0x0000000702fffff8, 0x0000000703000000| 99%| O|  |TAMS 0x0000000702fffff8, 0x0000000702e00000| Untracked 
|  24|0x0000000703000000, 0x0000000703200000, 0x0000000703200000|100%| O|  |TAMS 0x0000000703200000, 0x0000000703000000| Untracked 
|  25|0x0000000703200000, 0x00000007033fffe0, 0x0000000703400000| 99%| O|  |TAMS 0x00000007033fffe0, 0x0000000703200000| Untracked 
|  26|0x0000000703400000, 0x00000007035ffe88, 0x0000000703600000| 99%| O|  |TAMS 0x00000007035ffe88, 0x0000000703400000| Untracked 
|  27|0x0000000703600000, 0x00000007037fffd8, 0x0000000703800000| 99%| O|  |TAMS 0x00000007037fffd8, 0x0000000703600000| Untracked 
|  28|0x0000000703800000, 0x0000000703a00000, 0x0000000703a00000|100%| O|  |TAMS 0x0000000703a00000, 0x0000000703800000| Untracked 
|  29|0x0000000703a00000, 0x0000000703bfa988, 0x0000000703c00000| 98%| O|  |TAMS 0x0000000703bfa988, 0x0000000703a00000| Untracked 
|  30|0x0000000703c00000, 0x0000000703dffe80, 0x0000000703e00000| 99%| O|  |TAMS 0x0000000703dffe80, 0x0000000703c00000| Untracked 
|  31|0x0000000703e00000, 0x0000000703fffff8, 0x0000000704000000| 99%| O|  |TAMS 0x0000000703fffff8, 0x0000000703e00000| Untracked 
|  32|0x0000000704000000, 0x00000007041b3c28, 0x0000000704200000| 85%| O|  |TAMS 0x00000007041b3c28, 0x0000000704000000| Untracked 
|  33|0x0000000704200000, 0x00000007043ffff0, 0x0000000704400000| 99%| O|  |TAMS 0x00000007043ffff0, 0x0000000704200000| Untracked 
|  34|0x0000000704400000, 0x00000007045fffd0, 0x0000000704600000| 99%| O|  |TAMS 0x00000007045fffd0, 0x0000000704400000| Untracked 
|  35|0x0000000704600000, 0x00000007047ffff8, 0x0000000704800000| 99%| O|  |TAMS 0x00000007047ffff8, 0x0000000704600000| Untracked 
|  36|0x0000000704800000, 0x0000000704a00000, 0x0000000704a00000|100%| O|  |TAMS 0x0000000704a00000, 0x0000000704800000| Untracked 
|  37|0x0000000704a00000, 0x0000000704bfffa0, 0x0000000704c00000| 99%| O|  |TAMS 0x0000000704bfffa0, 0x0000000704a00000| Untracked 
|  38|0x0000000704c00000, 0x0000000704dffff8, 0x0000000704e00000| 99%| O|  |TAMS 0x0000000704dffff8, 0x0000000704c00000| Untracked 
|  39|0x0000000704e00000, 0x0000000704fffff8, 0x0000000705000000| 99%| O|  |TAMS 0x0000000704fffff8, 0x0000000704e00000| Untracked 
|  40|0x0000000705000000, 0x00000007051ffff0, 0x0000000705200000| 99%| O|  |TAMS 0x00000007051ffff0, 0x0000000705000000| Untracked 
|  41|0x0000000705200000, 0x00000007053ffff8, 0x0000000705400000| 99%| O|  |TAMS 0x00000007053ffff8, 0x0000000705200000| Untracked 
|  42|0x0000000705400000, 0x00000007055ffff0, 0x0000000705600000| 99%| O|  |TAMS 0x00000007055ffff0, 0x0000000705400000| Untracked 
|  43|0x0000000705600000, 0x0000000705800000, 0x0000000705800000|100%| O|  |TAMS 0x0000000705800000, 0x0000000705600000| Untracked 
|  44|0x0000000705800000, 0x00000007059ffff8, 0x0000000705a00000| 99%| O|  |TAMS 0x00000007059ffff8, 0x0000000705800000| Untracked 
|  45|0x0000000705a00000, 0x0000000705bfffb8, 0x0000000705c00000| 99%| O|  |TAMS 0x0000000705bfffb8, 0x0000000705a00000| Untracked 
|  46|0x0000000705c00000, 0x0000000705dfff18, 0x0000000705e00000| 99%| O|  |TAMS 0x0000000705dfff18, 0x0000000705c00000| Untracked 
|  47|0x0000000705e00000, 0x0000000705fffff8, 0x0000000706000000| 99%| O|  |TAMS 0x0000000705fffff8, 0x0000000705e00000| Untracked 
|  48|0x0000000706000000, 0x00000007061fffb8, 0x0000000706200000| 99%| O|  |TAMS 0x00000007061fffb8, 0x0000000706000000| Untracked 
|  49|0x0000000706200000, 0x00000007063e8fb0, 0x0000000706400000| 95%| O|  |TAMS 0x00000007063e8fb0, 0x0000000706200000| Untracked 
|  50|0x0000000706400000, 0x00000007065fffd8, 0x0000000706600000| 99%| O|  |TAMS 0x00000007065fffd8, 0x0000000706400000| Untracked 
|  51|0x0000000706600000, 0x00000007067ffff0, 0x0000000706800000| 99%| O|  |TAMS 0x00000007067ffff0, 0x0000000706600000| Untracked 
|  52|0x0000000706800000, 0x00000007069ffff0, 0x0000000706a00000| 99%| O|  |TAMS 0x00000007069ffff0, 0x0000000706800000| Untracked 
|  53|0x0000000706a00000, 0x0000000706bffff0, 0x0000000706c00000| 99%| O|  |TAMS 0x0000000706bffff0, 0x0000000706a00000| Untracked 
|  54|0x0000000706c00000, 0x0000000706dffff8, 0x0000000706e00000| 99%| O|  |TAMS 0x0000000706dffff8, 0x0000000706c00000| Untracked 
|  55|0x0000000706e00000, 0x0000000706ffff20, 0x0000000707000000| 99%| O|  |TAMS 0x0000000706ffff20, 0x0000000706e00000| Untracked 
|  56|0x0000000707000000, 0x0000000707200000, 0x0000000707200000|100%| O|  |TAMS 0x0000000707200000, 0x0000000707000000| Untracked 
|  57|0x0000000707200000, 0x0000000707400000, 0x0000000707400000|100%| O|  |TAMS 0x0000000707400000, 0x0000000707200000| Untracked 
|  58|0x0000000707400000, 0x00000007075f4940, 0x0000000707600000| 97%| O|  |TAMS 0x00000007075f4940, 0x0000000707400000| Untracked 
|  59|0x0000000707600000, 0x00000007077fffc0, 0x0000000707800000| 99%| O|  |TAMS 0x00000007077fffc0, 0x0000000707600000| Untracked 
|  60|0x0000000707800000, 0x00000007079c1be8, 0x0000000707a00000| 87%| O|  |TAMS 0x00000007079c1be8, 0x0000000707800000| Untracked 
|  61|0x0000000707a00000, 0x0000000707c00000, 0x0000000707c00000|100%|HS|  |TAMS 0x0000000707c00000, 0x0000000707a00000| Complete 
|  62|0x0000000707c00000, 0x0000000707e00000, 0x0000000707e00000|100%|HC|  |TAMS 0x0000000707e00000, 0x0000000707c00000| Complete 
|  63|0x0000000707e00000, 0x0000000707fff7c8, 0x0000000708000000| 99%| O|  |TAMS 0x0000000707fff7c8, 0x0000000707e00000| Untracked 
|  64|0x0000000708000000, 0x00000007081ffff8, 0x0000000708200000| 99%| O|  |TAMS 0x00000007081ffff8, 0x0000000708000000| Untracked 
|  65|0x0000000708200000, 0x00000007083fffd8, 0x0000000708400000| 99%| O|  |TAMS 0x00000007083fffd8, 0x0000000708200000| Untracked 
|  66|0x0000000708400000, 0x00000007085ffff8, 0x0000000708600000| 99%| O|  |TAMS 0x00000007085ffff8, 0x0000000708400000| Untracked 
|  67|0x0000000708600000, 0x00000007087fffe8, 0x0000000708800000| 99%| O|  |TAMS 0x00000007087fffe8, 0x0000000708600000| Untracked 
|  68|0x0000000708800000, 0x00000007089fffe8, 0x0000000708a00000| 99%| O|  |TAMS 0x00000007089fffe8, 0x0000000708800000| Untracked 
|  69|0x0000000708a00000, 0x0000000708bfddf0, 0x0000000708c00000| 99%| O|  |TAMS 0x0000000708bfddf0, 0x0000000708a00000| Untracked 
|  70|0x0000000708c00000, 0x0000000708ded698, 0x0000000708e00000| 96%| O|  |TAMS 0x0000000708ded698, 0x0000000708c00000| Untracked 
|  71|0x0000000708e00000, 0x0000000709000000, 0x0000000709000000|100%| O|  |TAMS 0x0000000709000000, 0x0000000708e00000| Untracked 
|  72|0x0000000709000000, 0x00000007091ffff0, 0x0000000709200000| 99%| O|  |TAMS 0x00000007091ffff0, 0x0000000709000000| Untracked 
|  73|0x0000000709200000, 0x0000000709400000, 0x0000000709400000|100%|HS|  |TAMS 0x0000000709400000, 0x0000000709200000| Complete 
|  74|0x0000000709400000, 0x0000000709600000, 0x0000000709600000|100%|HC|  |TAMS 0x0000000709600000, 0x0000000709400000| Complete 
|  75|0x0000000709600000, 0x0000000709800000, 0x0000000709800000|100%|HC|  |TAMS 0x0000000709800000, 0x0000000709600000| Complete 
|  76|0x0000000709800000, 0x0000000709a00000, 0x0000000709a00000|100%|HC|  |TAMS 0x0000000709a00000, 0x0000000709800000| Complete 
|  77|0x0000000709a00000, 0x0000000709c00000, 0x0000000709c00000|100%|HC|  |TAMS 0x0000000709c00000, 0x0000000709a00000| Complete 
|  78|0x0000000709c00000, 0x0000000709e00000, 0x0000000709e00000|100%|HS|  |TAMS 0x0000000709e00000, 0x0000000709c00000| Complete 
|  79|0x0000000709e00000, 0x000000070a000000, 0x000000070a000000|100%|HC|  |TAMS 0x000000070a000000, 0x0000000709e00000| Complete 
|  80|0x000000070a000000, 0x000000070a200000, 0x000000070a200000|100%|HC|  |TAMS 0x000000070a200000, 0x000000070a000000| Complete 
|  81|0x000000070a200000, 0x000000070a400000, 0x000000070a400000|100%|HC|  |TAMS 0x000000070a400000, 0x000000070a200000| Complete 
|  82|0x000000070a400000, 0x000000070a600000, 0x000000070a600000|100%|HC|  |TAMS 0x000000070a600000, 0x000000070a400000| Complete 
|  83|0x000000070a600000, 0x000000070a7ffff8, 0x000000070a800000| 99%| O|  |TAMS 0x000000070a7ffff8, 0x000000070a600000| Untracked 
|  84|0x000000070a800000, 0x000000070a9ffff8, 0x000000070aa00000| 99%| O|  |TAMS 0x000000070a9ffff8, 0x000000070a800000| Untracked 
|  85|0x000000070aa00000, 0x000000070abffff8, 0x000000070ac00000| 99%| O|  |TAMS 0x000000070abffff8, 0x000000070aa00000| Untracked 
|  86|0x000000070ac00000, 0x000000070adffff8, 0x000000070ae00000| 99%| O|  |TAMS 0x000000070adffff8, 0x000000070ac00000| Untracked 
|  87|0x000000070ae00000, 0x000000070afffff8, 0x000000070b000000| 99%| O|  |TAMS 0x000000070afffff8, 0x000000070ae00000| Untracked 
|  88|0x000000070b000000, 0x000000070b1fffa0, 0x000000070b200000| 99%| O|  |TAMS 0x000000070b1fffa0, 0x000000070b000000| Untracked 
|  89|0x000000070b200000, 0x000000070b3fbf98, 0x000000070b400000| 99%| O|  |TAMS 0x000000070b3fbf98, 0x000000070b200000| Untracked 
|  90|0x000000070b400000, 0x000000070b5caee0, 0x000000070b600000| 89%| O|  |TAMS 0x000000070b5caee0, 0x000000070b400000| Untracked 
|  91|0x000000070b600000, 0x000000070b7fffa8, 0x000000070b800000| 99%| O|  |TAMS 0x000000070b7fffa8, 0x000000070b600000| Untracked 
|  92|0x000000070b800000, 0x000000070b800000, 0x000000070ba00000|  0%| F|  |TAMS 0x000000070b800000, 0x000000070b800000| Untracked 
|  93|0x000000070ba00000, 0x000000070bbffed0, 0x000000070bc00000| 99%| O|  |TAMS 0x000000070bbffed0, 0x000000070ba00000| Untracked 
|  94|0x000000070bc00000, 0x000000070bdffff8, 0x000000070be00000| 99%| O|  |TAMS 0x000000070bdffff8, 0x000000070bc00000| Untracked 
|  95|0x000000070be00000, 0x000000070bfffff0, 0x000000070c000000| 99%| O|  |TAMS 0x000000070bfffff0, 0x000000070be00000| Untracked 
|  96|0x000000070c000000, 0x000000070c1ffed0, 0x000000070c200000| 99%| O|  |TAMS 0x000000070c1ffed0, 0x000000070c000000| Untracked 
|  97|0x000000070c200000, 0x000000070c3ffff8, 0x000000070c400000| 99%| O|  |TAMS 0x000000070c3ffff8, 0x000000070c200000| Untracked 
|  98|0x000000070c400000, 0x000000070c600000, 0x000000070c600000|100%| O|  |TAMS 0x000000070c600000, 0x000000070c400000| Untracked 
|  99|0x000000070c600000, 0x000000070c800000, 0x000000070c800000|100%|HS|  |TAMS 0x000000070c800000, 0x000000070c600000| Complete 
| 100|0x000000070c800000, 0x000000070c9fffe0, 0x000000070ca00000| 99%| O|  |TAMS 0x000000070c9fffe0, 0x000000070c800000| Untracked 
| 101|0x000000070ca00000, 0x000000070ca00000, 0x000000070cc00000|  0%| F|  |TAMS 0x000000070ca00000, 0x000000070ca00000| Untracked 
| 102|0x000000070cc00000, 0x000000070cdffec8, 0x000000070ce00000| 99%| O|  |TAMS 0x000000070cdffec8, 0x000000070cc00000| Untracked 
| 103|0x000000070ce00000, 0x000000070cffff98, 0x000000070d000000| 99%| O|  |TAMS 0x000000070cffff98, 0x000000070ce00000| Untracked 
| 104|0x000000070d000000, 0x000000070d200000, 0x000000070d200000|100%| O|  |TAMS 0x000000070d200000, 0x000000070d000000| Untracked 
| 105|0x000000070d200000, 0x000000070d3ffd78, 0x000000070d400000| 99%| O|  |TAMS 0x000000070d3ffd78, 0x000000070d200000| Untracked 
| 106|0x000000070d400000, 0x000000070d600000, 0x000000070d600000|100%| O|  |TAMS 0x000000070d600000, 0x000000070d400000| Untracked 
| 107|0x000000070d600000, 0x000000070d7ffff8, 0x000000070d800000| 99%| O|  |TAMS 0x000000070d7ffff8, 0x000000070d600000| Untracked 
| 108|0x000000070d800000, 0x000000070d9ffff8, 0x000000070da00000| 99%| O|  |TAMS 0x000000070d9ffff8, 0x000000070d800000| Untracked 
| 109|0x000000070da00000, 0x000000070dc00000, 0x000000070dc00000|100%| O|  |TAMS 0x000000070da00000, 0x000000070da00000| Untracked 
| 110|0x000000070dc00000, 0x000000070de00000, 0x000000070de00000|100%| O|  |TAMS 0x000000070dc00000, 0x000000070dc00000| Untracked 
| 111|0x000000070de00000, 0x000000070de00000, 0x000000070e000000|  0%| F|  |TAMS 0x000000070de00000, 0x000000070de00000| Untracked 
| 112|0x000000070e000000, 0x000000070e1fffc0, 0x000000070e200000| 99%| O|  |TAMS 0x000000070e1fffc0, 0x000000070e000000| Untracked 
| 113|0x000000070e200000, 0x000000070e400000, 0x000000070e400000|100%| O|  |TAMS 0x000000070e200000, 0x000000070e200000| Untracked 
| 114|0x000000070e400000, 0x000000070e5ffde0, 0x000000070e600000| 99%| O|  |TAMS 0x000000070e5ffde0, 0x000000070e400000| Untracked 
| 115|0x000000070e600000, 0x000000070e800000, 0x000000070e800000|100%|HS|  |TAMS 0x000000070e800000, 0x000000070e600000| Complete 
| 116|0x000000070e800000, 0x000000070ea00000, 0x000000070ea00000|100%|HC|  |TAMS 0x000000070ea00000, 0x000000070e800000| Complete 
| 117|0x000000070ea00000, 0x000000070ec00000, 0x000000070ec00000|100%|HC|  |TAMS 0x000000070ec00000, 0x000000070ea00000| Complete 
| 118|0x000000070ec00000, 0x000000070ee00000, 0x000000070ee00000|100%| O|  |TAMS 0x000000070ee00000, 0x000000070ec00000| Untracked 
| 119|0x000000070ee00000, 0x000000070ee00000, 0x000000070f000000|  0%| F|  |TAMS 0x000000070ee00000, 0x000000070ee00000| Untracked 
| 120|0x000000070f000000, 0x000000070f1ffff0, 0x000000070f200000| 99%| O|  |TAMS 0x000000070f1ffff0, 0x000000070f000000| Untracked 
| 121|0x000000070f200000, 0x000000070f400000, 0x000000070f400000|100%| O|  |TAMS 0x000000070f200000, 0x000000070f200000| Untracked 
| 122|0x000000070f400000, 0x000000070f400000, 0x000000070f600000|  0%| F|  |TAMS 0x000000070f400000, 0x000000070f400000| Untracked 
| 123|0x000000070f600000, 0x000000070f600000, 0x000000070f800000|  0%| F|  |TAMS 0x000000070f600000, 0x000000070f600000| Untracked 
| 124|0x000000070f800000, 0x000000070f9fff20, 0x000000070fa00000| 99%| O|  |TAMS 0x000000070f9fff20, 0x000000070f800000| Untracked 
| 125|0x000000070fa00000, 0x000000070fa00000, 0x000000070fc00000|  0%| F|  |TAMS 0x000000070fa00000, 0x000000070fa00000| Untracked 
| 126|0x000000070fc00000, 0x000000070fc00000, 0x000000070fe00000|  0%| F|  |TAMS 0x000000070fc00000, 0x000000070fc00000| Untracked 
| 127|0x000000070fe00000, 0x000000070fe00000, 0x0000000710000000|  0%| F|  |TAMS 0x000000070fe00000, 0x000000070fe00000| Untracked 
| 128|0x0000000710000000, 0x0000000710000000, 0x0000000710200000|  0%| F|  |TAMS 0x0000000710000000, 0x0000000710000000| Untracked 
| 129|0x0000000710200000, 0x0000000710400000, 0x0000000710400000|100%| O|  |TAMS 0x0000000710200000, 0x0000000710200000| Untracked 
| 130|0x0000000710400000, 0x0000000710600000, 0x0000000710600000|100%| O|  |TAMS 0x0000000710400000, 0x0000000710400000| Untracked 
| 131|0x0000000710600000, 0x0000000710600000, 0x0000000710800000|  0%| F|  |TAMS 0x0000000710600000, 0x0000000710600000| Untracked 
| 132|0x0000000710800000, 0x0000000710800000, 0x0000000710a00000|  0%| F|  |TAMS 0x0000000710800000, 0x0000000710800000| Untracked 
| 133|0x0000000710a00000, 0x0000000710a00000, 0x0000000710c00000|  0%| F|  |TAMS 0x0000000710a00000, 0x0000000710a00000| Untracked 
| 134|0x0000000710c00000, 0x0000000710c00000, 0x0000000710e00000|  0%| F|  |TAMS 0x0000000710c00000, 0x0000000710c00000| Untracked 
| 135|0x0000000710e00000, 0x0000000710e00000, 0x0000000711000000|  0%| F|  |TAMS 0x0000000710e00000, 0x0000000710e00000| Untracked 
| 136|0x0000000711000000, 0x0000000711000000, 0x0000000711200000|  0%| F|  |TAMS 0x0000000711000000, 0x0000000711000000| Untracked 
| 137|0x0000000711200000, 0x0000000711200000, 0x0000000711400000|  0%| F|  |TAMS 0x0000000711200000, 0x0000000711200000| Untracked 
| 138|0x0000000711400000, 0x0000000711400000, 0x0000000711600000|  0%| F|  |TAMS 0x0000000711400000, 0x0000000711400000| Untracked 
| 139|0x0000000711600000, 0x0000000711600000, 0x0000000711800000|  0%| F|  |TAMS 0x0000000711600000, 0x0000000711600000| Untracked 
| 140|0x0000000711800000, 0x0000000711800000, 0x0000000711a00000|  0%| F|  |TAMS 0x0000000711800000, 0x0000000711800000| Untracked 
| 141|0x0000000711a00000, 0x0000000711c00000, 0x0000000711c00000|100%| O|  |TAMS 0x0000000711a00000, 0x0000000711a00000| Untracked 
| 142|0x0000000711c00000, 0x0000000711e00000, 0x0000000711e00000|100%| O|  |TAMS 0x0000000711c00000, 0x0000000711c00000| Untracked 
| 143|0x0000000711e00000, 0x0000000712000000, 0x0000000712000000|100%| O|  |TAMS 0x0000000711e00000, 0x0000000711e00000| Untracked 
| 144|0x0000000712000000, 0x0000000712200000, 0x0000000712200000|100%| O|  |TAMS 0x0000000712000000, 0x0000000712000000| Untracked 
| 145|0x0000000712200000, 0x0000000712400000, 0x0000000712400000|100%| O|  |TAMS 0x0000000712200000, 0x0000000712200000| Untracked 
| 146|0x0000000712400000, 0x0000000712600000, 0x0000000712600000|100%| O|  |TAMS 0x0000000712400000, 0x0000000712400000| Untracked 
| 147|0x0000000712600000, 0x0000000712800000, 0x0000000712800000|100%| O|  |TAMS 0x0000000712600000, 0x0000000712600000| Untracked 
| 148|0x0000000712800000, 0x0000000712a00000, 0x0000000712a00000|100%| O|  |TAMS 0x0000000712800000, 0x0000000712800000| Untracked 
| 149|0x0000000712a00000, 0x0000000712c00000, 0x0000000712c00000|100%| O|  |TAMS 0x0000000712a00000, 0x0000000712a00000| Untracked 
| 150|0x0000000712c00000, 0x0000000712e00000, 0x0000000712e00000|100%| O|  |TAMS 0x0000000712c00000, 0x0000000712c00000| Untracked 
| 151|0x0000000712e00000, 0x0000000713000000, 0x0000000713000000|100%| O|  |TAMS 0x0000000712e00000, 0x0000000712e00000| Untracked 
| 152|0x0000000713000000, 0x0000000713000000, 0x0000000713200000|  0%| F|  |TAMS 0x0000000713000000, 0x0000000713000000| Untracked 
| 153|0x0000000713200000, 0x0000000713400000, 0x0000000713400000|100%| O|  |TAMS 0x0000000713200000, 0x0000000713200000| Untracked 
| 154|0x0000000713400000, 0x0000000713400000, 0x0000000713600000|  0%| F|  |TAMS 0x0000000713400000, 0x0000000713400000| Untracked 
| 155|0x0000000713600000, 0x0000000713800000, 0x0000000713800000|100%| O|  |TAMS 0x0000000713600000, 0x0000000713600000| Untracked 
| 156|0x0000000713800000, 0x0000000713800000, 0x0000000713a00000|  0%| F|  |TAMS 0x0000000713800000, 0x0000000713800000| Untracked 
| 157|0x0000000713a00000, 0x0000000713a00000, 0x0000000713c00000|  0%| F|  |TAMS 0x0000000713a00000, 0x0000000713a00000| Untracked 
| 158|0x0000000713c00000, 0x0000000713e00000, 0x0000000713e00000|100%| O|  |TAMS 0x0000000713e00000, 0x0000000713c00000| Untracked 
| 159|0x0000000713e00000, 0x0000000713e00000, 0x0000000714000000|  0%| F|  |TAMS 0x0000000713e00000, 0x0000000713e00000| Untracked 
| 160|0x0000000714000000, 0x0000000714200000, 0x0000000714200000|100%| O|  |TAMS 0x0000000714000000, 0x0000000714000000| Untracked 
| 161|0x0000000714200000, 0x0000000714200000, 0x0000000714400000|  0%| F|  |TAMS 0x0000000714200000, 0x0000000714200000| Untracked 
| 162|0x0000000714400000, 0x0000000714600000, 0x0000000714600000|100%|HS|  |TAMS 0x0000000714600000, 0x0000000714400000| Untracked 
| 163|0x0000000714600000, 0x0000000714800000, 0x0000000714800000|100%|HC|  |TAMS 0x0000000714800000, 0x0000000714600000| Untracked 
| 164|0x0000000714800000, 0x0000000714a00000, 0x0000000714a00000|100%| O|  |TAMS 0x0000000714800000, 0x0000000714800000| Untracked 
| 165|0x0000000714a00000, 0x0000000714a8c600, 0x0000000714c00000| 27%| O|  |TAMS 0x0000000714a00000, 0x0000000714a00000| Untracked 
| 166|0x0000000714c00000, 0x0000000714c00000, 0x0000000714e00000|  0%| F|  |TAMS 0x0000000714c00000, 0x0000000714c00000| Untracked 
| 167|0x0000000714e00000, 0x0000000714e00000, 0x0000000715000000|  0%| F|  |TAMS 0x0000000714e00000, 0x0000000714e00000| Untracked 
| 168|0x0000000715000000, 0x0000000715000000, 0x0000000715200000|  0%| F|  |TAMS 0x0000000715000000, 0x0000000715000000| Untracked 
| 169|0x0000000715200000, 0x0000000715200000, 0x0000000715400000|  0%| F|  |TAMS 0x0000000715200000, 0x0000000715200000| Untracked 
| 170|0x0000000715400000, 0x0000000715400000, 0x0000000715600000|  0%| F|  |TAMS 0x0000000715400000, 0x0000000715400000| Untracked 
| 171|0x0000000715600000, 0x0000000715600000, 0x0000000715800000|  0%| F|  |TAMS 0x0000000715600000, 0x0000000715600000| Untracked 
| 172|0x0000000715800000, 0x0000000715800000, 0x0000000715a00000|  0%| F|  |TAMS 0x0000000715800000, 0x0000000715800000| Untracked 
| 173|0x0000000715a00000, 0x0000000715a00000, 0x0000000715c00000|  0%| F|  |TAMS 0x0000000715a00000, 0x0000000715a00000| Untracked 
| 174|0x0000000715c00000, 0x0000000715c00000, 0x0000000715e00000|  0%| F|  |TAMS 0x0000000715c00000, 0x0000000715c00000| Untracked 
| 175|0x0000000715e00000, 0x0000000715e00000, 0x0000000716000000|  0%| F|  |TAMS 0x0000000715e00000, 0x0000000715e00000| Untracked 
| 176|0x0000000716000000, 0x0000000716000000, 0x0000000716200000|  0%| F|  |TAMS 0x0000000716000000, 0x0000000716000000| Untracked 
| 177|0x0000000716200000, 0x0000000716200000, 0x0000000716400000|  0%| F|  |TAMS 0x0000000716200000, 0x0000000716200000| Untracked 
| 178|0x0000000716400000, 0x0000000716600000, 0x0000000716600000|100%| O|  |TAMS 0x0000000716600000, 0x0000000716400000| Untracked 
| 179|0x0000000716600000, 0x0000000716600000, 0x0000000716800000|  0%| F|  |TAMS 0x0000000716600000, 0x0000000716600000| Untracked 
| 180|0x0000000716800000, 0x0000000716800000, 0x0000000716a00000|  0%| F|  |TAMS 0x0000000716800000, 0x0000000716800000| Untracked 
| 181|0x0000000716a00000, 0x0000000716c00000, 0x0000000716c00000|100%|HS|  |TAMS 0x0000000716c00000, 0x0000000716a00000| Complete 
| 182|0x0000000716c00000, 0x0000000716e00000, 0x0000000716e00000|100%|HS|  |TAMS 0x0000000716e00000, 0x0000000716c00000| Complete 
| 183|0x0000000716e00000, 0x0000000717000000, 0x0000000717000000|100%|HS|  |TAMS 0x0000000717000000, 0x0000000716e00000| Complete 
| 184|0x0000000717000000, 0x0000000717200000, 0x0000000717200000|100%|HS|  |TAMS 0x0000000717200000, 0x0000000717000000| Complete 
| 185|0x0000000717200000, 0x0000000717400000, 0x0000000717400000|100%|HS|  |TAMS 0x0000000717400000, 0x0000000717200000| Complete 
| 186|0x0000000717400000, 0x0000000717600000, 0x0000000717600000|100%|HS|  |TAMS 0x0000000717600000, 0x0000000717400000| Complete 
| 187|0x0000000717600000, 0x0000000717800000, 0x0000000717800000|100%|HS|  |TAMS 0x0000000717800000, 0x0000000717600000| Complete 
| 188|0x0000000717800000, 0x0000000717a00000, 0x0000000717a00000|100%|HS|  |TAMS 0x0000000717a00000, 0x0000000717800000| Complete 
| 189|0x0000000717a00000, 0x0000000717c00000, 0x0000000717c00000|100%|HC|  |TAMS 0x0000000717c00000, 0x0000000717a00000| Complete 
| 190|0x0000000717c00000, 0x0000000717e00000, 0x0000000717e00000|100%|HC|  |TAMS 0x0000000717e00000, 0x0000000717c00000| Complete 
| 191|0x0000000717e00000, 0x0000000718000000, 0x0000000718000000|100%|HS|  |TAMS 0x0000000718000000, 0x0000000717e00000| Complete 
| 192|0x0000000718000000, 0x0000000718200000, 0x0000000718200000|100%|HS|  |TAMS 0x0000000718200000, 0x0000000718000000| Complete 
| 193|0x0000000718200000, 0x0000000718400000, 0x0000000718400000|100%|HC|  |TAMS 0x0000000718400000, 0x0000000718200000| Complete 
| 194|0x0000000718400000, 0x0000000718600000, 0x0000000718600000|100%|HS|  |TAMS 0x0000000718600000, 0x0000000718400000| Complete 
| 195|0x0000000718600000, 0x0000000718800000, 0x0000000718800000|100%|HC|  |TAMS 0x0000000718800000, 0x0000000718600000| Complete 
| 196|0x0000000718800000, 0x0000000718a00000, 0x0000000718a00000|100%|HS|  |TAMS 0x0000000718a00000, 0x0000000718800000| Complete 
| 197|0x0000000718a00000, 0x0000000718c00000, 0x0000000718c00000|100%|HS|  |TAMS 0x0000000718c00000, 0x0000000718a00000| Complete 
| 198|0x0000000718c00000, 0x0000000718e00000, 0x0000000718e00000|100%| O|  |TAMS 0x0000000718e00000, 0x0000000718c00000| Untracked 
| 199|0x0000000718e00000, 0x0000000719000000, 0x0000000719000000|100%| O|  |TAMS 0x0000000719000000, 0x0000000718e00000| Untracked 
| 200|0x0000000719000000, 0x0000000719200000, 0x0000000719200000|100%| O|  |TAMS 0x0000000719200000, 0x0000000719000000| Untracked 
| 201|0x0000000719200000, 0x0000000719400000, 0x0000000719400000|100%| O|  |TAMS 0x0000000719400000, 0x0000000719200000| Untracked 
| 202|0x0000000719400000, 0x0000000719600000, 0x0000000719600000|100%| O|  |TAMS 0x0000000719600000, 0x0000000719400000| Untracked 
| 203|0x0000000719600000, 0x0000000719800000, 0x0000000719800000|100%| O|  |TAMS 0x0000000719800000, 0x0000000719600000| Untracked 
| 204|0x0000000719800000, 0x0000000719a00000, 0x0000000719a00000|100%| O|  |TAMS 0x0000000719a00000, 0x0000000719800000| Untracked 
| 205|0x0000000719a00000, 0x0000000719c00000, 0x0000000719c00000|100%| O|  |TAMS 0x0000000719c00000, 0x0000000719a00000| Untracked 
| 206|0x0000000719c00000, 0x0000000719e00000, 0x0000000719e00000|100%| O|  |TAMS 0x0000000719e00000, 0x0000000719c00000| Untracked 
| 207|0x0000000719e00000, 0x000000071a000000, 0x000000071a000000|100%| O|  |TAMS 0x000000071a000000, 0x0000000719e00000| Untracked 
| 208|0x000000071a000000, 0x000000071a200000, 0x000000071a200000|100%| O|  |TAMS 0x000000071a200000, 0x000000071a000000| Untracked 
| 209|0x000000071a200000, 0x000000071a400000, 0x000000071a400000|100%| O|  |TAMS 0x000000071a400000, 0x000000071a200000| Untracked 
| 210|0x000000071a400000, 0x000000071a600000, 0x000000071a600000|100%| O|  |TAMS 0x000000071a600000, 0x000000071a400000| Untracked 
| 211|0x000000071a600000, 0x000000071a800000, 0x000000071a800000|100%| O|  |TAMS 0x000000071a800000, 0x000000071a600000| Untracked 
| 212|0x000000071a800000, 0x000000071aa00000, 0x000000071aa00000|100%| O|  |TAMS 0x000000071a973208, 0x000000071a800000| Untracked 
| 213|0x000000071aa00000, 0x000000071aa00000, 0x000000071ac00000|  0%| F|  |TAMS 0x000000071aa00000, 0x000000071aa00000| Untracked 
| 214|0x000000071ac00000, 0x000000071ac00000, 0x000000071ae00000|  0%| F|  |TAMS 0x000000071ac00000, 0x000000071ac00000| Untracked 
| 215|0x000000071ae00000, 0x000000071ae00000, 0x000000071b000000|  0%| F|  |TAMS 0x000000071ae00000, 0x000000071ae00000| Untracked 
| 216|0x000000071b000000, 0x000000071b000000, 0x000000071b200000|  0%| F|  |TAMS 0x000000071b000000, 0x000000071b000000| Untracked 
| 217|0x000000071b200000, 0x000000071b200000, 0x000000071b400000|  0%| F|  |TAMS 0x000000071b200000, 0x000000071b200000| Untracked 
| 218|0x000000071b400000, 0x000000071b400000, 0x000000071b600000|  0%| F|  |TAMS 0x000000071b400000, 0x000000071b400000| Untracked 
| 219|0x000000071b600000, 0x000000071b600000, 0x000000071b800000|  0%| F|  |TAMS 0x000000071b600000, 0x000000071b600000| Untracked 
| 220|0x000000071b800000, 0x000000071b800000, 0x000000071ba00000|  0%| F|  |TAMS 0x000000071b800000, 0x000000071b800000| Untracked 
| 221|0x000000071ba00000, 0x000000071ba00000, 0x000000071bc00000|  0%| F|  |TAMS 0x000000071ba00000, 0x000000071ba00000| Untracked 
| 222|0x000000071bc00000, 0x000000071bc00000, 0x000000071be00000|  0%| F|  |TAMS 0x000000071bc00000, 0x000000071bc00000| Untracked 
| 223|0x000000071be00000, 0x000000071be00000, 0x000000071c000000|  0%| F|  |TAMS 0x000000071be00000, 0x000000071be00000| Untracked 
| 224|0x000000071c000000, 0x000000071c000000, 0x000000071c200000|  0%| F|  |TAMS 0x000000071c000000, 0x000000071c000000| Untracked 
| 225|0x000000071c200000, 0x000000071c200000, 0x000000071c400000|  0%| F|  |TAMS 0x000000071c200000, 0x000000071c200000| Untracked 
| 226|0x000000071c400000, 0x000000071c400000, 0x000000071c600000|  0%| F|  |TAMS 0x000000071c400000, 0x000000071c400000| Untracked 
| 227|0x000000071c600000, 0x000000071c600000, 0x000000071c800000|  0%| F|  |TAMS 0x000000071c600000, 0x000000071c600000| Untracked 
| 228|0x000000071c800000, 0x000000071c800000, 0x000000071ca00000|  0%| F|  |TAMS 0x000000071c800000, 0x000000071c800000| Untracked 
| 229|0x000000071ca00000, 0x000000071ca00000, 0x000000071cc00000|  0%| F|  |TAMS 0x000000071ca00000, 0x000000071ca00000| Untracked 
| 230|0x000000071cc00000, 0x000000071cc00000, 0x000000071ce00000|  0%| F|  |TAMS 0x000000071cc00000, 0x000000071cc00000| Untracked 
| 231|0x000000071ce00000, 0x000000071ce00000, 0x000000071d000000|  0%| F|  |TAMS 0x000000071ce00000, 0x000000071ce00000| Untracked 
| 232|0x000000071d000000, 0x000000071d000000, 0x000000071d200000|  0%| F|  |TAMS 0x000000071d000000, 0x000000071d000000| Untracked 
| 233|0x000000071d200000, 0x000000071d200000, 0x000000071d400000|  0%| F|  |TAMS 0x000000071d200000, 0x000000071d200000| Untracked 
| 234|0x000000071d400000, 0x000000071d400000, 0x000000071d600000|  0%| F|  |TAMS 0x000000071d400000, 0x000000071d400000| Untracked 
| 235|0x000000071d600000, 0x000000071d628fc0, 0x000000071d800000|  8%| S|CS|TAMS 0x000000071d600000, 0x000000071d600000| Complete 
| 236|0x000000071d800000, 0x000000071da00000, 0x000000071da00000|100%| S|CS|TAMS 0x000000071d800000, 0x000000071d800000| Complete 
| 237|0x000000071da00000, 0x000000071dc00000, 0x000000071dc00000|100%| O|  |TAMS 0x000000071dc00000, 0x000000071da00000| Untracked 
| 238|0x000000071dc00000, 0x000000071de00000, 0x000000071de00000|100%| S|CS|TAMS 0x000000071dc00000, 0x000000071dc00000| Complete 
| 239|0x000000071de00000, 0x000000071e000000, 0x000000071e000000|100%| O|  |TAMS 0x000000071e000000, 0x000000071de00000| Untracked 
| 240|0x000000071e000000, 0x000000071e200000, 0x000000071e200000|100%| S|CS|TAMS 0x000000071e000000, 0x000000071e000000| Complete 
| 241|0x000000071e200000, 0x000000071e200000, 0x000000071e400000|  0%| F|  |TAMS 0x000000071e200000, 0x000000071e200000| Untracked 
| 242|0x000000071e400000, 0x000000071e400000, 0x000000071e600000|  0%| F|  |TAMS 0x000000071e400000, 0x000000071e400000| Untracked 
| 243|0x000000071e600000, 0x000000071e600000, 0x000000071e800000|  0%| F|  |TAMS 0x000000071e600000, 0x000000071e600000| Untracked 
| 244|0x000000071e800000, 0x000000071e800000, 0x000000071ea00000|  0%| F|  |TAMS 0x000000071e800000, 0x000000071e800000| Untracked 
| 245|0x000000071ea00000, 0x000000071ec00000, 0x000000071ec00000|100%| S|CS|TAMS 0x000000071ea00000, 0x000000071ea00000| Complete 
| 246|0x000000071ec00000, 0x000000071ec00000, 0x000000071ee00000|  0%| F|  |TAMS 0x000000071ec00000, 0x000000071ec00000| Untracked 
| 247|0x000000071ee00000, 0x000000071ee00000, 0x000000071f000000|  0%| F|  |TAMS 0x000000071ee00000, 0x000000071ee00000| Untracked 
| 248|0x000000071f000000, 0x000000071f000000, 0x000000071f200000|  0%| F|  |TAMS 0x000000071f000000, 0x000000071f000000| Untracked 
| 249|0x000000071f200000, 0x000000071f200000, 0x000000071f400000|  0%| F|  |TAMS 0x000000071f200000, 0x000000071f200000| Untracked 
| 250|0x000000071f400000, 0x000000071f400000, 0x000000071f600000|  0%| F|  |TAMS 0x000000071f400000, 0x000000071f400000| Untracked 
| 251|0x000000071f600000, 0x000000071f600000, 0x000000071f800000|  0%| F|  |TAMS 0x000000071f600000, 0x000000071f600000| Untracked 
| 252|0x000000071f800000, 0x000000071f800000, 0x000000071fa00000|  0%| F|  |TAMS 0x000000071f800000, 0x000000071f800000| Untracked 
| 253|0x000000071fa00000, 0x000000071fa00000, 0x000000071fc00000|  0%| F|  |TAMS 0x000000071fa00000, 0x000000071fa00000| Untracked 
| 254|0x000000071fc00000, 0x000000071fc00000, 0x000000071fe00000|  0%| F|  |TAMS 0x000000071fc00000, 0x000000071fc00000| Untracked 
| 255|0x000000071fe00000, 0x000000071fe00000, 0x0000000720000000|  0%| F|  |TAMS 0x000000071fe00000, 0x000000071fe00000| Untracked 
| 256|0x0000000720000000, 0x0000000720000000, 0x0000000720200000|  0%| F|  |TAMS 0x0000000720000000, 0x0000000720000000| Untracked 
| 257|0x0000000720200000, 0x0000000720200000, 0x0000000720400000|  0%| F|  |TAMS 0x0000000720200000, 0x0000000720200000| Untracked 
| 258|0x0000000720400000, 0x0000000720400000, 0x0000000720600000|  0%| F|  |TAMS 0x0000000720400000, 0x0000000720400000| Untracked 
| 259|0x0000000720600000, 0x0000000720600000, 0x0000000720800000|  0%| F|  |TAMS 0x0000000720600000, 0x0000000720600000| Untracked 
| 260|0x0000000720800000, 0x00000007208fe378, 0x0000000720a00000| 49%| E|  |TAMS 0x0000000720800000, 0x0000000720800000| Complete 
| 261|0x0000000720a00000, 0x0000000720c00000, 0x0000000720c00000|100%| E|CS|TAMS 0x0000000720a00000, 0x0000000720a00000| Complete 
| 262|0x0000000720c00000, 0x0000000720e00000, 0x0000000720e00000|100%| E|CS|TAMS 0x0000000720c00000, 0x0000000720c00000| Complete 
| 263|0x0000000720e00000, 0x0000000721000000, 0x0000000721000000|100%| E|CS|TAMS 0x0000000720e00000, 0x0000000720e00000| Complete 
| 264|0x0000000721000000, 0x0000000721200000, 0x0000000721200000|100%| E|CS|TAMS 0x0000000721000000, 0x0000000721000000| Complete 
| 265|0x0000000721200000, 0x0000000721400000, 0x0000000721400000|100%| E|CS|TAMS 0x0000000721200000, 0x0000000721200000| Complete 
| 266|0x0000000721400000, 0x0000000721600000, 0x0000000721600000|100%| E|CS|TAMS 0x0000000721400000, 0x0000000721400000| Complete 
| 267|0x0000000721600000, 0x0000000721800000, 0x0000000721800000|100%| E|CS|TAMS 0x0000000721600000, 0x0000000721600000| Complete 
| 268|0x0000000721800000, 0x0000000721a00000, 0x0000000721a00000|100%| O|  |TAMS 0x0000000721800000, 0x0000000721800000| Untracked 
| 269|0x0000000721a00000, 0x0000000721c00000, 0x0000000721c00000|100%| E|CS|TAMS 0x0000000721a00000, 0x0000000721a00000| Complete 
| 270|0x0000000721c00000, 0x0000000721e00000, 0x0000000721e00000|100%| E|CS|TAMS 0x0000000721c00000, 0x0000000721c00000| Complete 
| 271|0x0000000721e00000, 0x0000000722000000, 0x0000000722000000|100%| E|CS|TAMS 0x0000000721e00000, 0x0000000721e00000| Complete 
| 272|0x0000000722000000, 0x0000000722200000, 0x0000000722200000|100%| O|  |TAMS 0x0000000722000000, 0x0000000722000000| Untracked 
| 273|0x0000000722200000, 0x0000000722400000, 0x0000000722400000|100%| O|  |TAMS 0x0000000722200000, 0x0000000722200000| Untracked 
| 274|0x0000000722400000, 0x0000000722600000, 0x0000000722600000|100%| O|  |TAMS 0x0000000722400000, 0x0000000722400000| Untracked 
| 275|0x0000000722600000, 0x0000000722800000, 0x0000000722800000|100%| O|  |TAMS 0x0000000722600000, 0x0000000722600000| Untracked 
| 276|0x0000000722800000, 0x0000000722a00000, 0x0000000722a00000|100%| O|  |TAMS 0x0000000722800000, 0x0000000722800000| Untracked 
| 277|0x0000000722a00000, 0x0000000722c00000, 0x0000000722c00000|100%| O|  |TAMS 0x0000000722a00000, 0x0000000722a00000| Untracked 
| 278|0x0000000722c00000, 0x0000000722e00000, 0x0000000722e00000|100%| O|  |TAMS 0x0000000722c00000, 0x0000000722c00000| Untracked 
| 279|0x0000000722e00000, 0x0000000723000000, 0x0000000723000000|100%| O|  |TAMS 0x0000000722e00000, 0x0000000722e00000| Untracked 
| 280|0x0000000723000000, 0x0000000723200000, 0x0000000723200000|100%| O|  |TAMS 0x0000000723000000, 0x0000000723000000| Untracked 
| 281|0x0000000723200000, 0x0000000723400000, 0x0000000723400000|100%| O|  |TAMS 0x0000000723200000, 0x0000000723200000| Untracked 
| 282|0x0000000723400000, 0x0000000723600000, 0x0000000723600000|100%| O|  |TAMS 0x0000000723400000, 0x0000000723400000| Untracked 
| 283|0x0000000723600000, 0x0000000723800000, 0x0000000723800000|100%| O|  |TAMS 0x0000000723600000, 0x0000000723600000| Untracked 
| 284|0x0000000723800000, 0x0000000723a00000, 0x0000000723a00000|100%| O|  |TAMS 0x0000000723800000, 0x0000000723800000| Untracked 
| 285|0x0000000723a00000, 0x0000000723c00000, 0x0000000723c00000|100%| O|  |TAMS 0x0000000723a00000, 0x0000000723a00000| Untracked 
| 286|0x0000000723c00000, 0x0000000723e00000, 0x0000000723e00000|100%| O|  |TAMS 0x0000000723c00000, 0x0000000723c00000| Untracked 
| 287|0x0000000723e00000, 0x0000000724000000, 0x0000000724000000|100%| O|  |TAMS 0x0000000723e00000, 0x0000000723e00000| Untracked 
| 288|0x0000000724000000, 0x0000000724200000, 0x0000000724200000|100%| O|  |TAMS 0x0000000724000000, 0x0000000724000000| Untracked 
| 289|0x0000000724200000, 0x0000000724400000, 0x0000000724400000|100%| O|  |TAMS 0x0000000724200000, 0x0000000724200000| Untracked 
| 290|0x0000000724400000, 0x0000000724600000, 0x0000000724600000|100%| O|  |TAMS 0x0000000724400000, 0x0000000724400000| Untracked 
| 291|0x0000000724600000, 0x0000000724800000, 0x0000000724800000|100%| O|  |TAMS 0x0000000724600000, 0x0000000724600000| Untracked 
| 292|0x0000000724800000, 0x0000000724a00000, 0x0000000724a00000|100%| O|  |TAMS 0x0000000724800000, 0x0000000724800000| Untracked 
| 293|0x0000000724a00000, 0x0000000724c00000, 0x0000000724c00000|100%| O|  |TAMS 0x0000000724a00000, 0x0000000724a00000| Untracked 
| 294|0x0000000724c00000, 0x0000000724e00000, 0x0000000724e00000|100%| O|  |TAMS 0x0000000724c00000, 0x0000000724c00000| Untracked 
| 295|0x0000000724e00000, 0x0000000725000000, 0x0000000725000000|100%| O|  |TAMS 0x0000000724e00000, 0x0000000724e00000| Untracked 
| 296|0x0000000725000000, 0x0000000725200000, 0x0000000725200000|100%| O|  |TAMS 0x0000000725000000, 0x0000000725000000| Untracked 
| 297|0x0000000725200000, 0x0000000725400000, 0x0000000725400000|100%| O|  |TAMS 0x0000000725200000, 0x0000000725200000| Untracked 
| 298|0x0000000725400000, 0x0000000725600000, 0x0000000725600000|100%| O|  |TAMS 0x0000000725400000, 0x0000000725400000| Untracked 
| 299|0x0000000725600000, 0x0000000725800000, 0x0000000725800000|100%| O|  |TAMS 0x0000000725600000, 0x0000000725600000| Untracked 
| 300|0x0000000725800000, 0x0000000725a00000, 0x0000000725a00000|100%| E|CS|TAMS 0x0000000725800000, 0x0000000725800000| Complete 
| 301|0x0000000725a00000, 0x0000000725c00000, 0x0000000725c00000|100%| E|CS|TAMS 0x0000000725a00000, 0x0000000725a00000| Complete 
| 302|0x0000000725c00000, 0x0000000725e00000, 0x0000000725e00000|100%| E|CS|TAMS 0x0000000725c00000, 0x0000000725c00000| Complete 
| 303|0x0000000725e00000, 0x0000000726000000, 0x0000000726000000|100%| E|CS|TAMS 0x0000000725e00000, 0x0000000725e00000| Complete 
| 304|0x0000000726000000, 0x0000000726200000, 0x0000000726200000|100%| E|CS|TAMS 0x0000000726000000, 0x0000000726000000| Complete 
| 305|0x0000000726200000, 0x0000000726400000, 0x0000000726400000|100%| E|CS|TAMS 0x0000000726200000, 0x0000000726200000| Complete 
| 306|0x0000000726400000, 0x0000000726600000, 0x0000000726600000|100%| E|CS|TAMS 0x0000000726400000, 0x0000000726400000| Complete 
| 307|0x0000000726600000, 0x0000000726800000, 0x0000000726800000|100%| E|CS|TAMS 0x0000000726600000, 0x0000000726600000| Complete 
| 308|0x0000000726800000, 0x0000000726a00000, 0x0000000726a00000|100%| E|CS|TAMS 0x0000000726800000, 0x0000000726800000| Complete 
| 309|0x0000000726a00000, 0x0000000726c00000, 0x0000000726c00000|100%| E|CS|TAMS 0x0000000726a00000, 0x0000000726a00000| Complete 
| 310|0x0000000726c00000, 0x0000000726e00000, 0x0000000726e00000|100%| E|CS|TAMS 0x0000000726c00000, 0x0000000726c00000| Complete 
| 311|0x0000000726e00000, 0x0000000727000000, 0x0000000727000000|100%| E|CS|TAMS 0x0000000726e00000, 0x0000000726e00000| Complete 
| 312|0x0000000727000000, 0x0000000727200000, 0x0000000727200000|100%| E|CS|TAMS 0x0000000727000000, 0x0000000727000000| Complete 
| 313|0x0000000727200000, 0x0000000727400000, 0x0000000727400000|100%| E|CS|TAMS 0x0000000727200000, 0x0000000727200000| Complete 
| 314|0x0000000727400000, 0x0000000727600000, 0x0000000727600000|100%| E|CS|TAMS 0x0000000727400000, 0x0000000727400000| Complete 
| 315|0x0000000727600000, 0x0000000727800000, 0x0000000727800000|100%| E|CS|TAMS 0x0000000727600000, 0x0000000727600000| Complete 
| 316|0x0000000727800000, 0x0000000727a00000, 0x0000000727a00000|100%| E|CS|TAMS 0x0000000727800000, 0x0000000727800000| Complete 
| 317|0x0000000727a00000, 0x0000000727c00000, 0x0000000727c00000|100%| E|CS|TAMS 0x0000000727a00000, 0x0000000727a00000| Complete 
| 318|0x0000000727c00000, 0x0000000727e00000, 0x0000000727e00000|100%| E|CS|TAMS 0x0000000727c00000, 0x0000000727c00000| Complete 
| 319|0x0000000727e00000, 0x0000000728000000, 0x0000000728000000|100%| E|CS|TAMS 0x0000000727e00000, 0x0000000727e00000| Complete 
| 320|0x0000000728000000, 0x0000000728200000, 0x0000000728200000|100%| E|CS|TAMS 0x0000000728000000, 0x0000000728000000| Complete 
| 321|0x0000000728200000, 0x0000000728400000, 0x0000000728400000|100%| E|CS|TAMS 0x0000000728200000, 0x0000000728200000| Complete 
| 322|0x0000000728400000, 0x0000000728600000, 0x0000000728600000|100%| E|CS|TAMS 0x0000000728400000, 0x0000000728400000| Complete 
| 323|0x0000000728600000, 0x0000000728800000, 0x0000000728800000|100%| E|CS|TAMS 0x0000000728600000, 0x0000000728600000| Complete 
| 324|0x0000000728800000, 0x0000000728a00000, 0x0000000728a00000|100%| E|CS|TAMS 0x0000000728800000, 0x0000000728800000| Complete 
| 325|0x0000000728a00000, 0x0000000728c00000, 0x0000000728c00000|100%| E|CS|TAMS 0x0000000728a00000, 0x0000000728a00000| Complete 
| 326|0x0000000728c00000, 0x0000000728e00000, 0x0000000728e00000|100%| E|CS|TAMS 0x0000000728c00000, 0x0000000728c00000| Complete 
| 327|0x0000000728e00000, 0x0000000729000000, 0x0000000729000000|100%| E|CS|TAMS 0x0000000728e00000, 0x0000000728e00000| Complete 
| 328|0x0000000729000000, 0x0000000729200000, 0x0000000729200000|100%| E|CS|TAMS 0x0000000729000000, 0x0000000729000000| Complete 
| 329|0x0000000729200000, 0x0000000729400000, 0x0000000729400000|100%| E|CS|TAMS 0x0000000729200000, 0x0000000729200000| Complete 
| 330|0x0000000729400000, 0x0000000729600000, 0x0000000729600000|100%| E|CS|TAMS 0x0000000729400000, 0x0000000729400000| Complete 
| 331|0x0000000729600000, 0x0000000729800000, 0x0000000729800000|100%| E|CS|TAMS 0x0000000729600000, 0x0000000729600000| Complete 
| 332|0x0000000729800000, 0x0000000729a00000, 0x0000000729a00000|100%| E|CS|TAMS 0x0000000729800000, 0x0000000729800000| Complete 
| 333|0x0000000729a00000, 0x0000000729c00000, 0x0000000729c00000|100%| E|CS|TAMS 0x0000000729a00000, 0x0000000729a00000| Complete 
| 334|0x0000000729c00000, 0x0000000729e00000, 0x0000000729e00000|100%| E|CS|TAMS 0x0000000729c00000, 0x0000000729c00000| Complete 
| 335|0x0000000729e00000, 0x000000072a000000, 0x000000072a000000|100%| E|CS|TAMS 0x0000000729e00000, 0x0000000729e00000| Complete 
| 336|0x000000072a000000, 0x000000072a200000, 0x000000072a200000|100%| E|CS|TAMS 0x000000072a000000, 0x000000072a000000| Complete 
| 337|0x000000072a200000, 0x000000072a400000, 0x000000072a400000|100%| E|CS|TAMS 0x000000072a200000, 0x000000072a200000| Complete 
| 338|0x000000072a400000, 0x000000072a600000, 0x000000072a600000|100%| E|CS|TAMS 0x000000072a400000, 0x000000072a400000| Complete 
| 339|0x000000072a600000, 0x000000072a800000, 0x000000072a800000|100%| E|CS|TAMS 0x000000072a600000, 0x000000072a600000| Complete 
| 340|0x000000072a800000, 0x000000072aa00000, 0x000000072aa00000|100%| E|CS|TAMS 0x000000072a800000, 0x000000072a800000| Complete 
| 341|0x000000072aa00000, 0x000000072ac00000, 0x000000072ac00000|100%| E|CS|TAMS 0x000000072aa00000, 0x000000072aa00000| Complete 
| 342|0x000000072ac00000, 0x000000072ae00000, 0x000000072ae00000|100%| E|CS|TAMS 0x000000072ac00000, 0x000000072ac00000| Complete 
| 343|0x000000072ae00000, 0x000000072b000000, 0x000000072b000000|100%| E|CS|TAMS 0x000000072ae00000, 0x000000072ae00000| Complete 
| 344|0x000000072b000000, 0x000000072b200000, 0x000000072b200000|100%| E|CS|TAMS 0x000000072b000000, 0x000000072b000000| Complete 
| 345|0x000000072b200000, 0x000000072b400000, 0x000000072b400000|100%| E|CS|TAMS 0x000000072b200000, 0x000000072b200000| Complete 
| 346|0x000000072b400000, 0x000000072b600000, 0x000000072b600000|100%| E|CS|TAMS 0x000000072b400000, 0x000000072b400000| Complete 
| 347|0x000000072b600000, 0x000000072b800000, 0x000000072b800000|100%| E|CS|TAMS 0x000000072b600000, 0x000000072b600000| Complete 
| 348|0x000000072b800000, 0x000000072ba00000, 0x000000072ba00000|100%| E|CS|TAMS 0x000000072b800000, 0x000000072b800000| Complete 
| 349|0x000000072ba00000, 0x000000072bc00000, 0x000000072bc00000|100%| E|CS|TAMS 0x000000072ba00000, 0x000000072ba00000| Complete 
| 350|0x000000072bc00000, 0x000000072be00000, 0x000000072be00000|100%| E|CS|TAMS 0x000000072bc00000, 0x000000072bc00000| Complete 
| 351|0x000000072be00000, 0x000000072c000000, 0x000000072c000000|100%| E|CS|TAMS 0x000000072be00000, 0x000000072be00000| Complete 
| 352|0x000000072c000000, 0x000000072c200000, 0x000000072c200000|100%| E|CS|TAMS 0x000000072c000000, 0x000000072c000000| Complete 
| 353|0x000000072c200000, 0x000000072c400000, 0x000000072c400000|100%| E|CS|TAMS 0x000000072c200000, 0x000000072c200000| Complete 
| 354|0x000000072c400000, 0x000000072c600000, 0x000000072c600000|100%| E|CS|TAMS 0x000000072c400000, 0x000000072c400000| Complete 
| 355|0x000000072c600000, 0x000000072c800000, 0x000000072c800000|100%| E|CS|TAMS 0x000000072c600000, 0x000000072c600000| Complete 
| 356|0x000000072c800000, 0x000000072ca00000, 0x000000072ca00000|100%| E|CS|TAMS 0x000000072c800000, 0x000000072c800000| Complete 
| 357|0x000000072ca00000, 0x000000072cc00000, 0x000000072cc00000|100%| E|CS|TAMS 0x000000072ca00000, 0x000000072ca00000| Complete 
| 358|0x000000072cc00000, 0x000000072ce00000, 0x000000072ce00000|100%| E|CS|TAMS 0x000000072cc00000, 0x000000072cc00000| Complete 
| 359|0x000000072ce00000, 0x000000072d000000, 0x000000072d000000|100%| E|CS|TAMS 0x000000072ce00000, 0x000000072ce00000| Complete 
| 360|0x000000072d000000, 0x000000072d200000, 0x000000072d200000|100%| E|CS|TAMS 0x000000072d000000, 0x000000072d000000| Complete 
| 361|0x000000072d200000, 0x000000072d400000, 0x000000072d400000|100%| E|CS|TAMS 0x000000072d200000, 0x000000072d200000| Complete 
| 362|0x000000072d400000, 0x000000072d600000, 0x000000072d600000|100%| E|CS|TAMS 0x000000072d400000, 0x000000072d400000| Complete 
| 363|0x000000072d600000, 0x000000072d800000, 0x000000072d800000|100%| E|CS|TAMS 0x000000072d600000, 0x000000072d600000| Complete 
| 364|0x000000072d800000, 0x000000072da00000, 0x000000072da00000|100%| E|CS|TAMS 0x000000072d800000, 0x000000072d800000| Complete 
| 365|0x000000072da00000, 0x000000072dc00000, 0x000000072dc00000|100%| E|CS|TAMS 0x000000072da00000, 0x000000072da00000| Complete 
| 366|0x000000072dc00000, 0x000000072de00000, 0x000000072de00000|100%| E|CS|TAMS 0x000000072dc00000, 0x000000072dc00000| Complete 
| 367|0x000000072de00000, 0x000000072e000000, 0x000000072e000000|100%| E|CS|TAMS 0x000000072de00000, 0x000000072de00000| Complete 
| 368|0x000000072e000000, 0x000000072e200000, 0x000000072e200000|100%| E|CS|TAMS 0x000000072e000000, 0x000000072e000000| Complete 
| 369|0x000000072e200000, 0x000000072e400000, 0x000000072e400000|100%| E|CS|TAMS 0x000000072e200000, 0x000000072e200000| Complete 
| 370|0x000000072e400000, 0x000000072e600000, 0x000000072e600000|100%| E|CS|TAMS 0x000000072e400000, 0x000000072e400000| Complete 
| 371|0x000000072e600000, 0x000000072e800000, 0x000000072e800000|100%| E|CS|TAMS 0x000000072e600000, 0x000000072e600000| Complete 
| 372|0x000000072e800000, 0x000000072ea00000, 0x000000072ea00000|100%| E|CS|TAMS 0x000000072e800000, 0x000000072e800000| Complete 
| 373|0x000000072ea00000, 0x000000072ec00000, 0x000000072ec00000|100%| E|CS|TAMS 0x000000072ea00000, 0x000000072ea00000| Complete 
| 374|0x000000072ec00000, 0x000000072ee00000, 0x000000072ee00000|100%| E|CS|TAMS 0x000000072ec00000, 0x000000072ec00000| Complete 
| 375|0x000000072ee00000, 0x000000072f000000, 0x000000072f000000|100%| E|CS|TAMS 0x000000072ee00000, 0x000000072ee00000| Complete 
| 376|0x000000072f000000, 0x000000072f200000, 0x000000072f200000|100%| E|CS|TAMS 0x000000072f000000, 0x000000072f000000| Complete 
| 377|0x000000072f200000, 0x000000072f400000, 0x000000072f400000|100%| E|CS|TAMS 0x000000072f200000, 0x000000072f200000| Complete 
| 378|0x000000072f400000, 0x000000072f600000, 0x000000072f600000|100%| E|CS|TAMS 0x000000072f400000, 0x000000072f400000| Complete 
| 379|0x000000072f600000, 0x000000072f800000, 0x000000072f800000|100%| E|CS|TAMS 0x000000072f600000, 0x000000072f600000| Complete 
| 380|0x000000072f800000, 0x000000072fa00000, 0x000000072fa00000|100%| E|CS|TAMS 0x000000072f800000, 0x000000072f800000| Complete 
| 381|0x000000072fa00000, 0x000000072fc00000, 0x000000072fc00000|100%| E|CS|TAMS 0x000000072fa00000, 0x000000072fa00000| Complete 
| 382|0x000000072fc00000, 0x000000072fe00000, 0x000000072fe00000|100%| E|CS|TAMS 0x000000072fc00000, 0x000000072fc00000| Complete 
| 383|0x000000072fe00000, 0x0000000730000000, 0x0000000730000000|100%| E|CS|TAMS 0x000000072fe00000, 0x000000072fe00000| Complete 
| 384|0x0000000730000000, 0x0000000730200000, 0x0000000730200000|100%| E|CS|TAMS 0x0000000730000000, 0x0000000730000000| Complete 
| 385|0x0000000730200000, 0x0000000730400000, 0x0000000730400000|100%| E|CS|TAMS 0x0000000730200000, 0x0000000730200000| Complete 
| 386|0x0000000730400000, 0x0000000730600000, 0x0000000730600000|100%| E|CS|TAMS 0x0000000730400000, 0x0000000730400000| Complete 
| 387|0x0000000730600000, 0x0000000730800000, 0x0000000730800000|100%| E|CS|TAMS 0x0000000730600000, 0x0000000730600000| Complete 
| 388|0x0000000730800000, 0x0000000730a00000, 0x0000000730a00000|100%| E|CS|TAMS 0x0000000730800000, 0x0000000730800000| Complete 
| 389|0x0000000730a00000, 0x0000000730c00000, 0x0000000730c00000|100%| E|CS|TAMS 0x0000000730a00000, 0x0000000730a00000| Complete 
| 390|0x0000000730c00000, 0x0000000730e00000, 0x0000000730e00000|100%| E|CS|TAMS 0x0000000730c00000, 0x0000000730c00000| Complete 
| 391|0x0000000730e00000, 0x0000000731000000, 0x0000000731000000|100%| E|CS|TAMS 0x0000000730e00000, 0x0000000730e00000| Complete 
| 392|0x0000000731000000, 0x0000000731200000, 0x0000000731200000|100%| E|CS|TAMS 0x0000000731000000, 0x0000000731000000| Complete 
| 393|0x0000000731200000, 0x0000000731400000, 0x0000000731400000|100%| E|CS|TAMS 0x0000000731200000, 0x0000000731200000| Complete 
| 394|0x0000000731400000, 0x0000000731600000, 0x0000000731600000|100%| E|CS|TAMS 0x0000000731400000, 0x0000000731400000| Complete 
| 395|0x0000000731600000, 0x0000000731800000, 0x0000000731800000|100%| E|CS|TAMS 0x0000000731600000, 0x0000000731600000| Complete 
| 396|0x0000000731800000, 0x0000000731a00000, 0x0000000731a00000|100%| E|CS|TAMS 0x0000000731800000, 0x0000000731800000| Complete 
| 397|0x0000000731a00000, 0x0000000731c00000, 0x0000000731c00000|100%| E|CS|TAMS 0x0000000731a00000, 0x0000000731a00000| Complete 
| 398|0x0000000731c00000, 0x0000000731e00000, 0x0000000731e00000|100%| E|CS|TAMS 0x0000000731c00000, 0x0000000731c00000| Complete 
| 399|0x0000000731e00000, 0x0000000732000000, 0x0000000732000000|100%| E|CS|TAMS 0x0000000731e00000, 0x0000000731e00000| Complete 
| 400|0x0000000732000000, 0x0000000732200000, 0x0000000732200000|100%| E|CS|TAMS 0x0000000732000000, 0x0000000732000000| Complete 
| 401|0x0000000732200000, 0x0000000732400000, 0x0000000732400000|100%| E|CS|TAMS 0x0000000732200000, 0x0000000732200000| Complete 
| 402|0x0000000732400000, 0x0000000732600000, 0x0000000732600000|100%| E|CS|TAMS 0x0000000732400000, 0x0000000732400000| Complete 
| 403|0x0000000732600000, 0x0000000732800000, 0x0000000732800000|100%| E|CS|TAMS 0x0000000732600000, 0x0000000732600000| Complete 
| 404|0x0000000732800000, 0x0000000732a00000, 0x0000000732a00000|100%| E|CS|TAMS 0x0000000732800000, 0x0000000732800000| Complete 
| 405|0x0000000732a00000, 0x0000000732c00000, 0x0000000732c00000|100%| E|CS|TAMS 0x0000000732a00000, 0x0000000732a00000| Complete 
| 406|0x0000000732c00000, 0x0000000732e00000, 0x0000000732e00000|100%| E|CS|TAMS 0x0000000732c00000, 0x0000000732c00000| Complete 
| 407|0x0000000732e00000, 0x0000000733000000, 0x0000000733000000|100%| E|CS|TAMS 0x0000000732e00000, 0x0000000732e00000| Complete 
| 408|0x0000000733000000, 0x0000000733200000, 0x0000000733200000|100%| E|CS|TAMS 0x0000000733000000, 0x0000000733000000| Complete 
| 409|0x0000000733200000, 0x0000000733400000, 0x0000000733400000|100%| E|CS|TAMS 0x0000000733200000, 0x0000000733200000| Complete 
| 410|0x0000000733400000, 0x0000000733600000, 0x0000000733600000|100%| E|CS|TAMS 0x0000000733400000, 0x0000000733400000| Complete 
| 411|0x0000000733600000, 0x0000000733800000, 0x0000000733800000|100%| E|CS|TAMS 0x0000000733600000, 0x0000000733600000| Complete 
| 412|0x0000000733800000, 0x0000000733a00000, 0x0000000733a00000|100%| E|CS|TAMS 0x0000000733800000, 0x0000000733800000| Complete 
| 413|0x0000000733a00000, 0x0000000733c00000, 0x0000000733c00000|100%| E|CS|TAMS 0x0000000733a00000, 0x0000000733a00000| Complete 
| 414|0x0000000733c00000, 0x0000000733e00000, 0x0000000733e00000|100%| E|CS|TAMS 0x0000000733c00000, 0x0000000733c00000| Complete 
| 415|0x0000000733e00000, 0x0000000734000000, 0x0000000734000000|100%| E|CS|TAMS 0x0000000733e00000, 0x0000000733e00000| Complete 
| 416|0x0000000734000000, 0x0000000734200000, 0x0000000734200000|100%| E|CS|TAMS 0x0000000734000000, 0x0000000734000000| Complete 
| 417|0x0000000734200000, 0x0000000734400000, 0x0000000734400000|100%| E|CS|TAMS 0x0000000734200000, 0x0000000734200000| Complete 
| 418|0x0000000734400000, 0x0000000734600000, 0x0000000734600000|100%| E|CS|TAMS 0x0000000734400000, 0x0000000734400000| Complete 
| 419|0x0000000734600000, 0x0000000734800000, 0x0000000734800000|100%| E|CS|TAMS 0x0000000734600000, 0x0000000734600000| Complete 
| 420|0x0000000734800000, 0x0000000734a00000, 0x0000000734a00000|100%| E|CS|TAMS 0x0000000734800000, 0x0000000734800000| Complete 
| 421|0x0000000734a00000, 0x0000000734c00000, 0x0000000734c00000|100%| E|CS|TAMS 0x0000000734a00000, 0x0000000734a00000| Complete 
| 422|0x0000000734c00000, 0x0000000734e00000, 0x0000000734e00000|100%| E|CS|TAMS 0x0000000734c00000, 0x0000000734c00000| Complete 
| 423|0x0000000734e00000, 0x0000000735000000, 0x0000000735000000|100%| E|CS|TAMS 0x0000000734e00000, 0x0000000734e00000| Complete 
| 424|0x0000000735000000, 0x0000000735200000, 0x0000000735200000|100%| E|CS|TAMS 0x0000000735000000, 0x0000000735000000| Complete 
| 425|0x0000000735200000, 0x0000000735400000, 0x0000000735400000|100%| E|CS|TAMS 0x0000000735200000, 0x0000000735200000| Complete 
| 426|0x0000000735400000, 0x0000000735600000, 0x0000000735600000|100%| E|CS|TAMS 0x0000000735400000, 0x0000000735400000| Complete 
| 427|0x0000000735600000, 0x0000000735800000, 0x0000000735800000|100%| E|CS|TAMS 0x0000000735600000, 0x0000000735600000| Complete 
| 428|0x0000000735800000, 0x0000000735a00000, 0x0000000735a00000|100%| E|CS|TAMS 0x0000000735800000, 0x0000000735800000| Complete 
| 429|0x0000000735a00000, 0x0000000735c00000, 0x0000000735c00000|100%| E|CS|TAMS 0x0000000735a00000, 0x0000000735a00000| Complete 
| 430|0x0000000735c00000, 0x0000000735e00000, 0x0000000735e00000|100%| E|CS|TAMS 0x0000000735c00000, 0x0000000735c00000| Complete 
| 431|0x0000000735e00000, 0x0000000736000000, 0x0000000736000000|100%| E|CS|TAMS 0x0000000735e00000, 0x0000000735e00000| Complete 
| 432|0x0000000736000000, 0x0000000736200000, 0x0000000736200000|100%| E|CS|TAMS 0x0000000736000000, 0x0000000736000000| Complete 
| 433|0x0000000736200000, 0x0000000736400000, 0x0000000736400000|100%| E|CS|TAMS 0x0000000736200000, 0x0000000736200000| Complete 
| 434|0x0000000736400000, 0x0000000736600000, 0x0000000736600000|100%| E|CS|TAMS 0x0000000736400000, 0x0000000736400000| Complete 
| 435|0x0000000736600000, 0x0000000736800000, 0x0000000736800000|100%| E|CS|TAMS 0x0000000736600000, 0x0000000736600000| Complete 
| 436|0x0000000736800000, 0x0000000736a00000, 0x0000000736a00000|100%| E|CS|TAMS 0x0000000736800000, 0x0000000736800000| Complete 
| 437|0x0000000736a00000, 0x0000000736c00000, 0x0000000736c00000|100%| E|CS|TAMS 0x0000000736a00000, 0x0000000736a00000| Complete 
| 438|0x0000000736c00000, 0x0000000736e00000, 0x0000000736e00000|100%| E|CS|TAMS 0x0000000736c00000, 0x0000000736c00000| Complete 
| 439|0x0000000736e00000, 0x0000000737000000, 0x0000000737000000|100%| E|CS|TAMS 0x0000000736e00000, 0x0000000736e00000| Complete 
| 440|0x0000000737000000, 0x0000000737200000, 0x0000000737200000|100%| E|CS|TAMS 0x0000000737000000, 0x0000000737000000| Complete 
| 441|0x0000000737200000, 0x0000000737400000, 0x0000000737400000|100%| E|CS|TAMS 0x0000000737200000, 0x0000000737200000| Complete 
| 442|0x0000000737400000, 0x0000000737600000, 0x0000000737600000|100%| E|CS|TAMS 0x0000000737400000, 0x0000000737400000| Complete 
| 443|0x0000000737600000, 0x0000000737800000, 0x0000000737800000|100%| E|CS|TAMS 0x0000000737600000, 0x0000000737600000| Complete 
| 444|0x0000000737800000, 0x0000000737a00000, 0x0000000737a00000|100%| E|CS|TAMS 0x0000000737800000, 0x0000000737800000| Complete 
| 445|0x0000000737a00000, 0x0000000737c00000, 0x0000000737c00000|100%| E|CS|TAMS 0x0000000737a00000, 0x0000000737a00000| Complete 
| 446|0x0000000737c00000, 0x0000000737e00000, 0x0000000737e00000|100%| E|CS|TAMS 0x0000000737c00000, 0x0000000737c00000| Complete 
| 447|0x0000000737e00000, 0x0000000738000000, 0x0000000738000000|100%| E|CS|TAMS 0x0000000737e00000, 0x0000000737e00000| Complete 
| 448|0x0000000738000000, 0x0000000738200000, 0x0000000738200000|100%| E|CS|TAMS 0x0000000738000000, 0x0000000738000000| Complete 
| 449|0x0000000738200000, 0x0000000738400000, 0x0000000738400000|100%| E|CS|TAMS 0x0000000738200000, 0x0000000738200000| Complete 
| 450|0x0000000738400000, 0x0000000738600000, 0x0000000738600000|100%| E|CS|TAMS 0x0000000738400000, 0x0000000738400000| Complete 
| 451|0x0000000738600000, 0x0000000738800000, 0x0000000738800000|100%| E|CS|TAMS 0x0000000738600000, 0x0000000738600000| Complete 
| 452|0x0000000738800000, 0x0000000738a00000, 0x0000000738a00000|100%| E|CS|TAMS 0x0000000738800000, 0x0000000738800000| Complete 
| 453|0x0000000738a00000, 0x0000000738c00000, 0x0000000738c00000|100%| E|CS|TAMS 0x0000000738a00000, 0x0000000738a00000| Complete 
| 454|0x0000000738c00000, 0x0000000738e00000, 0x0000000738e00000|100%| E|CS|TAMS 0x0000000738c00000, 0x0000000738c00000| Complete 
| 455|0x0000000738e00000, 0x0000000739000000, 0x0000000739000000|100%| E|CS|TAMS 0x0000000738e00000, 0x0000000738e00000| Complete 
| 456|0x0000000739000000, 0x0000000739200000, 0x0000000739200000|100%| E|CS|TAMS 0x0000000739000000, 0x0000000739000000| Complete 
| 457|0x0000000739200000, 0x0000000739400000, 0x0000000739400000|100%| E|CS|TAMS 0x0000000739200000, 0x0000000739200000| Complete 
| 458|0x0000000739400000, 0x0000000739600000, 0x0000000739600000|100%| E|CS|TAMS 0x0000000739400000, 0x0000000739400000| Complete 
| 459|0x0000000739600000, 0x0000000739800000, 0x0000000739800000|100%| E|CS|TAMS 0x0000000739600000, 0x0000000739600000| Complete 
| 460|0x0000000739800000, 0x0000000739a00000, 0x0000000739a00000|100%| E|CS|TAMS 0x0000000739800000, 0x0000000739800000| Complete 
| 461|0x0000000739a00000, 0x0000000739c00000, 0x0000000739c00000|100%| E|CS|TAMS 0x0000000739a00000, 0x0000000739a00000| Complete 
| 462|0x0000000739c00000, 0x0000000739e00000, 0x0000000739e00000|100%| E|CS|TAMS 0x0000000739c00000, 0x0000000739c00000| Complete 
| 463|0x0000000739e00000, 0x000000073a000000, 0x000000073a000000|100%| E|CS|TAMS 0x0000000739e00000, 0x0000000739e00000| Complete 
| 464|0x000000073a000000, 0x000000073a200000, 0x000000073a200000|100%| E|CS|TAMS 0x000000073a000000, 0x000000073a000000| Complete 
|1534|0x00000007bfc00000, 0x00000007bfd75000, 0x00000007bfe00000| 72%|OA|  |TAMS 0x00000007bfd75000, 0x00000007bfc00000| Untracked 
|1535|0x00000007bfe00000, 0x00000007bfe7d000, 0x00000007c0000000| 24%|CA|  |TAMS 0x00000007bfe7d000, 0x00000007bfe00000| Untracked 
|2016|0x00000007fc000000, 0x00000007fc200000, 0x00000007fc200000|100%| E|CS|TAMS 0x00000007fc000000, 0x00000007fc000000| Complete 
|2017|0x00000007fc200000, 0x00000007fc400000, 0x00000007fc400000|100%| E|CS|TAMS 0x00000007fc200000, 0x00000007fc200000| Complete 
|2018|0x00000007fc400000, 0x00000007fc600000, 0x00000007fc600000|100%| E|CS|TAMS 0x00000007fc400000, 0x00000007fc400000| Complete 
|2019|0x00000007fc600000, 0x00000007fc800000, 0x00000007fc800000|100%| E|CS|TAMS 0x00000007fc600000, 0x00000007fc600000| Complete 
|2020|0x00000007fc800000, 0x00000007fca00000, 0x00000007fca00000|100%| E|CS|TAMS 0x00000007fc800000, 0x00000007fc800000| Complete 
|2021|0x00000007fca00000, 0x00000007fcc00000, 0x00000007fcc00000|100%| E|CS|TAMS 0x00000007fca00000, 0x00000007fca00000| Complete 
|2022|0x00000007fcc00000, 0x00000007fce00000, 0x00000007fce00000|100%| E|CS|TAMS 0x00000007fcc00000, 0x00000007fcc00000| Complete 
|2023|0x00000007fce00000, 0x00000007fd000000, 0x00000007fd000000|100%| E|CS|TAMS 0x00000007fce00000, 0x00000007fce00000| Complete 
|2024|0x00000007fd000000, 0x00000007fd200000, 0x00000007fd200000|100%| E|CS|TAMS 0x00000007fd000000, 0x00000007fd000000| Complete 
|2025|0x00000007fd200000, 0x00000007fd400000, 0x00000007fd400000|100%| E|CS|TAMS 0x00000007fd200000, 0x00000007fd200000| Complete 
|2026|0x00000007fd400000, 0x00000007fd600000, 0x00000007fd600000|100%| E|CS|TAMS 0x00000007fd400000, 0x00000007fd400000| Complete 
|2027|0x00000007fd600000, 0x00000007fd800000, 0x00000007fd800000|100%| E|CS|TAMS 0x00000007fd600000, 0x00000007fd600000| Complete 
|2028|0x00000007fd800000, 0x00000007fda00000, 0x00000007fda00000|100%| E|CS|TAMS 0x00000007fd800000, 0x00000007fd800000| Complete 
|2029|0x00000007fda00000, 0x00000007fdc00000, 0x00000007fdc00000|100%| E|CS|TAMS 0x00000007fda00000, 0x00000007fda00000| Complete 
|2030|0x00000007fdc00000, 0x00000007fde00000, 0x00000007fde00000|100%| E|CS|TAMS 0x00000007fdc00000, 0x00000007fdc00000| Complete 
|2031|0x00000007fde00000, 0x00000007fe000000, 0x00000007fe000000|100%| E|CS|TAMS 0x00000007fde00000, 0x00000007fde00000| Complete 
|2032|0x00000007fe000000, 0x00000007fe200000, 0x00000007fe200000|100%| E|CS|TAMS 0x00000007fe000000, 0x00000007fe000000| Complete 
|2033|0x00000007fe200000, 0x00000007fe400000, 0x00000007fe400000|100%| E|CS|TAMS 0x00000007fe200000, 0x00000007fe200000| Complete 
|2034|0x00000007fe400000, 0x00000007fe600000, 0x00000007fe600000|100%| E|CS|TAMS 0x00000007fe400000, 0x00000007fe400000| Complete 
|2035|0x00000007fe600000, 0x00000007fe800000, 0x00000007fe800000|100%| E|CS|TAMS 0x00000007fe600000, 0x00000007fe600000| Complete 
|2036|0x00000007fe800000, 0x00000007fea00000, 0x00000007fea00000|100%| E|CS|TAMS 0x00000007fe800000, 0x00000007fe800000| Complete 
|2037|0x00000007fea00000, 0x00000007fec00000, 0x00000007fec00000|100%| E|CS|TAMS 0x00000007fea00000, 0x00000007fea00000| Complete 
|2038|0x00000007fec00000, 0x00000007fee00000, 0x00000007fee00000|100%| E|CS|TAMS 0x00000007fec00000, 0x00000007fec00000| Complete 
|2039|0x00000007fee00000, 0x00000007ff000000, 0x00000007ff000000|100%| E|CS|TAMS 0x00000007fee00000, 0x00000007fee00000| Complete 
|2040|0x00000007ff000000, 0x00000007ff200000, 0x00000007ff200000|100%| E|CS|TAMS 0x00000007ff000000, 0x00000007ff000000| Complete 
|2041|0x00000007ff200000, 0x00000007ff400000, 0x00000007ff400000|100%| E|CS|TAMS 0x00000007ff200000, 0x00000007ff200000| Complete 
|2042|0x00000007ff400000, 0x00000007ff600000, 0x00000007ff600000|100%| E|CS|TAMS 0x00000007ff400000, 0x00000007ff400000| Complete 
|2043|0x00000007ff600000, 0x00000007ff800000, 0x00000007ff800000|100%| E|CS|TAMS 0x00000007ff600000, 0x00000007ff600000| Complete 
|2044|0x00000007ff800000, 0x00000007ffa00000, 0x00000007ffa00000|100%| E|CS|TAMS 0x00000007ff800000, 0x00000007ff800000| Complete 
|2045|0x00000007ffa00000, 0x00000007ffc00000, 0x00000007ffc00000|100%| E|CS|TAMS 0x00000007ffa00000, 0x00000007ffa00000| Complete 
|2046|0x00000007ffc00000, 0x00000007ffe00000, 0x00000007ffe00000|100%| E|CS|TAMS 0x00000007ffc00000, 0x00000007ffc00000| Complete 
|2047|0x00000007ffe00000, 0x0000000800000000, 0x0000000800000000|100%| E|CS|TAMS 0x00000007ffe00000, 0x00000007ffe00000| Complete 

Card table byte_map: [0x0000000126ebf000,0x00000001276bf000] _byte_map_base: 0x00000001236bf000

Marking Bits (Prev, Next): (CMBitMap*) 0x00007fc71d023810, (CMBitMap*) 0x00007fc71d023850
 Prev Bits: [0x0000000127ebf000, 0x000000012bebf000)
 Next Bits: [0x000000012bebf000, 0x000000012febf000)

Polling page: 0x00000001007f6000

Metaspace:

Usage:
  Non-class:    108.92 MB used.
      Class:     12.13 MB used.
       Both:    121.05 MB used.

Virtual space:
  Non-class space:      112.00 MB reserved,     109.62 MB ( 98%) committed,  14 nodes.
      Class space:        1.00 GB reserved,      12.81 MB (  1%) committed,  1 nodes.
              Both:        1.11 GB reserved,     122.44 MB ( 11%) committed. 

Chunk freelists:
   Non-Class:  1.75 MB
       Class:  3.34 MB
        Both:  5.09 MB

MaxMetaspaceSize: 17179869184.00 GB
CompressedClassSpaceSize: 1.00 GB
 - commit_granule_bytes: 65536.
 - commit_granule_words: 8192.
 - virtual_space_node_default_size: 1048576.
 - enlarge_chunks_in_place: 1.
 - new_chunks_are_fully_committed: 0.
 - uncommit_free_chunks: 1.
 - use_allocation_guard: 0.
 - handle_deallocations: 1.


Internal statistics:

num_allocs_failed_limit: 9.
num_arena_births: 2292.
num_arena_deaths: 732.
num_vsnodes_births: 15.
num_vsnodes_deaths: 0.
num_space_committed: 1913.
num_space_uncommitted: 0.
num_chunks_returned_to_freelist: 899.
num_chunks_taken_from_freelist: 6652.
num_chunk_merges: 325.
num_chunk_splits: 4235.
num_chunks_enlarged: 2826.
num_purges: 36.

CodeHeap 'non-profiled nmethods': size=120028Kb used=55147Kb max_used=55147Kb free=64880Kb
 bounds [0x000000011f988000, 0x0000000122f78000, 0x0000000126ebf000]
CodeHeap 'profiled nmethods': size=120028Kb used=58175Kb max_used=58316Kb free=61852Kb
 bounds [0x0000000118451000, 0x000000011be01000, 0x000000011f988000]
CodeHeap 'non-nmethods': size=5704Kb used=2299Kb max_used=2366Kb free=3404Kb
 bounds [0x0000000117ebf000, 0x000000011812f000, 0x0000000118451000]
 total_blobs=29384 nmethods=27488 adapters=1805
 compilation: enabled
              stopped_count=0, restarted_count=0
 full_count=0

Compilation events (20 events):
Event: 72851.996 Thread 0x00007fc71d0f2a00 45666       3       net.runelite.client.plugins.microbot.util.antiban.ui.MicroBreakPanel::updateValues (124 bytes)
Event: 72851.998 Thread 0x00007fc71d0f2a00 nmethod 45666 0x000000011b9aff90 code [0x000000011b9b0640, 0x000000011b9b40f0]
Event: 72852.061 Thread 0x00007fc71d0f2a00 45667       3       net.runelite.client.plugins.microbot.util.antiban.AntibanPlugin$$Lambda$2050/0x00000008015ea470::accept (12 bytes)
Event: 72852.061 Thread 0x00007fc71d0f2a00 nmethod 45667 0x000000011a73da90 code [0x000000011a73dc40, 0x000000011a73de80]
Event: 72855.102 Thread 0x00007fc71d0f2a00 45668       3       com.toofifty.xpmeter.Intervals::getXpIntervals (110 bytes)
Event: 72855.102 Thread 0x00007fc71d0f2a00 nmethod 45668 0x000000011a0d6610 code [0x000000011a0d6860, 0x000000011a0d7540]
Event: 72857.783 Thread 0x00007fc71d0f2a00 45669       3       com.toofifty.xpmeter.XPChart::drawXpLabels (204 bytes)
Event: 72857.784 Thread 0x00007fc71d0f2a00 nmethod 45669 0x0000000118844610 code [0x0000000118844920, 0x0000000118845db0]
Event: 72862.608 Thread 0x00007fc71d0f2400 45670       4       java.util.ArrayList::listIterator (15 bytes)
Event: 72862.622 Thread 0x00007fc71d0f2400 nmethod 45670 0x00000001210b8310 code [0x00000001210b84a0, 0x00000001210b85d8]
Event: 72863.443 Thread 0x00007fc71d0f2400 45671       4       com.google.common.collect.Lists::reverse (55 bytes)
Event: 72863.444 Thread 0x00007fc71d0f2400 nmethod 45671 0x00000001210b7f10 code [0x00000001210b80a0, 0x00000001210b81d8]
Event: 72865.043 Thread 0x00007fc71d0f2400 45672       4       java.util.ArrayList$SubList::iterator (5 bytes)
Event: 72865.044 Thread 0x00007fc71d0f2400 nmethod 45672 0x00000001210b7a90 code [0x00000001210b7c20, 0x00000001210b7d78]
Event: 72865.244 Thread 0x00007fc71d0f2400 45673       4       com.google.common.collect.Lists$ReverseList::iterator (5 bytes)
Event: 72865.246 Thread 0x00007fc71d0f2400 nmethod 45673 0x00000001210b7510 code [0x00000001210b76a0, 0x00000001210b7878]
Event: 72865.246 Thread 0x00007fc71d0f2400 45674       4       com.google.common.collect.Lists$ReverseList::listIterator (27 bytes)
Event: 72865.247 Thread 0x00007fc71d0f2400 nmethod 45674 0x00000001210b6e90 code [0x00000001210b7040, 0x00000001210b72b8]
Event: 72866.302 Thread 0x00007fc71d0f2400 45675       4       java.util.Collections$EmptyMap::entrySet (4 bytes)
Event: 72866.303 Thread 0x00007fc71d0f2400 nmethod 45675 0x00000001210b6b90 code [0x00000001210b6d20, 0x00000001210b6d98]

GC Heap History (20 events):
Event: 72759.801 GC heap before
{Heap before GC invocations=5219 (full 3):
 garbage-first heap   total 1021952K, used 822547K [0x0000000700000000, 0x0000000800000000)
  region size 2048K, 160 young (327680K), 28 survivors (57344K)
 Metaspace       used 123869K, committed 125248K, reserved 1163264K
  class space    used 12406K, committed 13120K, reserved 1048576K
}
Event: 72759.816 GC heap after
{Heap after GC invocations=5220 (full 3):
 garbage-first heap   total 1021952K, used 569776K [0x0000000700000000, 0x0000000800000000)
  region size 2048K, 8 young (16384K), 8 survivors (16384K)
 Metaspace       used 123869K, committed 125248K, reserved 1163264K
  class space    used 12406K, committed 13120K, reserved 1048576K
}
Event: 72768.058 GC heap before
{Heap before GC invocations=5221 (full 3):
 garbage-first heap   total 1021952K, used 750000K [0x0000000700000000, 0x0000000800000000)
  region size 2048K, 138 young (282624K), 8 survivors (16384K)
 Metaspace       used 123869K, committed 125248K, reserved 1163264K
  class space    used 12406K, committed 13120K, reserved 1048576K
}
Event: 72768.067 GC heap after
{Heap after GC invocations=5222 (full 3):
 garbage-first heap   total 1021952K, used 485808K [0x0000000700000000, 0x0000000800000000)
  region size 2048K, 9 young (18432K), 9 survivors (18432K)
 Metaspace       used 123869K, committed 125248K, reserved 1163264K
  class space    used 12406K, committed 13120K, reserved 1048576K
}
Event: 72769.272 GC heap before
{Heap before GC invocations=5222 (full 3):
 garbage-first heap   total 1021952K, used 516528K [0x0000000700000000, 0x0000000800000000)
  region size 2048K, 24 young (49152K), 9 survivors (18432K)
 Metaspace       used 123870K, committed 125248K, reserved 1163264K
  class space    used 12406K, committed 13120K, reserved 1048576K
}
Event: 72769.296 GC heap after
{Heap after GC invocations=5223 (full 3):
 garbage-first heap   total 1021952K, used 420537K [0x0000000700000000, 0x0000000800000000)
  region size 2048K, 2 young (4096K), 2 survivors (4096K)
 Metaspace       used 123870K, committed 125248K, reserved 1163264K
  class space    used 12406K, committed 13120K, reserved 1048576K
}
Event: 72784.299 GC heap before
{Heap before GC invocations=5223 (full 3):
 garbage-first heap   total 1021952K, used 813753K [0x0000000700000000, 0x0000000800000000)
  region size 2048K, 194 young (397312K), 2 survivors (4096K)
 Metaspace       used 123905K, committed 125312K, reserved 1163264K
  class space    used 12414K, committed 13120K, reserved 1048576K
}
Event: 72784.309 GC heap after
{Heap after GC invocations=5224 (full 3):
 garbage-first heap   total 1021952K, used 421773K [0x0000000700000000, 0x0000000800000000)
  region size 2048K, 3 young (6144K), 3 survivors (6144K)
 Metaspace       used 123905K, committed 125312K, reserved 1163264K
  class space    used 12414K, committed 13120K, reserved 1048576K
}
Event: 72799.410 GC heap before
{Heap before GC invocations=5224 (full 3):
 garbage-first heap   total 1021952K, used 825229K [0x0000000700000000, 0x0000000800000000)
  region size 2048K, 201 young (411648K), 3 survivors (6144K)
 Metaspace       used 123926K, committed 125312K, reserved 1163264K
  class space    used 12420K, committed 13120K, reserved 1048576K
}
Event: 72799.417 GC heap after
{Heap after GC invocations=5225 (full 3):
 garbage-first heap   total 1021952K, used 422841K [0x0000000700000000, 0x0000000800000000)
  region size 2048K, 3 young (6144K), 3 survivors (6144K)
 Metaspace       used 123926K, committed 125312K, reserved 1163264K
  class space    used 12420K, committed 13120K, reserved 1048576K
}
Event: 72809.652 GC heap before
{Heap before GC invocations=5225 (full 3):
 garbage-first heap   total 1021952K, used 842681K [0x0000000700000000, 0x0000000800000000)
  region size 2048K, 208 young (425984K), 3 survivors (6144K)
 Metaspace       used 123933K, committed 125312K, reserved 1163264K
  class space    used 12420K, committed 13120K, reserved 1048576K
}
Event: 72809.659 GC heap after
{Heap after GC invocations=5226 (full 3):
 garbage-first heap   total 1021952K, used 423962K [0x0000000700000000, 0x0000000800000000)
  region size 2048K, 4 young (8192K), 4 survivors (8192K)
 Metaspace       used 123933K, committed 125312K, reserved 1163264K
  class space    used 12420K, committed 13120K, reserved 1048576K
}
Event: 72820.364 GC heap before
{Heap before GC invocations=5226 (full 3):
 garbage-first heap   total 1021952K, used 854042K [0x0000000700000000, 0x0000000800000000)
  region size 2048K, 214 young (438272K), 4 survivors (8192K)
 Metaspace       used 123936K, committed 125312K, reserved 1163264K
  class space    used 12420K, committed 13120K, reserved 1048576K
}
Event: 72820.371 GC heap after
{Heap after GC invocations=5227 (full 3):
 garbage-first heap   total 1021952K, used 424998K [0x0000000700000000, 0x0000000800000000)
  region size 2048K, 4 young (8192K), 4 survivors (8192K)
 Metaspace       used 123936K, committed 125312K, reserved 1163264K
  class space    used 12420K, committed 13120K, reserved 1048576K
}
Event: 72831.938 GC heap before
{Heap before GC invocations=5227 (full 3):
 garbage-first heap   total 1021952K, used 865318K [0x0000000700000000, 0x0000000800000000)
  region size 2048K, 219 young (448512K), 4 survivors (8192K)
 Metaspace       used 123953K, committed 125376K, reserved 1163264K
  class space    used 12420K, committed 13120K, reserved 1048576K
}
Event: 72831.945 GC heap after
{Heap after GC invocations=5228 (full 3):
 garbage-first heap   total 1021952K, used 424706K [0x0000000700000000, 0x0000000800000000)
  region size 2048K, 4 young (8192K), 4 survivors (8192K)
 Metaspace       used 123953K, committed 125376K, reserved 1163264K
  class space    used 12420K, committed 13120K, reserved 1048576K
}
Event: 72843.671 GC heap before
{Heap before GC invocations=5228 (full 3):
 garbage-first heap   total 1021952K, used 873218K [0x0000000700000000, 0x0000000800000000)
  region size 2048K, 223 young (456704K), 4 survivors (8192K)
 Metaspace       used 123954K, committed 125376K, reserved 1163264K
  class space    used 12420K, committed 13120K, reserved 1048576K
}
Event: 72843.679 GC heap after
{Heap after GC invocations=5229 (full 3):
 garbage-first heap   total 1021952K, used 424824K [0x0000000700000000, 0x0000000800000000)
  region size 2048K, 4 young (8192K), 4 survivors (8192K)
 Metaspace       used 123954K, committed 125376K, reserved 1163264K
  class space    used 12420K, committed 13120K, reserved 1048576K
}
Event: 72855.385 GC heap before
{Heap before GC invocations=5229 (full 3):
 garbage-first heap   total 1021952K, used 879480K [0x0000000700000000, 0x0000000800000000)
  region size 2048K, 226 young (462848K), 4 survivors (8192K)
 Metaspace       used 123957K, committed 125376K, reserved 1163264K
  class space    used 12420K, committed 13120K, reserved 1048576K
}
Event: 72855.393 GC heap after
{Heap after GC invocations=5230 (full 3):
 garbage-first heap   total 1021952K, used 425610K [0x0000000700000000, 0x0000000800000000)
  region size 2048K, 5 young (10240K), 5 survivors (10240K)
 Metaspace       used 123957K, committed 125376K, reserved 1163264K
  class space    used 12420K, committed 13120K, reserved 1048576K
}

Deoptimization events (20 events):
Event: 72852.043 Thread 0x00007fc71c91e600 DEOPT PACKING pc=0x00000001197c20db sp=0x000000030854d170
Event: 72852.043 Thread 0x00007fc71c91e600 DEOPT UNPACKING pc=0x0000000117f0cb9b sp=0x000000030854c648 mode 0
Event: 72852.043 Thread 0x00007fc71c91e600 DEOPT PACKING pc=0x00000001197c1eb0 sp=0x000000030854d170
Event: 72852.043 Thread 0x00007fc71c91e600 DEOPT UNPACKING pc=0x0000000117f0cb9b sp=0x000000030854c638 mode 0
Event: 72855.064 Thread 0x00007fc71c91e600 Uncommon trap: trap_request=0xffffff45 fr.pc=0x0000000120f4816c relative=0x00000000000008ac
Event: 72855.064 Thread 0x00007fc71c91e600 Uncommon trap: reason=unstable_if action=reinterpret pc=0x0000000120f4816c method=com.toofifty.xpmeter.Intervals.getXpIntervals(I)Ljava/util/List; @ 47 c2
Event: 72855.064 Thread 0x00007fc71c91e600 DEOPT PACKING pc=0x0000000120f4816c sp=0x000000030854d2c0
Event: 72855.064 Thread 0x00007fc71c91e600 DEOPT UNPACKING pc=0x0000000117f0c41e sp=0x000000030854d298 mode 2
Event: 72855.065 Thread 0x00007fc71c91e600 Uncommon trap: trap_request=0xffffff45 fr.pc=0x0000000121517624 relative=0x0000000000002704
Event: 72855.065 Thread 0x00007fc71c91e600 Uncommon trap: reason=unstable_if action=reinterpret pc=0x0000000121517624 method=com.toofifty.xpmeter.Intervals.getXpIntervals(I)Ljava/util/List; @ 47 c2
Event: 72855.065 Thread 0x00007fc71c91e600 DEOPT PACKING pc=0x0000000121517624 sp=0x000000030854d320
Event: 72855.065 Thread 0x00007fc71c91e600 DEOPT UNPACKING pc=0x0000000117f0c41e sp=0x000000030854d280 mode 2
Event: 72858.639 Thread 0x00007fc71c91e600 DEOPT PACKING pc=0x00000001197c1a60 sp=0x000000030854d170
Event: 72858.639 Thread 0x00007fc71c91e600 DEOPT UNPACKING pc=0x0000000117f0cb9b sp=0x000000030854c648 mode 0
Event: 72864.039 Thread 0x00007fc71c91e600 DEOPT PACKING pc=0x00000001197c1ab1 sp=0x000000030854d170
Event: 72864.039 Thread 0x00007fc71c91e600 DEOPT UNPACKING pc=0x0000000117f0cb9b sp=0x000000030854c648 mode 0
Event: 72864.040 Thread 0x00007fc71c91e600 DEOPT PACKING pc=0x00000001197c200f sp=0x000000030854d170
Event: 72864.040 Thread 0x00007fc71c91e600 DEOPT UNPACKING pc=0x0000000117f0cb9b sp=0x000000030854c648 mode 0
Event: 72864.040 Thread 0x00007fc71c91e600 DEOPT PACKING pc=0x00000001197c200f sp=0x000000030854d170
Event: 72864.040 Thread 0x00007fc71c91e600 DEOPT UNPACKING pc=0x0000000117f0cb9b sp=0x000000030854c648 mode 0

Classes unloaded (20 events):
Event: 39055.178 Thread 0x00007fc71bb0a790 Unloading class 0x0000000800d0c400 'java/lang/invoke/LambdaForm$MH+0x0000000800d0c400'
Event: 39055.178 Thread 0x00007fc71bb0a790 Unloading class 0x0000000800d0c000 'java/lang/invoke/LambdaForm$MH+0x0000000800d0c000'
Event: 39055.178 Thread 0x00007fc71bb0a790 Unloading class 0x0000000800c16800 'java/lang/invoke/LambdaForm$MH+0x0000000800c16800'
Event: 39055.178 Thread 0x00007fc71bb0a790 Unloading class 0x0000000800c16000 'java/lang/invoke/LambdaForm$MH+0x0000000800c16000'
Event: 39055.178 Thread 0x00007fc71bb0a790 Unloading class 0x0000000800c15c00 'java/lang/invoke/LambdaForm$MH+0x0000000800c15c00'
Event: 39055.178 Thread 0x00007fc71bb0a790 Unloading class 0x0000000800c15800 'java/lang/invoke/LambdaForm$MH+0x0000000800c15800'
Event: 39055.178 Thread 0x00007fc71bb0a790 Unloading class 0x0000000800c15000 'java/lang/invoke/LambdaForm$MH+0x0000000800c15000'
Event: 39055.178 Thread 0x00007fc71bb0a790 Unloading class 0x0000000800c14c00 'java/lang/invoke/LambdaForm$MH+0x0000000800c14c00'
Event: 39055.178 Thread 0x00007fc71bb0a790 Unloading class 0x0000000800c14800 'java/lang/invoke/LambdaForm$MH+0x0000000800c14800'
Event: 39055.178 Thread 0x00007fc71bb0a790 Unloading class 0x0000000800c14000 'java/lang/invoke/LambdaForm$MH+0x0000000800c14000'
Event: 48734.505 Thread 0x00007fc71bb0a790 Unloading class 0x00000008016c9400 'jdk/internal/reflect/GeneratedMethodAccessor25'
Event: 61018.824 Thread 0x00007fc71bb0a790 Unloading class 0x0000000800d10800 'jdk/internal/reflect/GeneratedConstructorAccessor229'
Event: 61018.824 Thread 0x00007fc71bb0a790 Unloading class 0x000000080179c800 'java/lang/invoke/LambdaForm$MH+0x000000080179c800'
Event: 61018.824 Thread 0x00007fc71bb0a790 Unloading class 0x0000000800f90000 'jdk/internal/reflect/GeneratedConstructorAccessor228'
Event: 70855.123 Thread 0x00007fc71bb0a790 Unloading class 0x00000008016a1800 'java/lang/invoke/LambdaForm$MH+0x00000008016a1800'
Event: 70855.123 Thread 0x00007fc71bb0a790 Unloading class 0x00000008016c6400 'java/lang/invoke/LambdaForm$MH+0x00000008016c6400'
Event: 70855.123 Thread 0x00007fc71bb0a790 Unloading class 0x000000080101c400 'java/lang/invoke/LambdaForm$MH+0x000000080101c400'
Event: 70855.123 Thread 0x00007fc71bb0a790 Unloading class 0x0000000800f90000 'java/lang/invoke/LambdaForm$MH+0x0000000800f90000'
Event: 70855.123 Thread 0x00007fc71bb0a790 Unloading class 0x000000080179c800 'java/lang/invoke/LambdaForm$MH+0x000000080179c800'
Event: 70855.123 Thread 0x00007fc71bb0a790 Unloading class 0x0000000800d10800 'java/lang/invoke/LambdaForm$MH+0x0000000800d10800'

Classes redefined (0 events):
No events

Internal exceptions (20 events):
Event: 47355.836 Thread 0x00007fc6debcb000 Exception <a 'java/io/IOException'{0x0000000736a013e0}> (0x0000000736a013e0) 
thrown [./open/src/hotspot/share/prims/jni.cpp, line 579]
Event: 48707.759 Thread 0x00007fc71c91e600 Exception <a 'java/lang/NoSuchMethodError'{0x00000007ffe6b100}: 'netscape.javascript.JSObject netscape.javascript.JSObject.getWindow(sw)'> (0x00000007ffe6b100) 
thrown [./open/src/hotspot/share/interpreter/linkResolver.cpp, line 790]
Event: 48712.256 Thread 0x00007fc71c91e600 Implicit null exception at 0x0000000121ded672 to 0x0000000121def7d8
Event: 48721.590 Thread 0x00007fc6cd026400 Implicit null exception at 0x0000000120df95c8 to 0x0000000120dfea20
Event: 48908.352 Thread 0x00007fc71b7ff400 Implicit null exception at 0x0000000120c475f7 to 0x0000000120c48580
Event: 48947.701 Thread 0x00007fc71b7ff400 Implicit null exception at 0x0000000120da20b7 to 0x0000000120da2b4c
Event: 66761.991 Thread 0x00007fc71ca39000 Implicit null exception at 0x00000001210b41f2 to 0x00000001210b7f84
Event: 66762.026 Thread 0x00007fc71ca39000 Implicit null exception at 0x00000001210498b3 to 0x000000012104a170
Event: 66762.030 Thread 0x00007fc71ca39000 Implicit null exception at 0x000000012166b746 to 0x000000012166d434
Event: 66762.032 Thread 0x00007fc71ca39000 Implicit null exception at 0x000000012075dab1 to 0x000000012075f794
Event: 69207.624 Thread 0x00007fc71b7ff400 Implicit null exception at 0x0000000122f070ae to 0x0000000122f07ffc
Event: 69207.626 Thread 0x00007fc71b7ff400 Implicit null exception at 0x0000000122f070ae to 0x0000000122f07ffc
Event: 69207.626 Thread 0x00007fc71b7ff400 Implicit null exception at 0x0000000122f070ae to 0x0000000122f07ffc
Event: 69207.627 Thread 0x00007fc71b7ff400 Implicit null exception at 0x0000000122f070ae to 0x0000000122f07ffc
Event: 72586.217 Thread 0x00007fc71c91e600 Exception <a 'java/lang/NoSuchMethodError'{0x0000000738766018}: 'netscape.javascript.JSObject netscape.javascript.JSObject.getWindow(sw)'> (0x0000000738766018) 
thrown [./open/src/hotspot/share/interpreter/linkResolver.cpp, line 790]
Event: 72774.759 Thread 0x00007fc6da215a00 Exception <a 'java/lang/InterruptedException'{0x0000000737066470}: sleep interrupted> (0x0000000737066470) 
thrown [./open/src/hotspot/share/prims/jvm.cpp, line 3305]
Event: 72774.917 Thread 0x00007fc71c91e600 Implicit null exception at 0x000000012240fd0d to 0x0000000122413e7c
Event: 72818.421 Thread 0x00007fc71c91e600 Implicit null exception at 0x0000000120bb3c70 to 0x0000000120bb3ec8
Event: 72828.096 Thread 0x00007fc6ce4eea00 Exception <a 'java/lang/InterruptedException'{0x000000072c686ec0}: sleep interrupted> (0x000000072c686ec0) 
thrown [./open/src/hotspot/share/prims/jvm.cpp, line 3279]
Event: 72830.069 Thread 0x00007fc6ce4eea00 Exception <a 'java/lang/InterruptedException'{0x000000072a3767a0}: sleep interrupted> (0x000000072a3767a0) 
thrown [./open/src/hotspot/share/prims/jvm.cpp, line 3279]

Events (20 events):
Event: 72837.956 Executing  VM operation: Cleanup
Event: 72837.957 Executing  VM operation: Cleanup done
Event: 72839.965 Executing  VM operation: Cleanup
Event: 72839.965 Executing  VM operation: Cleanup done
Event: 72842.015 Thread 0x00007fc6fb20d800 Thread added: 0x00007fc6fb20d800
Event: 72842.015 Protecting memory [0x00000003465fa000,0x00000003465fe000] with protection modes 0
Event: 72843.671 Executing  VM operation: G1CollectForAllocation
Event: 72843.679 Executing  VM operation: G1CollectForAllocation done
Event: 72847.688 Executing  VM operation: Cleanup
Event: 72847.688 Executing  VM operation: Cleanup done
Event: 72849.693 Executing  VM operation: Cleanup
Event: 72849.694 Executing  VM operation: Cleanup done
Event: 72855.385 Executing  VM operation: G1CollectForAllocation
Event: 72855.393 Executing  VM operation: G1CollectForAllocation done
Event: 72863.407 Executing  VM operation: Cleanup
Event: 72863.407 Executing  VM operation: Cleanup done
Event: 72865.411 Executing  VM operation: Cleanup
Event: 72865.412 Executing  VM operation: Cleanup done
Event: 72865.416 Thread 0x00007fc6cf7c1400 Thread added: 0x00007fc6cf7c1400
Event: 72865.416 Protecting memory [0x0000000346b09000,0x0000000346b0d000] with protection modes 0


Dynamic libraries:
0x0000000108d96000 	/Library/Java/JavaVirtualMachines/jdk-16.0.1.jdk/Contents/Home/lib/libjli.dylib
0x00007ff81ec59000 	/usr/lib/libz.1.dylib
0x00007ff81ed4f000 	/usr/lib/libSystem.B.dylib
0x00007ff81ed49000 	/usr/lib/system/libcache.dylib
0x00007ff81ed02000 	/usr/lib/system/libcommonCrypto.dylib
0x00007ff81ed2b000 	/usr/lib/system/libcompiler_rt.dylib
0x00007ff81ed1f000 	/usr/lib/system/libcopyfile.dylib
0x00007ff80e333000 	/usr/lib/system/libcorecrypto.dylib
0x00007ff80e44c000 	/usr/lib/system/libdispatch.dylib
0x00007ff80e1ef000 	/usr/lib/system/libdyld.dylib
0x00007ff81ed3f000 	/usr/lib/system/libkeymgr.dylib
0x00007ff81ece7000 	/usr/lib/system/libmacho.dylib
0x00007ff81de6c000 	/usr/lib/system/libquarantine.dylib
0x00007ff81ed3c000 	/usr/lib/system/libremovefile.dylib
0x00007ff814877000 	/usr/lib/system/libsystem_asl.dylib
0x00007ff80e2bc000 	/usr/lib/system/libsystem_blocks.dylib
0x00007ff80e497000 	/usr/lib/system/libsystem_c.dylib
0x00007ff81ed33000 	/usr/lib/system/libsystem_collections.dylib
0x00007ff81c526000 	/usr/lib/system/libsystem_configuration.dylib
0x00007ff81af80000 	/usr/lib/system/libsystem_containermanager.dylib
0x00007ff81e77c000 	/usr/lib/system/libsystem_coreservices.dylib
0x00007ff811fa9000 	/usr/lib/system/libsystem_darwin.dylib
0x00007ffe13865000 	/usr/lib/system/libsystem_darwindirectory.dylib
0x00007ff81ed40000 	/usr/lib/system/libsystem_dnssd.dylib
0x00007ffe1386a000 	/usr/lib/system/libsystem_eligibility.dylib
0x00007ff80e494000 	/usr/lib/system/libsystem_featureflags.dylib
0x00007ff80e617000 	/usr/lib/system/libsystem_info.dylib
0x00007ff81ec6d000 	/usr/lib/system/libsystem_m.dylib
0x00007ff80e3fa000 	/usr/lib/system/libsystem_malloc.dylib
0x00007ff8147e0000 	/usr/lib/system/libsystem_networkextension.dylib
0x00007ff8123f1000 	/usr/lib/system/libsystem_notify.dylib
0x00007ff81c52a000 	/usr/lib/system/libsystem_sandbox.dylib
0x00007ffe13874000 	/usr/lib/system/libsystem_sanitizers.dylib
0x00007ff81ed38000 	/usr/lib/system/libsystem_secinit.dylib
0x00007ff80e5c2000 	/usr/lib/system/libsystem_kernel.dylib
0x00007ff80e60d000 	/usr/lib/system/libsystem_platform.dylib
0x00007ff80e601000 	/usr/lib/system/libsystem_pthread.dylib
0x00007ff816636000 	/usr/lib/system/libsystem_symptoms.dylib
0x00007ff80e313000 	/usr/lib/system/libsystem_trace.dylib
0x00007ffe1387d000 	/usr/lib/system/libsystem_trial.dylib
0x00007ff81ed0e000 	/usr/lib/system/libunwind.dylib
0x00007ff80e2c0000 	/usr/lib/system/libxpc.dylib
0x00007ff80e1aa000 	/usr/lib/libobjc.A.dylib
0x00007ff80e646000 	/System/Library/Frameworks/CoreFoundation.framework/Versions/A/CoreFoundation
0x00007ff82328f000 	/usr/lib/swift/libswiftCore.dylib
0x00007ff80e5aa000 	/usr/lib/libc++abi.dylib
0x00007ffe119fb000 	/usr/lib/libRosetta.dylib
0x00007ff80e51f000 	/usr/lib/libc++.1.dylib
0x00007ff80f83b000 	/System/Library/Frameworks/Foundation.framework/Versions/C/Foundation
0x00007ff82d23a000 	/usr/lib/swift/libswiftObjectiveC.dylib
0x00007ffe13125000 	/usr/lib/libswiftPrespecialized.dylib
0x00007ff80f4d3000 	/System/Library/Frameworks/SystemConfiguration.framework/Versions/A/SystemConfiguration
0x00007ff81936f000 	/System/Library/PrivateFrameworks/CoreAutoLayout.framework/Versions/A/CoreAutoLayout
0x00007ff81ed51000 	/usr/lib/libfakelink.dylib
0x00007ff81ef49000 	/usr/lib/libcompression.dylib
0x00007ff814445000 	/System/Library/Frameworks/CFNetwork.framework/Versions/A/CFNetwork
0x00007ff818058000 	/System/Library/Frameworks/DiskArbitration.framework/Versions/A/DiskArbitration
0x00007ff81eda2000 	/usr/lib/libarchive.2.dylib
0x00007ff817f63000 	/usr/lib/libDiagnosticMessagesClient.dylib
0x00007ff811cf2000 	/usr/lib/libicucore.A.dylib
0x00007ff8193b8000 	/usr/lib/libxml2.2.dylib
0x00007ff82821c000 	/System/Library/Frameworks/CoreServices.framework/Versions/A/CoreServices
0x00007ff81c537000 	/usr/lib/liblangid.dylib
0x00007ff812323000 	/System/Library/Frameworks/IOKit.framework/Versions/A/IOKit
0x00007ff825cc0000 	/System/Library/Frameworks/Combine.framework/Versions/A/Combine
0x00007ffb2b2b3000 	/System/Library/PrivateFrameworks/CollectionsInternal.framework/Versions/A/CollectionsInternal
0x00007ffd14c9f000 	/System/Library/PrivateFrameworks/ReflectionInternal.framework/Versions/A/ReflectionInternal
0x00007ffd15a7a000 	/System/Library/PrivateFrameworks/RuntimeInternal.framework/Versions/A/RuntimeInternal
0x00007ff81ed54000 	/System/Library/PrivateFrameworks/SoftLinking.framework/Versions/A/SoftLinking
0x00007ff91b0f0000 	/usr/lib/swift/libswiftCoreFoundation.dylib
0x00007ff918164000 	/usr/lib/swift/libswiftDarwin.dylib
0x00007ff82a258000 	/usr/lib/swift/libswiftDispatch.dylib
0x00007ff91b145000 	/usr/lib/swift/libswiftIOKit.dylib
0x00007ffe1351f000 	/usr/lib/swift/libswiftSystem.dylib
0x00007ff91b100000 	/usr/lib/swift/libswiftXPC.dylib
0x00007ffe1354d000 	/usr/lib/swift/libswift_Builtin_float.dylib
0x00007ffe1354e000 	/usr/lib/swift/libswift_Concurrency.dylib
0x00007ffe135bf000 	/usr/lib/swift/libswift_DarwinFoundation1.dylib
0x00007ffe1366f000 	/usr/lib/swift/libswift_StringProcessing.dylib
0x00007ff82d23e000 	/usr/lib/swift/libswiftos.dylib
0x00007ff8122a3000 	/System/Library/PrivateFrameworks/CoreServicesInternal.framework/Versions/A/CoreServicesInternal
0x00007ff81ed17000 	/usr/lib/liboah.dylib
0x00007ff8118f5000 	/System/Library/Frameworks/Security.framework/Versions/A/Security
0x00007ff82c75c000 	/System/Library/PrivateFrameworks/DiskImages.framework/Versions/A/DiskImages
0x00007ff917c08000 	/System/Library/Frameworks/NetFS.framework/Versions/A/NetFS
0x00007ff819336000 	/System/Library/Frameworks/CoreServices.framework/Versions/A/Frameworks/FSEvents.framework/Versions/A/FSEvents
0x00007ff811fb4000 	/System/Library/Frameworks/CoreServices.framework/Versions/A/Frameworks/CarbonCore.framework/Versions/A/CarbonCore
0x00007ff817fce000 	/System/Library/Frameworks/CoreServices.framework/Versions/A/Frameworks/Metadata.framework/Versions/A/Metadata
0x00007ff81e783000 	/System/Library/Frameworks/CoreServices.framework/Versions/A/Frameworks/OSServices.framework/Versions/A/OSServices
0x00007ff81ee7d000 	/System/Library/Frameworks/CoreServices.framework/Versions/A/Frameworks/SearchKit.framework/Versions/A/SearchKit
0x00007ff8165b3000 	/System/Library/Frameworks/CoreServices.framework/Versions/A/Frameworks/AE.framework/Versions/A/AE
0x00007ff80eb02000 	/System/Library/Frameworks/CoreServices.framework/Versions/A/Frameworks/LaunchServices.framework/Versions/A/LaunchServices
0x00007ff82028d000 	/System/Library/Frameworks/CoreServices.framework/Versions/A/Frameworks/DictionaryServices.framework/Versions/A/DictionaryServices
0x00007ff819344000 	/System/Library/Frameworks/CoreServices.framework/Versions/A/Frameworks/SharedFileList.framework/Versions/A/SharedFileList
0x00007ff81eeff000 	/usr/lib/libapple_nghttp2.dylib
0x00007ff8161d0000 	/usr/lib/libsqlite3.dylib
0x00007ff8163b4000 	/System/Library/Frameworks/Accounts.framework/Versions/A/Accounts
0x00007ff82c996000 	/System/Library/PrivateFrameworks/AppSupport.framework/Versions/A/AppSupport
0x00007ff919f21000 	/System/Library/Frameworks/AVFoundation.framework/Versions/A/AVFoundation
0x00007ff817f35000 	/System/Library/PrivateFrameworks/CoreAnalytics.framework/Versions/A/CoreAnalytics
0x00007ff814dee000 	/System/Library/Frameworks/CoreGraphics.framework/Versions/A/CoreGraphics
0x00007ff823f21000 	/System/Library/Frameworks/GSS.framework/Versions/A/GSS
0x00007ff821caf000 	/System/Library/PrivateFrameworks/InternationalSupport.framework/Versions/A/InternationalSupport
0x00007ff81654a000 	/System/Library/PrivateFrameworks/RunningBoardServices.framework/Versions/A/RunningBoardServices
0x00007ff82d1c0000 	/System/Library/PrivateFrameworks/StreamingZip.framework/Versions/A/StreamingZip
0x00007ff8147fa000 	/usr/lib/libenergytrace.dylib
0x00007ff81663e000 	/System/Library/Frameworks/Network.framework/Versions/A/Network
0x00007ff81de91000 	/usr/lib/libbsm.0.dylib
0x00007ff81eceb000 	/usr/lib/system/libkxld.dylib
0x00007ffb26db7000 	/System/Library/PrivateFrameworks/AppleKeyStore.framework/Versions/A/AppleKeyStore
0x00007ffe11778000 	/usr/lib/libCoreEntitlements.dylib
0x00007ffc29fab000 	/System/Library/PrivateFrameworks/MessageSecurity.framework/Versions/A/MessageSecurity
0x00007ff8161b4000 	/System/Library/PrivateFrameworks/ProtocolBuffer.framework/Versions/A/ProtocolBuffer
0x00007ff8292f6000 	/System/Library/PrivateFrameworks/SymptomDiagnosticReporter.framework/Versions/A/SymptomDiagnosticReporter
0x00007ff82068a000 	/System/Library/PrivateFrameworks/CrashReporterSupport.framework/Versions/A/CrashReporterSupport
0x00007ff8147fb000 	/usr/lib/libMobileGestalt.dylib
0x00007ff81e763000 	/System/Library/PrivateFrameworks/AppleFSCompression.framework/Versions/A/AppleFSCompression
0x00007ff81de79000 	/usr/lib/libcoretls.dylib
0x00007ff8202fb000 	/usr/lib/libcoretls_cfhelpers.dylib
0x00007ff81ef43000 	/usr/lib/libpam.2.dylib
0x00007ff820378000 	/usr/lib/libxar.1.dylib
0x00007ff8202fd000 	/System/Library/PrivateFrameworks/APFS.framework/Versions/A/APFS
0x00007ffd20015000 	/System/Library/PrivateFrameworks/SwiftASN1Internal.framework/Versions/A/SwiftASN1Internal
0x00007ff820386000 	/usr/lib/libutil.dylib
0x00007ff81c532000 	/System/Library/PrivateFrameworks/AppleSystemInfo.framework/Versions/A/AppleSystemInfo
0x00007ff81db5b000 	/System/Library/PrivateFrameworks/IOMobileFramebuffer.framework/Versions/A/IOMobileFramebuffer
0x00007ff81afb7000 	/System/Library/Frameworks/IOSurface.framework/Versions/A/IOSurface
0x00007ff82c0e6000 	/System/Library/PrivateFrameworks/CoreWiFi.framework/Versions/A/CoreWiFi
0x00007ff91afb9000 	/System/Library/PrivateFrameworks/LoggingSupport.framework/Versions/A/LoggingSupport
0x00007ff823f79000 	/System/Library/PrivateFrameworks/MobileAsset.framework/Versions/A/MobileAsset
0x00007ff829305000 	/System/Library/PrivateFrameworks/PowerLog.framework/Versions/A/PowerLog
0x00007ff82ac28000 	/System/Library/PrivateFrameworks/Rapport.framework/Versions/A/Rapport
0x00007ffb202bc000 	/System/Library/Frameworks/SwiftData.framework/Versions/A/SwiftData
0x00007ff813e3d000 	/System/Library/Frameworks/UniformTypeIdentifiers.framework/Versions/A/UniformTypeIdentifiers
0x00007ff81954d000 	/System/Library/PrivateFrameworks/UserManagement.framework/Versions/A/UserManagement
0x00007ff814365000 	/usr/lib/libboringssl.dylib
0x00007ff816624000 	/usr/lib/libdns_services.dylib
0x00007ff91a05b000 	/usr/lib/libquic.dylib
0x00007ff823219000 	/usr/lib/libusrtcp.dylib
0x00007ffb27c0b000 	/System/Library/PrivateFrameworks/AtomicsInternal.framework/Versions/A/AtomicsInternal
0x00007ffa21d7c000 	/System/Library/PrivateFrameworks/InternalSwiftProtobuf.framework/Versions/A/InternalSwiftProtobuf
0x00007ffe1337d000 	/usr/lib/swift/libswiftDistributed.dylib
0x00007ffe133a1000 	/usr/lib/swift/libswiftObservation.dylib
0x00007ffe1350b000 	/usr/lib/swift/libswiftSynchronization.dylib
0x00007ff81c531000 	/System/Library/PrivateFrameworks/AggregateDictionary.framework/Versions/A/AggregateDictionary
0x00007ffb282b3000 	/System/Library/PrivateFrameworks/BiomeLibrary.framework/Versions/A/BiomeLibrary
0x00007ff92a3c5000 	/System/Library/PrivateFrameworks/BiomeStreams.framework/Versions/A/BiomeStreams
0x00007ff926195000 	/System/Library/PrivateFrameworks/BiomeFoundation.framework/Versions/A/BiomeFoundation
0x00007ffa10df5000 	/System/Library/PrivateFrameworks/BiomePubSub.framework/Versions/A/BiomePubSub
0x00007ff815d29000 	/System/Library/Frameworks/CoreData.framework/Versions/A/CoreData
0x00007ff90b896000 	/System/Library/PrivateFrameworks/ProactiveSupport.framework/Versions/A/ProactiveSupport
0x00007ffb220ac000 	/System/Library/Frameworks/_LocationEssentials.framework/Versions/A/_LocationEssentials
0x00007ff8202dc000 	/usr/lib/liblzma.5.dylib
0x00007ff828493000 	/System/Library/Frameworks/Accelerate.framework/Versions/A/Accelerate
0x00007ff81dd80000 	/System/Library/PrivateFrameworks/MobileKeyBag.framework/Versions/A/MobileKeyBag
0x00007ff82cca3000 	/System/Library/PrivateFrameworks/InternationalTextSearch.framework/Versions/A/InternationalTextSearch
0x00007ff922930000 	/System/Library/PrivateFrameworks/SoftwareUpdateCoreSupport.framework/Versions/A/SoftwareUpdateCoreSupport
0x00007ff92ad6f000 	/System/Library/PrivateFrameworks/SoftwareUpdateCoreConnect.framework/Versions/A/SoftwareUpdateCoreConnect
0x00007ff82c846000 	/System/Library/PrivateFrameworks/RemoteServiceDiscovery.framework/Versions/A/RemoteServiceDiscovery
0x00007ff9224f7000 	/System/Library/PrivateFrameworks/MSUDataAccessor.framework/Versions/A/MSUDataAccessor
0x00007ff91d344000 	/usr/lib/libbootpolicy.dylib
0x00007ff82c85d000 	/System/Library/PrivateFrameworks/RemoteXPC.framework/Versions/A/RemoteXPC
0x00007ff92a274000 	/usr/lib/libFDR.dylib
0x00007ffa10a21000 	/usr/lib/libamsupport.dylib
0x00007ffb2658a000 	/System/Library/PrivateFrameworks/AppleDeviceQuerySupport.framework/Versions/A/AppleDeviceQuerySupport
0x00007ffa13bce000 	/usr/lib/libpartition2_dynamic.dylib
0x00007ff81eedd000 	/System/Library/PrivateFrameworks/AppleSauce.framework/Versions/A/AppleSauce
0x00007ffe115fc000 	/usr/lib/libAppleArchive.dylib
0x00007ff81e76e000 	/usr/lib/libbz2.1.0.dylib
0x00007ff818060000 	/System/Library/Frameworks/Accelerate.framework/Versions/A/Frameworks/vImage.framework/Versions/A/vImage
0x00007ff8281f2000 	/System/Library/Frameworks/Accelerate.framework/Versions/A/Frameworks/vecLib.framework/Versions/A/vecLib
0x00007ff8203ba000 	/System/Library/Frameworks/Accelerate.framework/Versions/A/Frameworks/vecLib.framework/Versions/A/libvMisc.dylib
0x00007ff80f01c000 	/System/Library/Frameworks/Accelerate.framework/Versions/A/Frameworks/vecLib.framework/Versions/A/libBLAS.dylib
0x00007ff82cca2000 	/System/Library/Frameworks/ApplicationServices.framework/Versions/A/ApplicationServices
0x00007ff819499000 	/System/Library/Frameworks/CoreVideo.framework/Versions/A/CoreVideo
0x00007ff815709000 	/System/Library/Frameworks/ColorSync.framework/Versions/A/ColorSync
0x00007ff810f14000 	/System/Library/Frameworks/CoreText.framework/Versions/A/CoreText
0x00007ff81bbcd000 	/System/Library/Frameworks/ImageIO.framework/Versions/A/ImageIO
0x00007ff823b34000 	/System/Library/Frameworks/ApplicationServices.framework/Versions/A/Frameworks/ATS.framework/Versions/A/ATS
0x00007ff8158b1000 	/System/Library/Frameworks/ApplicationServices.framework/Versions/A/Frameworks/HIServices.framework/Versions/A/HIServices
0x00007ff821b7e000 	/System/Library/Frameworks/ApplicationServices.framework/Versions/A/Frameworks/PrintCore.framework/Versions/A/PrintCore
0x00007ff823eeb000 	/System/Library/Frameworks/ApplicationServices.framework/Versions/A/Frameworks/QD.framework/Versions/A/QD
0x00007ff823ee7000 	/System/Library/Frameworks/ApplicationServices.framework/Versions/A/Frameworks/ColorSyncLegacy.framework/Versions/A/ColorSyncLegacy
0x00007ff823b09000 	/System/Library/Frameworks/ApplicationServices.framework/Versions/A/Frameworks/SpeechSynthesis.framework/Versions/A/SpeechSynthesis
0x00007ff8148b1000 	/System/Library/PrivateFrameworks/SkyLight.framework/Versions/A/SkyLight
0x00007ff81b5ce000 	/System/Library/PrivateFrameworks/FontServices.framework/libFontParser.dylib
0x00007ff816458000 	/System/Library/PrivateFrameworks/BaseBoard.framework/Versions/A/BaseBoard
0x00007ff82a62b000 	/System/Library/PrivateFrameworks/BoardServices.framework/Versions/A/BoardServices
0x00007ff82c57b000 	/System/Library/PrivateFrameworks/BackBoardServices.framework/Versions/A/BackBoardServices
0x00007ffb281c5000 	/System/Library/PrivateFrameworks/BackBoardHIDEventFoundation.framework/Versions/A/BackBoardHIDEventFoundation
0x00007ff810a1e000 	/System/Library/Frameworks/CoreDisplay.framework/Versions/A/CoreDisplay
0x00007ff821176000 	/System/Library/Frameworks/VideoToolbox.framework/Versions/A/VideoToolbox
0x00007ff81ef41000 	/System/Library/Frameworks/MetalPerformanceShaders.framework/Versions/A/MetalPerformanceShaders
0x00007ffd13d62000 	/System/Library/PrivateFrameworks/ProDisplayLibrary.framework/Versions/A/ProDisplayLibrary
0x00007ff90d904000 	/System/Library/PrivateFrameworks/IOSurfaceAccelerator.framework/Versions/A/IOSurfaceAccelerator
0x00007ff81afdb000 	/System/Library/Frameworks/Metal.framework/Versions/A/Metal
0x00007ff81afd2000 	/System/Library/PrivateFrameworks/IOAccelerator.framework/Versions/A/IOAccelerator
0x00007ff81b2eb000 	/System/Library/Frameworks/CoreMedia.framework/Versions/A/CoreMedia
0x00007ff81488f000 	/System/Library/PrivateFrameworks/TCC.framework/Versions/A/TCC
0x00007ff82112f000 	/System/Library/PrivateFrameworks/WatchdogClient.framework/Versions/A/WatchdogClient
0x00007ff818bfe000 	/System/Library/Frameworks/QuartzCore.framework/Versions/A/QuartzCore
0x00007ff821131000 	/System/Library/PrivateFrameworks/MultitouchSupport.framework/Versions/A/MultitouchSupport
0x00007ffa191e8000 	/usr/lib/swift/libswiftOSLog.dylib
0x00007ff91ee1e000 	/usr/lib/swift/libswiftsimd.dylib
0x00007ffa10e58000 	/System/Library/PrivateFrameworks/BiomeStorage.framework/Versions/A/BiomeStorage
0x00007ffc22f1e000 	/System/Library/PrivateFrameworks/IntelligencePlatformLibrary.framework/Versions/A/IntelligencePlatformLibrary
0x00007ffd12d36000 	/System/Library/PrivateFrameworks/PoirotSchematizer.framework/Versions/A/PoirotSchematizer
0x00007ffb28c83000 	/System/Library/PrivateFrameworks/BiomeSync.framework/Versions/A/BiomeSync
0x00007ffb2829a000 	/System/Library/PrivateFrameworks/BiomeDSL.framework/Versions/A/BiomeDSL
0x00007ffa297f4000 	/System/Library/PrivateFrameworks/FeatureFlags.framework/Versions/A/FeatureFlags
0x00007ffd12dab000 	/System/Library/PrivateFrameworks/PoirotUDFs.framework/Versions/A/PoirotUDFs
0x00007ffe135c3000 	/usr/lib/swift/libswift_DarwinFoundation2.dylib
0x00007ffe135c4000 	/usr/lib/swift/libswift_DarwinFoundation3.dylib
0x00007ff82ac1e000 	/System/Library/PrivateFrameworks/CoreTime.framework/Versions/A/CoreTime
0x00007ff81ed8a000 	/usr/lib/libiconv.2.dylib
0x00007ff81ece6000 	/usr/lib/libcharset.1.dylib
0x00007ffd12d01000 	/System/Library/PrivateFrameworks/PoirotSQLite.framework/Versions/A/PoirotSQLite
0x00007ffe135c5000 	/usr/lib/swift/libswift_RegexParser.dylib
0x00007ffb2a137000 	/System/Library/PrivateFrameworks/CascadeSets.framework/Versions/A/CascadeSets
0x00007ff8240f2000 	/System/Library/PrivateFrameworks/CorePhoneNumbers.framework/Versions/A/CorePhoneNumbers
0x00007ff820f1d000 	/System/Library/PrivateFrameworks/AppleJPEG.framework/Versions/A/AppleJPEG
0x00007ff8208ed000 	/usr/lib/libexpat.1.dylib
0x00007ff821a4a000 	/System/Library/Frameworks/ImageIO.framework/Versions/A/Resources/libPng.dylib
0x00007ff821a78000 	/System/Library/Frameworks/ImageIO.framework/Versions/A/Resources/libTIFF.dylib
0x00007ff821b67000 	/System/Library/Frameworks/ImageIO.framework/Versions/A/Resources/libGIF.dylib
0x00007ff820f69000 	/System/Library/Frameworks/ImageIO.framework/Versions/A/Resources/libJP2.dylib
0x00007ff820555000 	/usr/lib/libate.dylib
0x00007ff821b09000 	/System/Library/Frameworks/ImageIO.framework/Versions/A/Resources/libJPEG.dylib
0x00007ff821b00000 	/System/Library/Frameworks/ImageIO.framework/Versions/A/Resources/libRadiance.dylib
0x00007ffc19a7a000 	/System/Library/PrivateFrameworks/GPUCompiler.framework/Versions/32023/Libraries/libllvm-flatbuffers.dylib
0x00007ffc14365000 	/System/Library/PrivateFrameworks/FramePacing.framework/Versions/A/FramePacing
0x00007ffb16ac4000 	/System/Library/Frameworks/OpenGL.framework/Versions/A/Libraries/libCoreFSCache.dylib
0x00007ffc152cc000 	/System/Library/PrivateFrameworks/GPUCompiler.framework/Versions/32023/Libraries/libGPUCompilerUtils.dylib
0x00007ff82a6f7000 	/System/Library/PrivateFrameworks/GraphicsServices.framework/Versions/A/GraphicsServices
0x00007ffb16ad0000 	/System/Library/Frameworks/OpenGL.framework/Versions/A/OpenGL
0x00007ff929388000 	/usr/lib/swift/libswiftMetal.dylib
0x00007ffa139b3000 	/usr/lib/swift/libswiftUniformTypeIdentifiers.dylib
0x00007ffb16b21000 	/System/Library/Frameworks/OpenGL.framework/Versions/A/Libraries/libGLU.dylib
0x00007ffb16ae3000 	/System/Library/Frameworks/OpenGL.framework/Versions/A/Libraries/libGFXShared.dylib
0x00007ffb16ce2000 	/System/Library/Frameworks/OpenGL.framework/Versions/A/Libraries/libGL.dylib
0x00007ffb16aec000 	/System/Library/Frameworks/OpenGL.framework/Versions/A/Libraries/libGLImage.dylib
0x00007ffb16ae0000 	/System/Library/Frameworks/OpenGL.framework/Versions/A/Libraries/libCVMSPluginSupport.dylib
0x00007ffb16acb000 	/System/Library/Frameworks/OpenGL.framework/Versions/A/Libraries/libCoreVMClient.dylib
0x00007ff821af9000 	/System/Library/PrivateFrameworks/GPUWrangler.framework/Versions/A/GPUWrangler
0x00007ff821add000 	/System/Library/PrivateFrameworks/IOPresentment.framework/Versions/A/IOPresentment
0x00007ff821b03000 	/System/Library/PrivateFrameworks/DSExternalDisplay.framework/Versions/A/DSExternalDisplay
0x00007ffd27663000 	/System/Library/PrivateFrameworks/VideoToolboxParavirtualizationSupport.framework/Versions/A/VideoToolboxParavirtualizationSupport
0x00007ff8208a0000 	/System/Library/PrivateFrameworks/AppleVA.framework/Versions/A/AppleVA
0x00007ffb19837000 	/System/Library/Frameworks/ExtensionFoundation.framework/Versions/A/ExtensionFoundation
0x00007ff821b6d000 	/System/Library/PrivateFrameworks/CMCaptureCore.framework/Versions/A/CMCaptureCore
0x00007ff820bbe000 	/usr/lib/libspindump.dylib
0x00007ff81114f000 	/System/Library/Frameworks/CoreAudio.framework/Versions/A/CoreAudio
0x00007ff820bb0000 	/System/Library/PrivateFrameworks/AppServerSupport.framework/Versions/A/AppServerSupport
0x00007ff823ef5000 	/System/Library/PrivateFrameworks/perfdata.framework/Versions/A/perfdata
0x00007ff810b47000 	/System/Library/PrivateFrameworks/AudioToolboxCore.framework/Versions/A/AudioToolboxCore
0x00007ff81b2c6000 	/System/Library/PrivateFrameworks/caulk.framework/Versions/A/caulk
0x00007ff823af0000 	/usr/lib/libAudioStatistics.dylib
0x00007ff91a143000 	/System/Library/PrivateFrameworks/SystemPolicy.framework/Versions/A/SystemPolicy
0x00007ff823d98000 	/usr/lib/libSMC.dylib
0x00007ff921d55000 	/usr/lib/swift/libswiftCoreMIDI.dylib
0x00007ff90cd21000 	/System/Library/Frameworks/CoreMIDI.framework/Versions/A/CoreMIDI
0x00007ff821a28000 	/usr/lib/libAudioToolboxUtility.dylib
0x00007ff823f03000 	/usr/lib/libperfcheck.dylib
0x00007ffb27cd0000 	/System/Library/PrivateFrameworks/AudioAnalytics.framework/Versions/A/AudioAnalytics
0x00007ffa21a72000 	/System/Library/Frameworks/OSLog.framework/Versions/A/OSLog
0x00007ffd0ee1d000 	/System/Library/PrivateFrameworks/OSEligibility.framework/Versions/A/OSEligibility
0x00007ff820972000 	/System/Library/PrivateFrameworks/IconServices.framework/Versions/A/IconServices
0x00007ffb1a9e7000 	/System/Library/Frameworks/LightweightCodeRequirements.framework/Versions/A/LightweightCodeRequirements
0x00007ff8207db000 	/System/Library/PrivateFrameworks/PlugInKit.framework/Versions/A/PlugInKit
0x00007ff81dd96000 	/System/Library/PrivateFrameworks/AssertionServices.framework/Versions/A/AssertionServices
0x00007ffa139c2000 	/usr/lib/swift/libswiftAccelerate.dylib
0x00007ffa0ee84000 	/usr/lib/swift/libswiftQuartzCore.dylib
0x00007ff820912000 	/System/Library/PrivateFrameworks/IconFoundation.framework/Versions/A/IconFoundation
0x00007ffc200af000 	/System/Library/PrivateFrameworks/IconRendering.framework/Versions/A/IconRendering
0x00007ff819032000 	/System/Library/PrivateFrameworks/CoreUI.framework/Versions/A/CoreUI
0x00007ff81bf11000 	/System/Library/Frameworks/CoreImage.framework/Versions/A/CoreImage
0x00007ffd15c19000 	/System/Library/PrivateFrameworks/SFSymbols.framework/Versions/A/SFSymbols
0x00007ffb19715000 	/System/Library/Frameworks/DeveloperToolsSupport.framework/Versions/A/DeveloperToolsSupport
0x00007ff912368000 	/System/Library/PrivateFrameworks/RenderBox.framework/Versions/A/RenderBox
0x00007ff81bb92000 	/System/Library/PrivateFrameworks/CoreSVG.framework/Versions/A/CoreSVG
0x00007ff821bf1000 	/System/Library/PrivateFrameworks/TextureIO.framework/Versions/A/TextureIO
0x00007ff91b144000 	/usr/lib/swift/libswiftCoreImage.dylib
0x00007ffb177c7000 	/System/Library/Frameworks/OpenCL.framework/Versions/A/OpenCL
0x00007ff820b59000 	/System/Library/PrivateFrameworks/GraphVisualizer.framework/Versions/A/GraphVisualizer
0x00007ffc14270000 	/System/Library/PrivateFrameworks/FontServices.framework/Versions/A/FontServices
0x00007ff820b6c000 	/System/Library/PrivateFrameworks/OTSVG.framework/Versions/A/OTSVG
0x00007ff818fe5000 	/System/Library/Frameworks/ApplicationServices.framework/Versions/A/Frameworks/ATS.framework/Versions/A/Resources/libFontRegistry.dylib
0x00007ffe12755000 	/usr/lib/libhvf.dylib
0x00007ffd0f962000 	/System/Library/PrivateFrameworks/ParsingInternal.framework/Versions/A/ParsingInternal
0x00007ffc14274000 	/System/Library/PrivateFrameworks/FontServices.framework/libXTFontStaticRegistryData.dylib
0x00007ff81c464000 	/System/Library/Frameworks/MetalPerformanceShaders.framework/Versions/A/Frameworks/MPSCore.framework/Versions/A/MPSCore
0x00007ff81e6be000 	/System/Library/Frameworks/MetalPerformanceShaders.framework/Versions/A/Frameworks/MPSImage.framework/Versions/A/MPSImage
0x00007ff81df14000 	/System/Library/Frameworks/MetalPerformanceShaders.framework/Versions/A/Frameworks/MPSNeuralNetwork.framework/Versions/A/MPSNeuralNetwork
0x00007ff81e45d000 	/System/Library/Frameworks/MetalPerformanceShaders.framework/Versions/A/Frameworks/MPSMatrix.framework/Versions/A/MPSMatrix
0x00007ff81e213000 	/System/Library/Frameworks/MetalPerformanceShaders.framework/Versions/A/Frameworks/MPSRayIntersector.framework/Versions/A/MPSRayIntersector
0x00007ff81e49c000 	/System/Library/Frameworks/MetalPerformanceShaders.framework/Versions/A/Frameworks/MPSNDArray.framework/Versions/A/MPSNDArray
0x00007ffb1b850000 	/System/Library/Frameworks/MetalPerformanceShaders.framework/Versions/A/Frameworks/MPSFunctions.framework/Versions/A/MPSFunctions
0x00007ffb1b830000 	/System/Library/Frameworks/MetalPerformanceShaders.framework/Versions/A/Frameworks/MPSBenchmarkLoop.framework/Versions/A/MPSBenchmarkLoop
0x00007ffb1b865000 	/System/Library/Frameworks/MetalPerformanceShaders.framework/Versions/A/Frameworks/MPSHost.framework/Versions/A/MPSHost
0x00007ff80ee27000 	/System/Library/PrivateFrameworks/MetalTools.framework/Versions/A/MetalTools
0x00007ff920680000 	/System/Library/PrivateFrameworks/IOAccelMemoryInfo.framework/Versions/A/IOAccelMemoryInfo
0x00007ffa0f290000 	/System/Library/PrivateFrameworks/kperf.framework/Versions/A/kperf
0x00007ff91b0d2000 	/System/Library/PrivateFrameworks/GPURawCounter.framework/Versions/A/GPURawCounter
0x00007ffa1d28d000 	/System/Library/PrivateFrameworks/Symbolication.framework/Versions/A/Symbolication
0x00007ffd128fd000 	/System/Library/PrivateFrameworks/PhotosensitivityProcessing.framework/Versions/A/PhotosensitivityProcessing
0x00007ff82aaba000 	/System/Library/PrivateFrameworks/CoreSymbolication.framework/Versions/A/CoreSymbolication
0x00007ff91b04e000 	/System/Library/PrivateFrameworks/MallocStackLogging.framework/Versions/A/MallocStackLogging
0x00007ff82aa9c000 	/System/Library/PrivateFrameworks/DebugSymbols.framework/Versions/A/DebugSymbols
0x00007ffa0dac1000 	/System/Library/PrivateFrameworks/OSAnalytics.framework/Versions/A/OSAnalytics
0x00007ffc12322000 	/System/Library/PrivateFrameworks/DeviceRecovery.framework/Versions/A/DeviceRecovery
0x00007ff821b39000 	/System/Library/Frameworks/ApplicationServices.framework/Versions/A/Frameworks/ATSUI.framework/Versions/A/ATSUI
0x00007ff8238af000 	/System/Library/Frameworks/AudioToolbox.framework/Versions/A/AudioToolbox
0x00007ff81ea8f000 	/System/Library/Frameworks/UserNotifications.framework/Versions/A/UserNotifications
0x00007ff920cef000 	/System/Library/PrivateFrameworks/SiriInstrumentation.framework/Versions/A/SiriInstrumentation
0x00007ffd17cd2000 	/System/Library/PrivateFrameworks/SiriAnalytics.framework/Versions/A/SiriAnalytics
0x00007ff91e47d000 	/System/Library/PrivateFrameworks/FeedbackLogger.framework/Versions/A/FeedbackLogger
0x00007ffa19494000 	/usr/lib/swift/libswiftAVFoundation.dylib
0x00007ff91b0d6000 	/usr/lib/swift/libswiftCoreAudio.dylib
0x00007ffa179f7000 	/usr/lib/swift/libswiftCoreMedia.dylib
0x00007ffd25811000 	/System/Library/PrivateFrameworks/UnifiedAssetFramework.framework/Versions/A/UnifiedAssetFramework
0x00007ff823a75000 	/System/Library/PrivateFrameworks/AudioSession.framework/Versions/A/AudioSession
0x00007ff820a37000 	/System/Library/PrivateFrameworks/MediaExperience.framework/Versions/A/MediaExperience
0x00007ff823860000 	/System/Library/PrivateFrameworks/AudioSession.framework/libSessionUtility.dylib
0x00007ff8291e4000 	/System/Library/Frameworks/CoreBluetooth.framework/Versions/A/CoreBluetooth
0x00007ff81dc13000 	/System/Library/PrivateFrameworks/CoreUtils.framework/Versions/A/CoreUtils
0x00007ff913097000 	/System/Library/PrivateFrameworks/HID.framework/Versions/A/HID
0x00007ffc11795000 	/System/Library/PrivateFrameworks/CoreUtilsExtras.framework/Versions/A/CoreUtilsExtras
0x00007ffc1fffd000 	/System/Library/PrivateFrameworks/IO80211.framework/Versions/A/IO80211
0x00007ff825a22000 	/System/Library/Frameworks/IOBluetooth.framework/Versions/A/IOBluetooth
0x00007ff929395000 	/usr/lib/swift/libswiftCompression.dylib
0x00007ffe133bd000 	/usr/lib/swift/libswiftRegexBuilder.dylib
0x00007ff820681000 	/usr/lib/libIOReport.dylib
0x00007ffa29871000 	/System/Library/PrivateFrameworks/WiFiPeerToPeer.framework/Versions/A/WiFiPeerToPeer
0x00007ff81dda3000 	/System/Library/Frameworks/SecurityFoundation.framework/Versions/A/SecurityFoundation
0x00007ff80f1fa000 	/System/Library/PrivateFrameworks/Lexicon.framework/Versions/A/Lexicon
0x00007ffe12baf000 	/usr/lib/libmrc.dylib
0x00007ffc2006f000 	/System/Library/PrivateFrameworks/IPConfiguration.framework/Versions/A/IPConfiguration
0x00007ffa1d9bd000 	/System/Library/PrivateFrameworks/Netrb.framework/Versions/A/Netrb
0x00007ff82a54a000 	/System/Library/PrivateFrameworks/FrontBoardServices.framework/Versions/A/FrontBoardServices
0x00007ff81defc000 	/usr/lib/libgermantok.dylib
0x00007ff81c647000 	/System/Library/PrivateFrameworks/LinguisticData.framework/Versions/A/LinguisticData
0x00007ff8293e7000 	/System/Library/PrivateFrameworks/MediaKit.framework/Versions/A/MediaKit
0x00007ff829341000 	/System/Library/Frameworks/DiscRecording.framework/Versions/A/DiscRecording
0x00007ff820909000 	/usr/lib/libheimdal-asn1.dylib
0x00007ff82d19b000 	/System/Library/Frameworks/AudioUnit.framework/Versions/A/AudioUnit
0x00007ff819303000 	/System/Library/Frameworks/OpenDirectory.framework/Versions/A/OpenDirectory
0x00007ff81930f000 	/System/Library/Frameworks/OpenDirectory.framework/Versions/A/Frameworks/CFOpenDirectory.framework/Versions/A/CFOpenDirectory
0x00007ff825d7f000 	/System/Library/PrivateFrameworks/GeoServices.framework/Versions/A/GeoServices
0x00007ff823829000 	/System/Library/PrivateFrameworks/LocationSupport.framework/Versions/A/LocationSupport
0x00007ffc1cf4c000 	/System/Library/PrivateFrameworks/GeoServicesCore.framework/Versions/A/GeoServicesCore
0x00007ff913f31000 	/System/Library/PrivateFrameworks/PhoneNumbers.framework/Versions/A/PhoneNumbers
0x00007ffc24bec000 	/System/Library/PrivateFrameworks/LocationLogEncryption.framework/Versions/A/LocationLogEncryption
0x00007ffb17efb000 	/System/Library/Frameworks/AVFAudio.framework/Versions/A/AVFAudio
0x00007ffb18037000 	/System/Library/Frameworks/AVRouting.framework/Versions/A/AVRouting
0x00007ff91402a000 	/usr/lib/libAccessibility.dylib
0x00007ffc2389e000 	/System/Library/PrivateFrameworks/IsolatedCoreAudioClient.framework/Versions/A/IsolatedCoreAudioClient
0x00007ffd2335b000 	/System/Library/PrivateFrameworks/Tightbeam.framework/Versions/A/Tightbeam
0x00007ffc0d777000 	/System/Library/PrivateFrameworks/CoreAudioOrchestration.framework/Versions/A/CoreAudioOrchestration
0x00007ffa140a0000 	/System/Library/PrivateFrameworks/AFKUser.framework/Versions/A/AFKUser
0x00007ff822074000 	/System/Library/Frameworks/MediaToolbox.framework/Versions/A/MediaToolbox
0x00007ff8298c4000 	/System/Library/PrivateFrameworks/CoreAVCHD.framework/Versions/A/CoreAVCHD
0x00007ff8284e0000 	/System/Library/Frameworks/MediaAccessibility.framework/Versions/A/MediaAccessibility
0x00007ff8298c0000 	/System/Library/PrivateFrameworks/Mangrove.framework/Versions/A/Mangrove
0x00007ffb298cc000 	/System/Library/PrivateFrameworks/CMPhoto.framework/Versions/A/CMPhoto
0x00007ff82a06b000 	/System/Library/Frameworks/CoreTelephony.framework/Versions/A/CoreTelephony
0x00007ff82a963000 	/System/Library/PrivateFrameworks/AppleVPA.framework/Versions/A/AppleVPA
0x00007ff829505000 	/System/Library/PrivateFrameworks/CoreAUC.framework/Versions/A/CoreAUC
0x00007ffb26a90000 	/System/Library/PrivateFrameworks/AppleJPEGXL.framework/Versions/A/AppleJPEGXL
0x00007ff824101000 	/usr/lib/libTelephonyUtilDynamic.dylib
0x00007ffa24aa8000 	/System/Library/Frameworks/CryptoKit.framework/Versions/A/CryptoKit
0x00007ff82d196000 	/System/Library/PrivateFrameworks/CryptoKitCBridging.framework/Versions/A/CryptoKitCBridging
0x00007ff82a707000 	/System/Library/Frameworks/CryptoTokenKit.framework/Versions/A/CryptoTokenKit
0x00007ffc11e42000 	/System/Library/PrivateFrameworks/Dendrite.framework/Versions/A/Dendrite
0x00007ff91aca2000 	/System/Library/Frameworks/NaturalLanguage.framework/Versions/A/NaturalLanguage
0x00007ffc1cc98000 	/System/Library/PrivateFrameworks/GenerativeModels.framework/Versions/A/GenerativeModels
0x00007ffa297ff000 	/usr/lib/swift/libswiftNaturalLanguage.dylib
0x00007ffb2774e000 	/System/Library/PrivateFrameworks/AppleMobileFileIntegrity.framework/Versions/A/AppleMobileFileIntegrity
0x00007ffe11a61000 	/usr/lib/libTLE.dylib
0x00007ff91b07e000 	/usr/lib/libmis.dylib
0x00007ffb1204f000 	/System/Library/PrivateFrameworks/ConfigProfileHelper.framework/Versions/A/ConfigProfileHelper
0x00007ff82d317000 	/System/Library/PrivateFrameworks/Espresso.framework/Versions/A/Espresso
0x00007ff819a5d000 	/System/Library/Frameworks/CoreML.framework/Versions/A/CoreML
0x00007ffa2787d000 	/usr/lib/libedit.3.dylib
0x00007ffb12633000 	/System/Library/PrivateFrameworks/ANECompiler.framework/Versions/A/ANECompiler
0x00007ff90cb4a000 	/System/Library/PrivateFrameworks/AppleNeuralEngine.framework/Versions/A/AppleNeuralEngine
0x00007ffc24cfc000 	/System/Library/PrivateFrameworks/MIL.framework/Versions/A/MIL
0x00007ffb1b86b000 	/System/Library/Frameworks/MetalPerformanceShadersGraph.framework/Versions/A/MetalPerformanceShadersGraph
0x00007ffc254ce000 	/System/Library/PrivateFrameworks/MLCompilerServices.framework/Versions/A/MLCompilerServices
0x00007ff90b864000 	/System/Library/PrivateFrameworks/ANEServices.framework/Versions/A/ANEServices
0x00007ff920645000 	/usr/lib/libncurses.5.4.dylib
0x00007ff812403000 	/usr/lib/libsandbox.1.dylib
0x00007ff82081e000 	/usr/lib/libMatch.1.dylib
0x00007ffd0ebda000 	/System/Library/PrivateFrameworks/ODIE.framework/Versions/A/ODIE
0x00007ffc282a4000 	/System/Library/PrivateFrameworks/MLModelAsset.framework/Versions/A/MLModelAsset
0x00007ffc25474000 	/System/Library/PrivateFrameworks/MLCompilerRuntime.framework/Versions/A/MLCompilerRuntime
0x00007ff81e275000 	/System/Library/Frameworks/MLCompute.framework/Versions/A/MLCompute
0x00007ffc253fb000 	/System/Library/PrivateFrameworks/MLAssetIO.framework/Versions/A/MLAssetIO
0x00007ffe13394000 	/usr/lib/swift/libswiftMLCompute.dylib
0x00007ff82a26d000 	/System/Library/PrivateFrameworks/AVFCore.framework/Versions/A/AVFCore
0x00007ff9115ca000 	/System/Library/PrivateFrameworks/AVFCapture.framework/Versions/A/AVFCapture
0x00007ffb29726000 	/System/Library/PrivateFrameworks/CMImaging.framework/Versions/A/CMImaging
0x00007ff9118bc000 	/System/Library/PrivateFrameworks/Quagga.framework/Versions/A/Quagga
0x00007ff9119e7000 	/System/Library/PrivateFrameworks/CMCapture.framework/Versions/A/CMCapture
0x00007ff823c89000 	/System/Library/Frameworks/CoreMediaIO.framework/Versions/A/CoreMediaIO
0x00007ffb29656000 	/System/Library/PrivateFrameworks/CMCaptureDevice.framework/Versions/A/CMCaptureDevice
0x00007ff820c92000 	/System/Library/PrivateFrameworks/CoreBrightness.framework/Versions/A/CoreBrightness
0x00007ffb2a5dd000 	/System/Library/PrivateFrameworks/CinematicFraming.framework/Versions/A/CinematicFraming
0x00007ffc2b296000 	/System/Library/PrivateFrameworks/ModelManagerServices.framework/Versions/A/ModelManagerServices
0x00007ffd20ab4000 	/System/Library/PrivateFrameworks/SystemStatus.framework/Versions/A/SystemStatus
0x00007ff919b3e000 	/System/Library/Frameworks/CoreMotion.framework/Versions/A/CoreMotion
0x00007ff92a33c000 	/System/Library/PrivateFrameworks/TimeSync.framework/Versions/A/TimeSync
0x00007ffc12705000 	/System/Library/PrivateFrameworks/DistributedSensing.framework/Versions/A/DistributedSensing
0x00007ff9254bc000 	/System/Library/PrivateFrameworks/MobileBluetooth.framework/Versions/A/MobileBluetooth
0x00007ffa0c6e6000 	/System/Library/PrivateFrameworks/IOKitten.framework/Versions/A/IOKitten
0x00007ffb26938000 	/System/Library/PrivateFrameworks/AppleIntelligenceReporting.framework/Versions/A/AppleIntelligenceReporting
0x00007ff81db29000 	/System/Library/PrivateFrameworks/CoreEmoji.framework/Versions/A/CoreEmoji
0x00007ff80f559000 	/usr/lib/libCRFSuite.dylib
0x00007ff810875000 	/System/Library/PrivateFrameworks/LanguageModeling.framework/Versions/A/LanguageModeling
0x00007ff81c539000 	/System/Library/PrivateFrameworks/CoreNLP.framework/Versions/A/CoreNLP
0x00007ff8159fe000 	/System/Library/PrivateFrameworks/Montreal.framework/Versions/A/Montreal
0x00007ff81ed91000 	/usr/lib/libcmph.dylib
0x00007ff81dea1000 	/usr/lib/libmecab.dylib
0x00007ff81eed5000 	/usr/lib/libThaiTokenizer.dylib
0x00007ffc1cd57000 	/System/Library/PrivateFrameworks/GenerativeModelsFoundation.framework/Versions/A/GenerativeModelsFoundation
0x00007ffd237d2000 	/System/Library/PrivateFrameworks/TokenGeneration.framework/Versions/A/TokenGeneration
0x00007ffc1cb87000 	/System/Library/PrivateFrameworks/GenerativeFunctions.framework/Versions/A/GenerativeFunctions
0x00007ffc1cbca000 	/System/Library/PrivateFrameworks/GenerativeFunctionsFoundation.framework/Versions/A/GenerativeFunctionsFoundation
0x00007ffc2af48000 	/System/Library/PrivateFrameworks/ModelCatalog.framework/Versions/A/ModelCatalog
0x00007ffd17068000 	/System/Library/PrivateFrameworks/SensitiveContentAnalysisML.framework/Versions/A/SensitiveContentAnalysisML
0x00007ffc1cc43000 	/System/Library/PrivateFrameworks/GenerativeFunctionsInstrumentation.framework/Versions/A/GenerativeFunctionsInstrumentation
0x00007ffd143e2000 	/System/Library/PrivateFrameworks/PromptKit.framework/Versions/A/PromptKit
0x00007ffd13eac000 	/System/Library/PrivateFrameworks/ProactiveDaemonSupport.framework/Versions/A/ProactiveDaemonSupport
0x00007ffd239a3000 	/System/Library/PrivateFrameworks/TokenGenerationCore.framework/Versions/A/TokenGenerationCore
0x00007ff91bc15000 	/System/Library/PrivateFrameworks/Trial.framework/Versions/A/Trial
0x00007ff91bb97000 	/System/Library/PrivateFrameworks/TrialProto.framework/Versions/A/TrialProto
0x00007ffb265f1000 	/System/Library/PrivateFrameworks/AppleFlatBuffers.framework/Versions/A/AppleFlatBuffers
0x00007ffd172ce000 	/System/Library/PrivateFrameworks/SentencePieceInternal.framework/Versions/A/SentencePieceInternal
0x00007ff828533000 	/System/Library/Frameworks/Vision.framework/Versions/A/Vision
0x00007ffc114a9000 	/System/Library/PrivateFrameworks/CoreSceneUnderstanding.framework/Versions/A/CoreSceneUnderstanding
0x00007ffd281ba000 	/System/Library/PrivateFrameworks/VisionCore.framework/Versions/A/VisionCore
0x00007ff821fb9000 	/System/Library/PrivateFrameworks/DataDetectorsCore.framework/Versions/A/DataDetectorsCore
0x00007ff9241fb000 	/System/Library/Frameworks/Vision.framework/libfaceCore.dylib
0x00007ff924f1a000 	/System/Library/PrivateFrameworks/Futhark.framework/Versions/A/Futhark
0x00007ff929144000 	/System/Library/PrivateFrameworks/InertiaCam.framework/Versions/A/InertiaCam
0x00007ff924c82000 	/System/Library/PrivateFrameworks/TextRecognition.framework/Versions/A/TextRecognition
0x00007ffb19700000 	/System/Library/Frameworks/DataDetection.framework/Versions/A/DataDetection
0x00007ff91f062000 	/System/Library/PrivateFrameworks/TextInput.framework/Versions/A/TextInput
0x00007ff8206bd000 	/System/Library/PrivateFrameworks/CVNLP.framework/Versions/A/CVNLP
0x00007ffa21f66000 	/System/Library/PrivateFrameworks/HIDDisplay.framework/Versions/A/HIDDisplay
0x00007ff823e79000 	/usr/lib/libcups.2.dylib
0x00007ff823f12000 	/System/Library/Frameworks/Kerberos.framework/Versions/A/Kerberos
0x00007ff823b76000 	/usr/lib/libresolv.9.dylib
0x00007ff820bc5000 	/System/Library/PrivateFrameworks/Heimdal.framework/Versions/A/Heimdal
0x00007ff82d19a000 	/System/Library/Frameworks/Kerberos.framework/Versions/A/Libraries/libHeimdalProxy.dylib
0x00007ff823f6a000 	/System/Library/PrivateFrameworks/CommonAuth.framework/Versions/A/CommonAuth
0x00007ff913f3b000 	/System/Library/PrivateFrameworks/AXCoreUtilities.framework/Versions/A/AXCoreUtilities
0x00007ff924059000 	/System/Library/PrivateFrameworks/AttributeGraph.framework/Versions/A/AttributeGraph
0x00007ffe115c7000 	/usr/lib/libAXSafeCategoryBundle.dylib
0x00007ffb212ef000 	/System/Library/Frameworks/TabularData.framework/Versions/A/TabularData
0x00007ffb278ef000 	/System/Library/PrivateFrameworks/ArgumentParserInternal.framework/Versions/A/ArgumentParserInternal
0x00007ff81d90f000 	/System/Library/Frameworks/Accelerate.framework/Versions/A/Frameworks/vecLib.framework/Versions/A/libvDSP.dylib
0x00007ff81f02b000 	/System/Library/Frameworks/Accelerate.framework/Versions/A/Frameworks/vecLib.framework/Versions/A/libLAPACK.dylib
0x00007ff81deff000 	/System/Library/Frameworks/Accelerate.framework/Versions/A/Frameworks/vecLib.framework/Versions/A/libLinearAlgebra.dylib
0x00007ff81ef19000 	/System/Library/Frameworks/Accelerate.framework/Versions/A/Frameworks/vecLib.framework/Versions/A/libSparseBLAS.dylib
0x00007ff81f025000 	/System/Library/Frameworks/Accelerate.framework/Versions/A/Frameworks/vecLib.framework/Versions/A/libQuadrature.dylib
0x00007ff81c64d000 	/System/Library/Frameworks/Accelerate.framework/Versions/A/Frameworks/vecLib.framework/Versions/A/libBNNS.dylib
0x00007ff80f300000 	/System/Library/Frameworks/Accelerate.framework/Versions/A/Frameworks/vecLib.framework/Versions/A/libSparse.dylib
0x00007ffb192a4000 	/System/Library/Frameworks/CoreTransferable.framework/Versions/A/CoreTransferable
0x00007ff823edc000 	/System/Library/PrivateFrameworks/NetAuth.framework/Versions/A/NetAuth
0x00007ff81950d000 	/System/Library/PrivateFrameworks/login.framework/Versions/A/Frameworks/loginsupport.framework/Versions/A/loginsupport
0x00007ff813c58000 	/System/Library/PrivateFrameworks/UIFoundation.framework/Versions/A/UIFoundation
0x00007ff81de6f000 	/usr/lib/libCheckFix.dylib
0x00007ff817f65000 	/System/Library/PrivateFrameworks/MetadataUtilities.framework/Versions/A/MetadataUtilities
0x00007ffc20a07000 	/System/Library/PrivateFrameworks/InstalledContentLibrary.framework/Versions/A/InstalledContentLibrary
0x00007ff8122e5000 	/System/Library/PrivateFrameworks/CoreServicesStore.framework/Versions/A/CoreServicesStore
0x00007ff81936c000 	/usr/lib/libapp_launch_measurement.dylib
0x00007ffa0f399000 	/System/Library/PrivateFrameworks/MobileSystemServices.framework/Versions/A/MobileSystemServices
0x00007ff82038a000 	/usr/lib/libxslt.1.dylib
0x00007ff81de32000 	/System/Library/PrivateFrameworks/BackgroundTaskManagement.framework/Versions/A/BackgroundTaskManagement
0x00007ff82c90c000 	/usr/lib/libcurl.4.dylib
0x00007ffe124ff000 	/usr/lib/libcrypto.46.dylib
0x00007ffe130b2000 	/usr/lib/libssl.48.dylib
0x00007ff82c5ec000 	/System/Library/Frameworks/LDAP.framework/Versions/A/LDAP
0x00007ff82c626000 	/System/Library/PrivateFrameworks/TrustEvaluationAgent.framework/Versions/A/TrustEvaluationAgent
0x00007ff823b93000 	/usr/lib/libsasl2.2.dylib
0x00007ff90cf3f000 	/System/Library/Frameworks/Cocoa.framework/Versions/A/Cocoa
0x00007ff81245e000 	/System/Library/Frameworks/AppKit.framework/Versions/C/AppKit
0x00007ffb2b28c000 	/System/Library/PrivateFrameworks/CollectionViewCore.framework/Versions/A/CollectionViewCore
0x00007ff81bb8d000 	/System/Library/PrivateFrameworks/XCTTargetBootstrap.framework/Versions/A/XCTTargetBootstrap
0x00007ff822003000 	/System/Library/PrivateFrameworks/UserActivity.framework/Versions/A/UserActivity
0x00007ffc14373000 	/System/Library/PrivateFrameworks/FrontBoard.framework/Versions/A/FrontBoard
0x00007ffd251d1000 	/System/Library/PrivateFrameworks/UIIntelligenceSupport.framework/Versions/A/UIIntelligenceSupport
0x00007ffb2041b000 	/System/Library/Frameworks/SwiftUICore.framework/Versions/A/SwiftUICore
0x00007ffd2b65a000 	/System/Library/PrivateFrameworks/WritingTools.framework/Versions/A/WritingTools
0x00007ffd2a58e000 	/System/Library/PrivateFrameworks/WindowManagement.framework/Versions/A/WindowManagement
0x00007ffc140c5000 	/System/Library/PrivateFrameworks/FocusEngine.framework/Versions/A/FocusEngine
0x00007ffc11ea6000 	/System/Library/PrivateFrameworks/DesignLibrary.framework/Versions/A/DesignLibrary
0x00007ff81bb7a000 	/System/Library/PrivateFrameworks/DFRFoundation.framework/Versions/A/DFRFoundation
0x00007ffd25f6a000 	/System/Library/PrivateFrameworks/UpdateCycle.framework/Versions/A/UpdateCycle
0x00007ff81b89d000 	/System/Library/Frameworks/Carbon.framework/Versions/A/Frameworks/HIToolbox.framework/Versions/A/HIToolbox
0x00007ff827dfd000 	/System/Library/Frameworks/Carbon.framework/Versions/A/Frameworks/SpeechRecognition.framework/Versions/A/SpeechRecognition
0x00007ff8192f8000 	/System/Library/PrivateFrameworks/PerformanceAnalysis.framework/Versions/A/PerformanceAnalysis
0x00007ff828192000 	/System/Library/Frameworks/Accessibility.framework/Versions/A/Accessibility
0x00007ffb212d6000 	/System/Library/Frameworks/Symbols.framework/Versions/A/Symbols
0x00007ffc1d121000 	/System/Library/PrivateFrameworks/Gestures.framework/Versions/A/Gestures
0x00007ffe1345c000 	/usr/lib/swift/libswiftSpatial.dylib
0x00007ff918163000 	/usr/lib/swift/libswiftCoreGraphics.dylib
0x00007ff828b9f000 	/usr/lib/swift/libswiftFoundation.dylib
0x00007ffb11a1c000 	/usr/lib/swift/libswiftSwiftOnoneSupport.dylib
0x00007ffe136f8000 	/usr/lib/swift/libswiftsys_time.dylib
0x00007ffa1d9f8000 	/System/Library/PrivateFrameworks/CoreMaterial.framework/Versions/A/CoreMaterial
0x00007ffe11a60000 	/usr/lib/libSpatial.dylib
0x00007ffe114de000 	/System/Library/SubFrameworks/UIUtilities.framework/Versions/A/UIUtilities
0x000000010e023000 	/Library/Java/JavaVirtualMachines/jdk-16.0.1.jdk/Contents/Home/lib/server/libjvm.dylib
0x0000000108e86000 	/Library/Java/JavaVirtualMachines/jdk-16.0.1.jdk/Contents/Home/lib/libjimage.dylib
0x0000000108ecc000 	/Library/Java/JavaVirtualMachines/jdk-16.0.1.jdk/Contents/Home/lib/libjava.dylib
0x000000010dac7000 	/Library/Java/JavaVirtualMachines/jdk-16.0.1.jdk/Contents/Home/lib/libnio.dylib
0x000000010db12000 	/Library/Java/JavaVirtualMachines/jdk-16.0.1.jdk/Contents/Home/lib/libnet.dylib
0x000000010dbfe000 	/Library/Java/JavaVirtualMachines/jdk-16.0.1.jdk/Contents/Home/lib/libzip.dylib
0x000000010dc32000 	/Library/Java/JavaVirtualMachines/jdk-16.0.1.jdk/Contents/Home/lib/libverify.dylib
0x00000001349ce000 	/Library/Java/JavaVirtualMachines/jdk-16.0.1.jdk/Contents/Home/lib/libawt.dylib
0x0000000135400000 	/Library/Java/JavaVirtualMachines/jdk-16.0.1.jdk/Contents/Home/lib/libmlib_image.dylib
0x00007ffb1a9cf000 	/System/Library/Frameworks/JavaNativeFoundation.framework/Versions/A/JavaNativeFoundation
0x00007ffb1a9d8000 	/System/Library/Frameworks/JavaRuntimeSupport.framework/Versions/A/JavaRuntimeSupport
0x00007ff919b3d000 	/System/Library/Frameworks/Carbon.framework/Versions/A/Carbon
0x00007ff90f4c6000 	/System/Library/Frameworks/Carbon.framework/Versions/A/Frameworks/CommonPanels.framework/Versions/A/CommonPanels
0x00007ff82c8f9000 	/System/Library/Frameworks/Carbon.framework/Versions/A/Frameworks/Help.framework/Versions/A/Help
0x00007ff90f4ca000 	/System/Library/Frameworks/Carbon.framework/Versions/A/Frameworks/ImageCapture.framework/Versions/A/ImageCapture
0x00007ff90f4a7000 	/System/Library/Frameworks/Carbon.framework/Versions/A/Frameworks/OpenScripting.framework/Versions/A/OpenScripting
0x00007ff90f4c5000 	/System/Library/Frameworks/Carbon.framework/Versions/A/Frameworks/Ink.framework/Versions/A/Ink
0x00007ff90f4c2000 	/System/Library/Frameworks/Carbon.framework/Versions/A/Frameworks/SecurityHI.framework/Versions/A/SecurityHI
0x00007ffe118f2000 	/usr/lib/libInterpreterSecurity.dylib
0x00007ffa11187000 	/System/Library/PrivateFrameworks/XprotectFramework.framework/Versions/A/XprotectFramework
0x00007ff9133a5000 	/System/Library/PrivateFrameworks/yara.framework/Versions/A/yara
0x00007ffe118e0000 	/usr/lib/libEndpointSecuritySystem.dylib
0x0000000135554000 	/Library/Java/JavaVirtualMachines/jdk-16.0.1.jdk/Contents/Home/lib/libawt_lwawt.dylib
0x0000000131ebf000 	/Library/Java/JavaVirtualMachines/jdk-16.0.1.jdk/Contents/Home/lib/libosxapp.dylib
0x00007ff9181c7000 	/System/Library/Frameworks/ExceptionHandling.framework/Versions/A/ExceptionHandling
0x0000000131eed000 	/Library/Java/JavaVirtualMachines/jdk-16.0.1.jdk/Contents/Home/lib/libfontmanager.dylib
0x0000000135860000 	/Library/Java/JavaVirtualMachines/jdk-16.0.1.jdk/Contents/Home/lib/libharfbuzz.dylib
0x00000001356d8000 	/Library/Java/JavaVirtualMachines/jdk-16.0.1.jdk/Contents/Home/lib/libfreetype.dylib
0x00007ff8191d2000 	/System/Library/PrivateFrameworks/ViewBridge.framework/Versions/A/ViewBridge
0x00007ffb18197000 	/System/Library/Frameworks/AppIntents.framework/Versions/A/AppIntents
0x00007ffb1fb4b000 	/System/Library/Frameworks/RelevanceKit.framework/Versions/A/RelevanceKit
0x00007ff81eadd000 	/System/Library/Frameworks/CoreSpotlight.framework/Versions/A/CoreSpotlight
0x00007ffc247bb000 	/System/Library/PrivateFrameworks/LinkServices.framework/Versions/A/LinkServices
0x00007ff828e40000 	/System/Library/Frameworks/Contacts.framework/Versions/A/Contacts
0x00007ffb252e6000 	/System/Library/PrivateFrameworks/AppIntentsTypeSupport.framework/Versions/A/AppIntentsTypeSupport
0x00007ffc127e4000 	/System/Library/PrivateFrameworks/DoNotDisturb.framework/Versions/A/DoNotDisturb
0x00007ffc2461e000 	/System/Library/PrivateFrameworks/LinkMetadata.framework/Versions/A/LinkMetadata
0x00007ff91b0f6000 	/usr/lib/swift/libswiftIntents.dylib
0x00007ff92079a000 	/System/Library/PrivateFrameworks/IntentsCore.framework/Versions/A/IntentsCore
0x00007ffb280aa000 	/System/Library/PrivateFrameworks/AvailabilityKit.framework/Versions/A/AvailabilityKit
0x00007ffb24f79000 	/System/Library/PrivateFrameworks/AppIntentSchemas.framework/Versions/A/AppIntentSchemas
0x00007ffb1a023000 	/System/Library/Frameworks/GeoToolbox.framework/Versions/A/GeoToolbox
0x00007ffc1a0a4000 	/System/Library/PrivateFrameworks/GRDBInternal.framework/Versions/A/GRDBInternal
0x00007ffd1f7ed000 	/System/Library/PrivateFrameworks/StatusKit.framework/Versions/A/StatusKit
0x00007ff828c6a000 	/System/Library/PrivateFrameworks/ContactsPersistence.framework/Versions/A/ContactsPersistence
0x00007ff827e01000 	/System/Library/PrivateFrameworks/AppleLDAP.framework/Versions/A/AppleLDAP
0x00007ff82cca6000 	/System/Library/Frameworks/ClassKit.framework/Versions/A/ClassKit
0x00007ff90c5cb000 	/System/Library/PrivateFrameworks/CoreSuggestions.framework/Versions/A/CoreSuggestions
0x00007ff828ba0000 	/System/Library/PrivateFrameworks/ContactsFoundation.framework/Versions/A/ContactsFoundation
0x00007ff82a6bd000 	/System/Library/PrivateFrameworks/vCard.framework/Versions/A/vCard
0x00007ffb2b7bd000 	/System/Library/PrivateFrameworks/ContactsMetrics.framework/Versions/A/ContactsMetrics
0x00007ff820c71000 	/System/Library/PrivateFrameworks/login.framework/Versions/A/login
0x00007ffc28c06000 	/System/Library/PrivateFrameworks/ManagedOrganizationContacts.framework/Versions/A/ManagedOrganizationContacts
0x00007ff819989000 	/System/Library/PrivateFrameworks/CloudDocs.framework/Versions/A/CloudDocs
0x00007ff9138f3000 	/System/Library/PrivateFrameworks/ProactiveEventTracker.framework/Versions/A/ProactiveEventTracker
0x00007ff829acd000 	/System/Library/PrivateFrameworks/GenerationalStorage.framework/Versions/A/GenerationalStorage
0x00007ff82405d000 	/System/Library/PrivateFrameworks/CacheDelete.framework/Versions/A/CacheDelete
0x00007ff82d2ce000 	/System/Library/Frameworks/QuickLookThumbnailing.framework/Versions/A/QuickLookThumbnailing
0x00007ff8298ef000 	/System/Library/Frameworks/FileProvider.framework/Versions/A/FileProvider
0x00007ff813e53000 	/System/Library/PrivateFrameworks/DesktopServicesPriv.framework/Versions/A/DesktopServicesPriv
0x00007ff91ab86000 	/System/Library/PrivateFrameworks/FTServices.framework/Versions/A/FTServices
0x00007ff91304e000 	/System/Library/PrivateFrameworks/CloudServices.framework/Versions/A/CloudServices
0x00007ff81acc9000 	/System/Library/Frameworks/CoreLocation.framework/Versions/A/CoreLocation
0x00007ff82ba09000 	/System/Library/Frameworks/Intents.framework/Versions/A/Intents
0x00007ff81e7b0000 	/System/Library/PrivateFrameworks/AuthKit.framework/Versions/A/AuthKit
0x00007ff921d38000 	/usr/lib/swift/libswiftCoreLocation.dylib
0x00007ff825681000 	/System/Library/PrivateFrameworks/Sharing.framework/Versions/A/Sharing
0x00007ff825071000 	/System/Library/PrivateFrameworks/IDSFoundation.framework/Versions/A/IDSFoundation
0x00007ff82c0e5000 	/System/Library/PrivateFrameworks/Apple80211.framework/Versions/A/Apple80211
0x00007ff81db95000 	/System/Library/Frameworks/CoreWLAN.framework/Versions/A/CoreWLAN
0x00007ff8237b5000 	/System/Library/PrivateFrameworks/IMFoundation.framework/Versions/A/IMFoundation
0x00007ff9133a4000 	/System/Library/PrivateFrameworks/Marco.framework/Versions/A/Marco
0x00007ff816442000 	/System/Library/PrivateFrameworks/CommonUtilities.framework/Versions/A/CommonUtilities
0x00007ff90f490000 	/System/Library/PrivateFrameworks/Engram.framework/Versions/A/Engram
0x00007ffe0bf38000 	/System/Library/PrivateFrameworks/XPCDistributed.framework/Versions/A/XPCDistributed
0x00007ff90f432000 	/usr/lib/libtidy.A.dylib
0x00007ff820ea0000 	/System/Library/PrivateFrameworks/Bom.framework/Versions/A/Bom
0x00007ff823bb3000 	/usr/lib/libParallelCompression.dylib
0x00007ff823ba6000 	/System/Library/PrivateFrameworks/MultiverseSupport.framework/Versions/A/MultiverseSupport
0x00007ff82941a000 	/System/Library/PrivateFrameworks/DiskManagement.framework/Versions/A/DiskManagement
0x00007ff829334000 	/System/Library/PrivateFrameworks/AppleIDAuthSupport.framework/Versions/A/AppleIDAuthSupport
0x00007ffb22783000 	/System/Library/PrivateFrameworks/AAAFoundation.framework/Versions/A/AAAFoundation
0x00007ff8240af000 	/System/Library/PrivateFrameworks/KeychainCircle.framework/Versions/A/KeychainCircle
0x00007ff913f32000 	/System/Library/PrivateFrameworks/URLFormatting.framework/Versions/A/URLFormatting
0x00007ff82c901000 	/usr/lib/libcsfde.dylib
0x00007ff820826000 	/usr/lib/libCoreStorage.dylib
0x00007ff825af6000 	/System/Library/PrivateFrameworks/ProtectedCloudStorage.framework/Versions/A/ProtectedCloudStorage
0x00007ff82c8fd000 	/System/Library/PrivateFrameworks/EFILogin.framework/Versions/A/EFILogin
0x00007ff829af7000 	/System/Library/PrivateFrameworks/OctagonTrust.framework/Versions/A/OctagonTrust
0x00007ff824e49000 	/System/Library/PrivateFrameworks/IDS.framework/Versions/A/IDS
0x00007ff82a786000 	/System/Library/Frameworks/LocalAuthentication.framework/Versions/A/LocalAuthentication
0x00007ffc249d5000 	/System/Library/PrivateFrameworks/LocalAuthenticationCore.framework/Versions/A/LocalAuthenticationCore
0x00007ffc24b71000 	/System/Library/PrivateFrameworks/LocalAuthenticationCredentialServices.framework/Versions/A/LocalAuthenticationCredentialServices
0x00007ff82a7ea000 	/System/Library/Frameworks/LocalAuthentication.framework/Support/SharedUtils.framework/Versions/A/SharedUtils
0x00007ffb27b82000 	/System/Library/PrivateFrameworks/AsyncAlgorithmsInternal.framework/Versions/A/AsyncAlgorithmsInternal
0x00007ff929d7b000 	/System/Library/PrivateFrameworks/FTAWD.framework/Versions/A/FTAWD
0x00007ff82d25b000 	/System/Library/PrivateFrameworks/IntentsFoundation.framework/Versions/A/IntentsFoundation
0x00007ff819510000 	/System/Library/PrivateFrameworks/ApplePushService.framework/Versions/A/ApplePushService
0x00007ff819577000 	/System/Library/Frameworks/CloudKit.framework/Versions/A/CloudKit
0x00007ffa125ce000 	/System/Library/PrivateFrameworks/DeviceIdentity.framework/Versions/A/DeviceIdentity
0x00007ffb1ff8e000 	/System/Library/Frameworks/SharedWithYouCore.framework/Versions/A/SharedWithYouCore
0x00007ffb2ad97000 	/System/Library/PrivateFrameworks/CloudTelemetry.framework/Versions/A/CloudTelemetry
0x00007ff82cd6d000 	/System/Library/PrivateFrameworks/AppleAccount.framework/Versions/A/AppleAccount
0x00007ff82d274000 	/System/Library/PrivateFrameworks/C2.framework/Versions/A/C2
0x00007ffb2aa34000 	/System/Library/PrivateFrameworks/CloudCoreInternal.framework/Versions/A/CloudCoreInternal
0x00007ffb2a823000 	/System/Library/PrivateFrameworks/CloudAsset.framework/Versions/A/CloudAsset
0x00007ff82d26b000 	/System/Library/Frameworks/PushKit.framework/Versions/A/PushKit
0x00007ffb2adb7000 	/System/Library/PrivateFrameworks/CloudTelemetryTools.framework/Versions/A/CloudTelemetryTools
0x00007ffb2adaa000 	/System/Library/PrivateFrameworks/CloudTelemetryShared.dylib
0x00007ff90c8b5000 	/System/Library/PrivateFrameworks/RTCReporting.framework/Versions/A/RTCReporting
0x00007ffb2279d000 	/System/Library/PrivateFrameworks/AAAFoundationSwift.framework/Versions/A/AAAFoundationSwift
0x00007ff82cf55000 	/System/Library/PrivateFrameworks/AppleIDSSOAuthentication.framework/Versions/A/AppleIDSSOAuthentication
0x000000010dba0000 	/usr/lib/libobjc-trampolines.dylib
0x00007ff92501b000 	/System/Library/CoreServices/RawCamera.bundle/Contents/MacOS/RawCamera
0x00007ff921d1b000 	/System/Library/Frameworks/Accelerate.framework/Versions/A/Frameworks/vImage.framework/Versions/A/Libraries/libCGInterfaces.dylib
0x00007ffb21fd5000 	/System/Library/Frameworks/_AppIntents_AppKit.framework/Versions/A/_AppIntents_AppKit
0x00007ffe115cb000 	/usr/lib/libAccessibilityBaseImplementations.dylib
0x00007ffd2b65f000 	/System/Library/PrivateFrameworks/WritingToolsUI.framework/Versions/A/WritingToolsUI
0x00007ffc1c9fc000 	/System/Library/PrivateFrameworks/GenerativeAssistantSettings.framework/Versions/A/GenerativeAssistantSettings
0x00007ffd21278000 	/System/Library/PrivateFrameworks/TextComposer.framework/Versions/A/TextComposer
0x00007ffc1c9d5000 	/System/Library/PrivateFrameworks/GenerativeAssistantCommon.framework/Versions/A/GenerativeAssistantCommon
0x00007ff922dd4000 	/System/Library/Frameworks/SwiftUI.framework/Versions/A/SwiftUI
0x00007ffb24cf4000 	/System/Library/PrivateFrameworks/Anvil.framework/Versions/A/Anvil
0x00007ffc1cdb9000 	/System/Library/PrivateFrameworks/GenerativePartnerService.framework/Versions/A/GenerativePartnerService
0x00007ffc1cdd8000 	/System/Library/PrivateFrameworks/GenerativePartnerServiceUI.framework/Versions/A/GenerativePartnerServiceUI
0x00007ff91ad20000 	/System/Library/Frameworks/SafariServices.framework/Versions/A/SafariServices
0x00007ff918254000 	/System/Library/Frameworks/WebKit.framework/Versions/A/WebKit
0x00007ffb22006000 	/System/Library/Frameworks/_AuthenticationServices_SwiftUI.framework/Versions/A/_AuthenticationServices_SwiftUI
0x00007ff922364000 	/System/Library/PrivateFrameworks/AppStoreDaemon.framework/Versions/A/AppStoreDaemon
0x00007ff90cf92000 	/System/Library/PrivateFrameworks/AppleMediaServices.framework/Versions/A/AppleMediaServices
0x00007ff91e4a8000 	/System/Library/PrivateFrameworks/AppleMediaServicesUI.framework/Versions/A/AppleMediaServicesUI
0x00007ffb1103b000 	/System/Library/PrivateFrameworks/JetEngine.framework/Versions/A/JetEngine
0x00007ff91bab1000 	/System/Library/PrivateFrameworks/OnBoardingKit.framework/Versions/A/OnBoardingKit
0x00007ffd17590000 	/System/Library/PrivateFrameworks/Settings.framework/Versions/A/Settings
0x00007ffb1998b000 	/System/Library/Frameworks/ExtensionKit.framework/Versions/A/ExtensionKit
0x00007ffb199c9000 	/System/Library/Frameworks/FSKit.framework/Versions/A/FSKit
0x00007ffd21166000 	/System/Library/PrivateFrameworks/TextAnimationSupport.framework/Versions/A/TextAnimationSupport
0x00007ffd14bfb000 	/System/Library/PrivateFrameworks/RecapPerformanceTesting.framework/Versions/A/RecapPerformanceTesting
0x00007ff91baa2000 	/System/Library/PrivateFrameworks/SignpostCollection.framework/Versions/A/SignpostCollection
0x00007ff90c8df000 	/System/Library/Frameworks/WebKit.framework/Versions/A/Frameworks/WebKitLegacy.framework/Versions/A/WebKitLegacy
0x00007ff82cf96000 	/System/Library/PrivateFrameworks/CorePrediction.framework/Versions/A/CorePrediction
0x00007ff81a00c000 	/System/Library/Frameworks/WebKit.framework/Versions/A/Frameworks/WebCore.framework/Versions/A/Frameworks/libwebrtc.dylib
0x00007ff823c1e000 	/System/Library/Frameworks/SecurityInterface.framework/Versions/A/SecurityInterface
0x00007ff91bab0000 	/System/Library/PrivateFrameworks/WebInspectorUI.framework/Versions/A/WebInspectorUI
0x00007ff90f4cc000 	/System/Library/Frameworks/JavaScriptCore.framework/Versions/A/JavaScriptCore
0x00007ff91405a000 	/System/Library/Frameworks/WebKit.framework/Versions/A/Frameworks/WebCore.framework/Versions/A/WebCore
0x00007ffb18c24000 	/System/Library/Frameworks/BrowserEngineCore.framework/Versions/A/BrowserEngineCore
0x00007ffb21bcc000 	/System/Library/Frameworks/WebKit.framework/Versions/A/Frameworks/WebCore.framework/Versions/A/Frameworks/libANGLE-shared.dylib
0x00007ffd2a027000 	/System/Library/PrivateFrameworks/WebGPU.framework/Versions/A/WebGPU
0x00007ff91dab6000 	/System/Library/Frameworks/SceneKit.framework/Versions/A/SceneKit
0x00007ffa0fca8000 	/System/Library/Frameworks/ModelIO.framework/Versions/A/ModelIO
0x00007ff825bf1000 	/System/Library/Frameworks/MetalKit.framework/Versions/A/MetalKit
0x00007ff828115000 	/System/Library/Frameworks/GLKit.framework/Versions/A/GLKit
0x00007ffe139be000 	/usr/lib/usd/libusd_ms.dylib
0x00007ffd256e1000 	/System/Library/PrivateFrameworks/USDLib_FormatLoaderProxy.framework/Versions/A/USDLib_FormatLoaderProxy
0x00007ffe136f3000 	/usr/lib/swift/libswift_errno.dylib
0x00007ff91ab66000 	/System/Library/PrivateFrameworks/CoreOptimization.framework/Versions/A/CoreOptimization
0x00007ffb27f6e000 	/System/Library/PrivateFrameworks/AuthenticationServicesCore.framework/Versions/A/AuthenticationServicesCore
0x00007ff9254ff000 	/System/Library/Frameworks/AuthenticationServices.framework/Versions/A/AuthenticationServices
0x00007ff8207b7000 	/System/Library/PrivateFrameworks/SharedWebCredentials.framework/Versions/A/SharedWebCredentials
0x00007ff91ca4b000 	/System/Library/PrivateFrameworks/SafariCore.framework/Versions/A/SafariCore
0x00007ff924fca000 	/System/Library/PrivateFrameworks/SafariFoundation.framework/Versions/A/SafariFoundation
0x00007ffb29311000 	/System/Library/PrivateFrameworks/CBORLibrary.framework/Versions/A/CBORLibrary
0x00007ffb2a1ef000 	/System/Library/PrivateFrameworks/Chirp.framework/Versions/A/Chirp
0x00007ffb2ac80000 	/System/Library/PrivateFrameworks/CloudSubscriptionFeatures.framework/Versions/A/CloudSubscriptionFeatures
0x00007ffb1238f000 	/System/Library/PrivateFrameworks/RemoteManagement.framework/Versions/A/RemoteManagement
0x00007ffd14f73000 	/System/Library/PrivateFrameworks/RemoteManagementModel.framework/Versions/A/RemoteManagementModel
0x00007ffd15003000 	/System/Library/PrivateFrameworks/RemoteManagementStore.framework/Versions/A/RemoteManagementStore
0x00007ff825c0f000 	/usr/lib/libxcselect.dylib
0x00007ff924f33000 	/System/Library/PrivateFrameworks/DifferentialPrivacy.framework/Versions/A/DifferentialPrivacy
0x00007ffc28c0c000 	/System/Library/PrivateFrameworks/ManagedSettingsObjC.framework/Versions/A/ManagedSettingsObjC
0x00007ff90ba1a000 	/System/Library/PrivateFrameworks/ConfigurationProfiles.framework/Versions/A/ConfigurationProfiles
0x00007ffc24bf1000 	/System/Library/PrivateFrameworks/LockdownMode.framework/Versions/A/LockdownMode
0x00007ffd26235000 	/System/Library/PrivateFrameworks/VDAF.framework/Versions/A/VDAF
0x00007ff8284f6000 	/System/Library/PrivateFrameworks/SystemAdministration.framework/Versions/A/SystemAdministration
0x00007ff9114d6000 	/System/Library/PrivateFrameworks/PowerlogControl.framework/Versions/A/PowerlogControl
0x00007ff9114d8000 	/usr/lib/libUniversalAccess.dylib
0x00007ff90d90e000 	/System/Library/PrivateFrameworks/FamilyControls.framework/Versions/A/FamilyControls
0x00007ff827dda000 	/System/Library/Frameworks/DirectoryService.framework/Versions/A/DirectoryService
0x00007ff82c990000 	/System/Library/PrivateFrameworks/LoginUIKit.framework/Versions/A/Frameworks/LoginUICore.framework/Versions/A/LoginUICore
0x00007ff820e9f000 	/usr/lib/libodfde.dylib
0x00007ff90d909000 	/System/Library/PrivateFrameworks/UniversalAccess.framework/Versions/A/Libraries/libUAPreferences.dylib
0x00007ff90d931000 	/System/Library/PrivateFrameworks/CommerceKit.framework/Versions/A/Frameworks/CommerceCore.framework/Versions/A/CommerceCore
0x00007ff823c56000 	/System/Library/PrivateFrameworks/CoreFollowUp.framework/Versions/A/CoreFollowUp
0x00007ffc11a83000 	/System/Library/PrivateFrameworks/DMCUtilities.framework/Versions/A/DMCUtilities
0x00007ffc24c74000 	/System/Library/PrivateFrameworks/MDMClientLibrary.framework/Versions/A/MDMClientLibrary
0x00007ffd14ff8000 	/System/Library/PrivateFrameworks/RemoteManagementProtocol.framework/Versions/A/RemoteManagementProtocol
0x00007ffc119f2000 	/System/Library/PrivateFrameworks/DEPClientLibrary.framework/Versions/A/DEPClientLibrary
0x00007ffc11a1a000 	/System/Library/PrivateFrameworks/DMCEnrollmentLibrary.framework/Versions/A/DMCEnrollmentLibrary
0x00007ff9115ba000 	/System/Library/PrivateFrameworks/SetupAssistantFramework.framework/Versions/A/SetupAssistantFramework
0x00007ff82cfeb000 	/System/Library/PrivateFrameworks/AuthKitUI.framework/Versions/A/AuthKitUI
0x00007ff82c9d5000 	/System/Library/PrivateFrameworks/AppSSO.framework/Versions/A/AppSSO
0x00007ff9220cb000 	/System/Library/PrivateFrameworks/LocalAuthenticationUI.framework/Versions/A/LocalAuthenticationUI
0x00007ffd12959000 	/System/Library/PrivateFrameworks/PlatformSSO.framework/Versions/A/PlatformSSO
0x00007ffd12a5b000 	/System/Library/PrivateFrameworks/PlatformSSOCore.framework/Versions/A/PlatformSSOCore
0x00007ffb1aa5f000 	/System/Library/Frameworks/LocalAuthenticationEmbeddedUI.framework/Versions/A/LocalAuthenticationEmbeddedUI
0x00007ff922ba9000 	/System/Library/PrivateFrameworks/AOSUI.framework/Versions/A/AOSUI
0x00007ff9136d0000 	/System/Library/Frameworks/ContactsUI.framework/Versions/A/ContactsUI
0x00007ff8290e3000 	/System/Library/PrivateFrameworks/FamilyCircle.framework/Versions/A/FamilyCircle
0x00007ffa115bb000 	/System/Library/Frameworks/LinkPresentation.framework/Versions/A/LinkPresentation
0x00007ff913298000 	/System/Library/PrivateFrameworks/IASUtilities.framework/Versions/A/IASUtilities
0x00007ffc1ff5e000 	/System/Library/PrivateFrameworks/IASUtilitiesCore.framework/Versions/A/IASUtilitiesCore
0x00007ffd1506a000 	/System/Library/PrivateFrameworks/RemoteUI.framework/Versions/A/RemoteUI
0x00007ffc240ac000 	/System/Library/PrivateFrameworks/LiftUI.framework/Versions/A/LiftUI
0x00007ffe0c036000 	/System/Library/PrivateFrameworks/_IconServices_SwiftUI.framework/Versions/A/_IconServices_SwiftUI
0x00007ffb2abc6000 	/System/Library/PrivateFrameworks/CloudSettings.framework/Versions/A/CloudSettings
0x00007ff90c69b000 	/System/Library/Frameworks/EventKit.framework/Versions/A/EventKit
0x00007ff91bcc1000 	/System/Library/PrivateFrameworks/SearchFoundation.framework/Versions/A/SearchFoundation
0x00007ffa1371b000 	/System/Library/PrivateFrameworks/Email.framework/Versions/A/Email
0x00007ff91a783000 	/System/Library/PrivateFrameworks/CoreRoutine.framework/Versions/A/CoreRoutine
0x00007ffb11d3b000 	/System/Library/PrivateFrameworks/VoiceShortcutClient.framework/Versions/A/VoiceShortcutClient
0x00007ff92a921000 	/System/Library/PrivateFrameworks/Categories.framework/Versions/A/Categories
0x00007ff922a63000 	/System/Library/PrivateFrameworks/ChronoServices.framework/Versions/A/ChronoServices
0x00007ffb29cd6000 	/System/Library/PrivateFrameworks/CalendarDatabase.framework/Versions/A/CalendarDatabase
0x00007ffb29c17000 	/System/Library/PrivateFrameworks/CalendarDaemon.framework/Versions/A/CalendarDaemon
0x00007ff90b97d000 	/System/Library/PrivateFrameworks/CalendarFoundation.framework/Versions/A/CalendarFoundation
0x00007ff90b937000 	/System/Library/PrivateFrameworks/iCalendar.framework/Versions/A/iCalendar
0x00007ffc11c78000 	/System/Library/PrivateFrameworks/DataAccessExpress.framework/Versions/A/DataAccessExpress
0x00007ff913824000 	/System/Library/PrivateFrameworks/ContactsAutocomplete.framework/Versions/A/ContactsAutocomplete
0x00007ffe13536000 	/usr/lib/swift/libswiftVideoToolbox.dylib
0x00007ff9229ac000 	/System/Library/PrivateFrameworks/FTClientServices.framework/Versions/A/FTClientServices
0x00007ffd1fddf000 	/System/Library/PrivateFrameworks/StorageContainersPrivate.framework/Versions/A/StorageContainersPrivate
0x00007ffe13379000 	/usr/lib/swift/libswiftCoreMediaIO.dylib
0x00007ff913114000 	/System/Library/PrivateFrameworks/CoreDAV.framework/Versions/A/CoreDAV
0x00007ff90c568000 	/System/Library/PrivateFrameworks/CalDAV.framework/Versions/A/CalDAV
0x00007ff917ebe000 	/System/Library/PrivateFrameworks/TelephonyUtilities.framework/Versions/A/TelephonyUtilities
0x00007ffb1aa24000 	/System/Library/Frameworks/LiveCommunicationKit.framework/Versions/A/LiveCommunicationKit
0x00007ffb2b3e4000 	/System/Library/PrivateFrameworks/CommunicationTrust.framework/Versions/A/CommunicationTrust
0x00007ff91c865000 	/System/Library/Frameworks/CallKit.framework/Versions/A/CallKit
0x00007ff8290dc000 	/System/Library/PrivateFrameworks/CommunicationsFilter.framework/Versions/A/CommunicationsFilter
0x00007ffa279bb000 	/System/Library/PrivateFrameworks/IMTransferServices.framework/Versions/A/IMTransferServices
0x00007ff91ab80000 	/System/Library/PrivateFrameworks/IncomingCallFilter.framework/Versions/A/IncomingCallFilter
0x00007ffd0de5e000 	/System/Library/PrivateFrameworks/NeighborhoodActivityConduit.framework/Versions/A/NeighborhoodActivityConduit
0x00007ff91ee3e000 	/System/Library/PrivateFrameworks/CallHistory.framework/Versions/A/CallHistory
0x00007ffe11765000 	/usr/lib/libBASupport.dylib
0x00007ffb2a0b2000 	/System/Library/PrivateFrameworks/CallsUtilities.framework/Versions/A/CallsUtilities
0x00007ffb2a0bc000 	/System/Library/PrivateFrameworks/CallsXPC.framework/Versions/A/CallsXPC
0x00007ffb124cd000 	/usr/lib/swift/libswiftCallKit.dylib
0x00007ffb2a0a6000 	/System/Library/PrivateFrameworks/CallsPersistence.framework/Versions/A/CallsPersistence
0x00007ffb1fe07000 	/System/Library/Frameworks/SensitiveContentAnalysis.framework/Versions/A/SensitiveContentAnalysis
0x00007ff91ffd6000 	/System/Library/PrivateFrameworks/PeopleSuggester.framework/Versions/A/PeopleSuggester
0x00007ff9296b3000 	/System/Library/PrivateFrameworks/SpotlightReceiver.framework/Versions/A/SpotlightReceiver
0x00007ffe0bffe000 	/System/Library/PrivateFrameworks/_AppIntentsServices_AppIntents.framework/Versions/A/_AppIntentsServices_AppIntents
0x00007ffb250b8000 	/System/Library/PrivateFrameworks/AppIntentsServices.framework/Versions/A/AppIntentsServices
0x00007ff90b921000 	/System/Library/PrivateFrameworks/CoreRecents.framework/Versions/A/CoreRecents
0x00007ffb22070000 	/System/Library/Frameworks/_GeoToolbox_AppIntents.framework/Versions/A/_GeoToolbox_AppIntents
0x00007ffa1d451000 	/System/Library/PrivateFrameworks/DiagnosticRequest.framework/Versions/A/DiagnosticRequest
0x00007ffd14ca7000 	/System/Library/PrivateFrameworks/RegulatoryDomain.framework/Versions/A/RegulatoryDomain
0x00007ff8281f0000 	/usr/lib/libCTGreenTeaLogger.dylib
0x00007ffc24bca000 	/System/Library/PrivateFrameworks/LocalStatusKit.framework/Versions/A/LocalStatusKit
0x00007ff917d9b000 	/System/Library/PrivateFrameworks/CoreParsec.framework/Versions/A/CoreParsec
0x00007ffa1370f000 	/System/Library/PrivateFrameworks/EmailAddressing.framework/Versions/A/EmailAddressing
0x00007ffa0f45e000 	/System/Library/PrivateFrameworks/EmailCore.framework/Versions/A/EmailCore
0x00007ffa105eb000 	/System/Library/PrivateFrameworks/EmailFoundation.framework/Versions/A/EmailFoundation
0x00007ffd1051d000 	/System/Library/PrivateFrameworks/PegasusAPI.framework/Versions/A/PegasusAPI
0x00007ffd11130000 	/System/Library/PrivateFrameworks/PegasusConfiguration.framework/Versions/A/PegasusConfiguration
0x00007ffd23cc7000 	/System/Library/PrivateFrameworks/ToolKit.framework/Versions/A/ToolKit
0x00007ffd15394000 	/System/Library/PrivateFrameworks/ReplicatorEngine.framework/Versions/A/ReplicatorEngine
0x00007ffd1550c000 	/System/Library/PrivateFrameworks/ReplicatorServices.framework/Versions/A/ReplicatorServices
0x00007ffd20b2a000 	/System/Library/PrivateFrameworks/SystemWake.framework/Versions/A/SystemWake
0x00007ff91ca32000 	/System/Library/PrivateFrameworks/ContextKit.framework/Versions/A/ContextKit
0x00007ffb2b909000 	/System/Library/PrivateFrameworks/ContextKitCore.framework/Versions/A/ContextKitCore
0x00007ff91ae03000 	/System/Library/Frameworks/LocalAuthentication.framework/Support/DaemonUtils.framework/Versions/A/DaemonUtils
0x00007ffc24b35000 	/System/Library/PrivateFrameworks/LocalAuthenticationCoreUI.framework/Versions/A/LocalAuthenticationCoreUI
0x00007ff91e473000 	/System/Library/PrivateFrameworks/BridgeXPC.framework/Versions/A/BridgeXPC
0x00007ff91bb86000 	/System/Library/PrivateFrameworks/CoreKDL.framework/Versions/A/CoreKDL
0x00007ff91a13c000 	/System/Library/PrivateFrameworks/EmbeddedOSSupportHost.framework/Versions/A/EmbeddedOSSupportHost
0x00007ff90e413000 	/System/Library/PrivateFrameworks/LoginUIKit.framework/Versions/A/LoginUIKit
0x00007ff92ad84000 	/System/Library/PrivateFrameworks/StorageKit.framework/Versions/A/StorageKit
0x00007ffb13e5c000 	/System/Library/Frameworks/DeviceCheck.framework/Versions/A/DeviceCheck
0x00007ffc124ee000 	/System/Library/PrivateFrameworks/DiskImages2.framework/Versions/A/DiskImages2
0x00007ff92adfc000 	/System/Library/PrivateFrameworks/CoreWLANKit.framework/Versions/A/CoreWLANKit
0x00007ffd294fc000 	/System/Library/PrivateFrameworks/Wallpaper.framework/Versions/A/Wallpaper
0x00007ffe13390000 	/usr/lib/swift/libswiftGLKit.dylib
0x00007ffe1339b000 	/usr/lib/swift/libswiftMetalKit.dylib
0x00007ffe1339d000 	/usr/lib/swift/libswiftModelIO.dylib
0x00007ffe13459000 	/usr/lib/swift/libswiftSceneKit.dylib
0x00007ffa145cd000 	/System/Library/PrivateFrameworks/DynamicDesktop.framework/Versions/A/DynamicDesktop
0x00007ffd2964d000 	/System/Library/PrivateFrameworks/WallpaperFoundation.framework/Versions/A/WallpaperFoundation
0x00007ffd2969b000 	/System/Library/PrivateFrameworks/WallpaperTypes.framework/Versions/A/WallpaperTypes
0x00007ffa29609000 	/System/Library/PrivateFrameworks/SystemDesktopAppearance.framework/Versions/A/SystemDesktopAppearance
0x00007ffe0effb000 	/System/Library/PrivateFrameworks/icloudMCCKit.framework/Versions/A/icloudMCCKit
0x00007ffb262bf000 	/System/Library/PrivateFrameworks/AppleAccountUI.framework/Versions/A/AppleAccountUI
0x00007ffa1d9c6000 	/System/Library/PrivateFrameworks/PreferencePanesSupport.framework/Versions/A/PreferencePanesSupport
0x00007ff922d50000 	/System/Library/PrivateFrameworks/FindMyDeviceUI.framework/Versions/A/FindMyDeviceUI
0x00007ffe0cc1b000 	/System/Library/PrivateFrameworks/iCloudQuotaUI.framework/Versions/A/iCloudQuotaUI
0x00007ffa1db85000 	/System/Library/PrivateFrameworks/CoreCDPUI.framework/Versions/A/CoreCDPUI
0x00007ff91c7a4000 	/System/Library/PrivateFrameworks/CoreFollowUpUI.framework/Versions/A/CoreFollowUpUI
0x00007ff929948000 	/System/Library/PrivateFrameworks/IMCore.framework/Versions/A/IMCore
0x00007ff91153d000 	/System/Library/PrivateFrameworks/CoreCDP.framework/Versions/A/CoreCDP
0x00007ff90cf7e000 	/System/Library/PrivateFrameworks/AskPermission.framework/Versions/A/AskPermission
0x00007ff92070d000 	/System/Library/Frameworks/Quartz.framework/Versions/A/Quartz
0x00007ffa0dc0b000 	/System/Library/PrivateFrameworks/CloudPhotoServicesConfiguration.framework/Versions/A/CloudPhotoServicesConfiguration
0x00007ff91ec5b000 	/System/Library/PrivateFrameworks/CommerceKit.framework/Versions/A/CommerceKit
0x00007ffa0f525000 	/System/Library/PrivateFrameworks/FindMyMac.framework/Versions/A/FindMyMac
0x00007ffa0f404000 	/System/Library/Frameworks/PreferencePanes.framework/Versions/A/PreferencePanes
0x00007ff9221bb000 	/System/Library/Frameworks/AddressBook.framework/Versions/A/AddressBook
0x00007ff90bd4d000 	/System/Library/PrivateFrameworks/AOSAccounts.framework/Versions/A/AOSAccounts
0x00007ff8284f1000 	/System/Library/PrivateFrameworks/AppleSRP.framework/Versions/A/AppleSRP
0x00007ff82d1a8000 	/System/Library/PrivateFrameworks/NetFSServer.framework/Versions/A/NetFSServer
0x00007ff91d981000 	/System/Library/Frameworks/PDFKit.framework/Versions/A/PDFKit
0x00007ffe133b1000 	/usr/lib/swift/libswiftPassKit.dylib
0x00007ffa21e75000 	/System/Library/Frameworks/PassKit.framework/Versions/A/PassKit
0x00007ff90e517000 	/System/Library/PrivateFrameworks/PassKitCore.framework/Versions/A/PassKitCore
0x00007ffd0ff49000 	/System/Library/PrivateFrameworks/PassKitMacHelperTemp.framework/Versions/A/PassKitMacHelperTemp
0x00007ffe1169d000 	/usr/lib/libAppleSSE.dylib
0x00007ff91ae37000 	/System/Library/PrivateFrameworks/BiometricKit.framework/Versions/A/BiometricKit
0x00007ffd15b28000 	/System/Library/PrivateFrameworks/SEService.framework/Versions/A/SEService
0x00007ffb19a86000 	/System/Library/Frameworks/FinanceKit.framework/Versions/A/FinanceKit
0x00007ff9207b7000 	/System/Library/PrivateFrameworks/NearField.framework/Versions/A/NearField
0x00007ffd15ab3000 	/System/Library/PrivateFrameworks/SESShared.framework/Versions/A/SESShared
0x00007ffd15d0d000 	/System/Library/PrivateFrameworks/STSXPCHelperClient.framework/Versions/A/STSXPCHelperClient
0x00007ff9225b1000 	/usr/lib/libnfshared.dylib
0x00007ffd208d6000 	/System/Library/PrivateFrameworks/Symptoms.framework/Versions/A/Frameworks/SymptomPresentationFeed.framework/Versions/A/SymptomPresentationFeed
0x00007ffb26e62000 	/System/Library/PrivateFrameworks/AppleMediaServicesKitInternal.framework/Versions/A/AppleMediaServicesKitInternal
0x00007ffd2060a000 	/System/Library/PrivateFrameworks/SymptomShared.framework/Versions/A/SymptomShared
0x00007ffa24d01000 	/System/Library/PrivateFrameworks/PassKitUIFoundation.framework/Versions/A/PassKitUIFoundation
0x00007ff827e12000 	/System/Library/Frameworks/MapKit.framework/Versions/A/MapKit
0x00007ffc1ce6e000 	/System/Library/PrivateFrameworks/GeoAnalytics.framework/Versions/A/GeoAnalytics
0x00007ff9225df000 	/System/Library/PrivateFrameworks/Navigation.framework/Versions/A/Navigation
0x00007ffa0caf1000 	/System/Library/PrivateFrameworks/VectorKit.framework/Versions/A/VectorKit
0x00007ff913351000 	/System/Library/PrivateFrameworks/VirtualGarage.framework/Versions/A/VirtualGarage
0x00007ff9227e9000 	/System/Library/Frameworks/ExternalAccessory.framework/ExternalAccessory
0x00007ff922803000 	/System/Library/PrivateFrameworks/IAP.framework/Versions/A/IAP
0x00007ff8280df000 	/System/Library/PrivateFrameworks/IOPlatformPluginFamily.framework/Versions/A/IOPlatformPluginFamily
0x00007ffb280ad000 	/System/Library/PrivateFrameworks/AvatarKit.framework/Versions/A/AvatarKit
0x00007ffb28178000 	/System/Library/PrivateFrameworks/AvatarPersistence.framework/Versions/A/AvatarPersistence
0x00007ffb21620000 	/System/Library/Frameworks/TipKit.framework/Versions/A/TipKit
0x00007ff90e02b000 	/System/Library/PrivateFrameworks/IMSharedUtilities.framework/Versions/A/IMSharedUtilities
0x00007ffe1335d000 	/usr/lib/swift/libswiftAppleArchive.dylib
0x00007ffd26329000 	/System/Library/PrivateFrameworks/VFX.framework/Versions/A/VFX
0x00007ffa1fb41000 	/System/Library/PrivateFrameworks/AppleCVA.framework/Versions/A/AppleCVA
0x00007ffb28177000 	/System/Library/PrivateFrameworks/AvatarKitContent.framework/Versions/A/AvatarKitContent
0x00007ffb1b7a8000 	/System/Library/Frameworks/MetalFX.framework/Versions/A/MetalFX
0x00007ffb2b4d2000 	/System/Library/PrivateFrameworks/CompositorNonUI.framework/Versions/A/CompositorNonUI
0x00007ffb17efa000 	/System/Library/Frameworks/ARKit.framework/Versions/A/ARKit
0x00007ffb2391d000 	/System/Library/PrivateFrameworks/ARKitCore.framework/Versions/A/ARKitCore
0x00007ffe11792000 	/usr/lib/libDisplayWarpSupport.dylib
0x00007ffc0d8b1000 	/System/Library/PrivateFrameworks/CoreComposite.framework/Versions/A/CoreComposite
0x00007ffe121f2000 	/usr/lib/libchannel.dylib
0x00007ffe12fc7000 	/usr/lib/librealtime_safety.dylib
0x00007ffb239a9000 	/System/Library/PrivateFrameworks/ARKitFoundation.framework/Versions/A/ARKitFoundation
0x00007ffb2634c000 	/System/Library/PrivateFrameworks/AppleDepth.framework/Versions/A/AppleDepth
0x00007ffb26511000 	/System/Library/PrivateFrameworks/AppleDepthCore.framework/Versions/A/AppleDepthCore
0x00007ff82821d000 	/System/Library/PrivateFrameworks/CoreAppleCVA.framework/Versions/A/CoreAppleCVA
0x00007ff913494000 	/System/Library/PrivateFrameworks/ContactsUICore.framework/Versions/A/ContactsUICore
0x00007ff91ac87000 	/System/Library/PrivateFrameworks/ContactsDonation.framework/Versions/A/ContactsDonation
0x00007ff91a54e000 	/System/Library/PrivateFrameworks/DataDetectors.framework/Versions/A/DataDetectors
0x00007ff90c556000 	/System/Library/Frameworks/MediaLibrary.framework/Versions/A/MediaLibrary
0x00007ff8290cc000 	/System/Library/PrivateFrameworks/PersonaKit.framework/Versions/A/PersonaKit
0x00007ff913483000 	/System/Library/PrivateFrameworks/PersonaUI.framework/Versions/A/PersonaUI
0x00007ffa0ee13000 	/System/Library/PrivateFrameworks/Transparency.framework/Versions/A/Transparency
0x00007ffc13da1000 	/System/Library/PrivateFrameworks/FindMyLocate.framework/Versions/A/FindMyLocate
0x00007ff91c724000 	/System/Library/PrivateFrameworks/IntlPreferences.framework/Versions/A/IntlPreferences
0x00007ffc1178a000 	/System/Library/PrivateFrameworks/CoreTransparency.framework/Versions/A/CoreTransparency
0x00007ffc13c99000 	/System/Library/PrivateFrameworks/FindMyCommon.framework/Versions/A/FindMyCommon
0x00007ffc13ac8000 	/System/Library/PrivateFrameworks/FindMyBase.framework/Versions/A/FindMyBase
0x00007ffb1eb4f000 	/System/Library/Frameworks/NearbyInteraction.framework/Versions/A/NearbyInteraction
0x00007ff828ce2000 	/System/Library/PrivateFrameworks/AddressBookCore.framework/Versions/A/AddressBookCore
0x00007ff922343000 	/System/Library/PrivateFrameworks/ToneKit.framework/Versions/A/ToneKit
0x00007ff91c76a000 	/System/Library/PrivateFrameworks/ToneLibrary.framework/Versions/A/ToneLibrary
0x00007ffb2b792000 	/System/Library/PrivateFrameworks/ContactsAccounts.framework/Versions/A/ContactsAccounts
0x00007ff92062b000 	/System/Library/PrivateFrameworks/Lookup.framework/Versions/A/Lookup
0x00007ffb1f3ab000 	/System/Library/Frameworks/QuickLookUI.framework/Versions/A/QuickLookUI
0x00007ffb1fd87000 	/System/Library/Frameworks/ScreenCaptureKit.framework/Versions/A/ScreenCaptureKit
0x00007ff91d4b5000 	/System/Library/Frameworks/Quartz.framework/Versions/A/Frameworks/QuartzComposer.framework/Versions/A/QuartzComposer
0x00007ff91c6fc000 	/System/Library/Frameworks/Quartz.framework/Versions/A/Frameworks/QuartzFilters.framework/Versions/A/QuartzFilters
0x00007ff91b66d000 	/System/Library/Frameworks/Quartz.framework/Versions/A/Frameworks/ImageKit.framework/Versions/A/ImageKit
0x00007ff919b3c000 	/System/Library/PrivateFrameworks/CorePDF.framework/Versions/A/CorePDF
0x00007ff825b8e000 	/System/Library/Frameworks/QuickLook.framework/Versions/A/QuickLook
0x00007ff90e40e000 	/System/Library/PrivateFrameworks/DisplayServices.framework/Versions/A/DisplayServices
0x00007ff91c679000 	/System/Library/Frameworks/ImageCaptureCore.framework/Versions/A/ImageCaptureCore
0x00007ffd28207000 	/System/Library/PrivateFrameworks/VisionKitCore.framework/Versions/A/VisionKitCore
0x00007ff917d6b000 	/System/Library/PrivateFrameworks/QuickLookSupport.framework/Versions/A/QuickLookSupport
0x00007ffc295ce000 	/System/Library/PrivateFrameworks/MediaAnalysisServices.framework/Versions/A/MediaAnalysisServices
0x00007ff91f511000 	/System/Library/PrivateFrameworks/PhotoLibraryServices.framework/Versions/A/PhotoLibraryServices
0x00007ff91c267000 	/System/Library/Frameworks/Photos.framework/Versions/A/Photos
0x00007ffa119c7000 	/System/Library/PrivateFrameworks/PhotosFormats.framework/Versions/A/PhotosFormats
0x00007ffd27439000 	/System/Library/PrivateFrameworks/VectorSearch.framework/Versions/A/VectorSearch
0x00007ffa0dc34000 	/System/Library/PrivateFrameworks/CloudPhotoLibrary.framework/Versions/A/CloudPhotoLibrary
0x00007ffa17394000 	/System/Library/PrivateFrameworks/CloudPhotoServices.framework/Versions/A/CloudPhotoServices
0x00007ffa13887000 	/System/Library/PrivateFrameworks/CoreMediaStream.framework/Versions/A/CoreMediaStream
0x00007ff829b29000 	/System/Library/PrivateFrameworks/CPAnalytics.framework/Versions/A/CPAnalytics
0x00007ffa0fbdb000 	/System/Library/PrivateFrameworks/MediaConversionService.framework/Versions/A/MediaConversionService
0x00007ff90e019000 	/System/Library/PrivateFrameworks/PhotoFoundation.framework/Versions/A/PhotoFoundation
0x00007ffd116ed000 	/System/Library/PrivateFrameworks/PhotoLibraryServicesCore.framework/Versions/A/PhotoLibraryServicesCore
0x00007ff929096000 	/System/Library/PrivateFrameworks/MMCS.framework/Versions/A/MMCS
0x00007ff90c395000 	/System/Library/PrivateFrameworks/ChunkingLibrary.framework/Versions/A/ChunkingLibrary
0x00007ff8284c0000 	/System/Library/PrivateFrameworks/AssetCacheServices.framework/Versions/A/AssetCacheServices
0x00007ff82a7f7000 	/System/Library/PrivateFrameworks/AVFoundationCF.framework/Versions/A/AVFoundationCF
0x00007ffa278b1000 	/usr/lib/swift/libswiftDemangle.dylib
0x00007ffc2012a000 	/System/Library/PrivateFrameworks/ImageCaptureDevices.framework/Versions/A/ImageCaptureDevices
0x00007ff91a819000 	/System/Library/PrivateFrameworks/MediaStream.framework/Versions/A/MediaStream
0x00007ffa1011e000 	/System/Library/PrivateFrameworks/NeutrinoCore.framework/Versions/A/NeutrinoCore
0x00007ff815c39000 	/System/Library/PrivateFrameworks/NLP.framework/Versions/A/NLP
0x00007ffa160c9000 	/System/Library/PrivateFrameworks/PhotoImaging.framework/Versions/A/PhotoImaging
0x00007ffa17354000 	/System/Library/PrivateFrameworks/PhotosImagingFoundation.framework/Versions/A/PhotosImagingFoundation
0x00007ffd122a4000 	/System/Library/PrivateFrameworks/PhotosIntelligenceCore.framework/Versions/A/PhotosIntelligenceCore
0x00007ff82ad11000 	/System/Library/PrivateFrameworks/EmbeddedAcousticRecognition.framework/Versions/A/EmbeddedAcousticRecognition
0x00007ff924099000 	/System/Library/PrivateFrameworks/EmojiFoundation.framework/Versions/A/EmojiFoundation
0x00007ffa0debd000 	/System/Library/PrivateFrameworks/SDAPI.framework/Versions/A/SDAPI
0x00007ffc23894000 	/System/Library/PrivateFrameworks/IsolatedContextLogging.framework/Versions/A/IsolatedContextLogging
0x00007ffa173a2000 	/System/Library/PrivateFrameworks/AutoLoop.framework/Versions/A/AutoLoop
0x00007ffd12dd7000 	/System/Library/PrivateFrameworks/Portrait.framework/Versions/A/Portrait
0x00007ffc1443e000 	/System/Library/PrivateFrameworks/FusionTracker.framework/Versions/A/FusionTracker
0x00007ff91cf27000 	/System/Library/PrivateFrameworks/iTunesCloud.framework/Versions/A/iTunesCloud
0x00007ff9261ee000 	/System/Library/PrivateFrameworks/DAAPKit.framework/Versions/A/DAAPKit
0x00007ff918103000 	/System/Library/PrivateFrameworks/DeviceManagement.framework/Versions/A/DeviceManagement
0x00007ffa1d3a4000 	/System/Library/PrivateFrameworks/ScreenTimeUI.framework/Versions/A/ScreenTimeUI
0x00007ff91a548000 	/System/Library/PrivateFrameworks/QuickLookNonBaseSystem.framework/Versions/A/QuickLookNonBaseSystem
0x00007ff91ad5e000 	/System/Library/PrivateFrameworks/Catalyst.framework/Versions/A/Catalyst
0x00007ff91c908000 	/System/Library/PrivateFrameworks/ScreenTimeCore.framework/Versions/A/ScreenTimeCore
0x00007ffa10dee000 	/System/Library/PrivateFrameworks/ScreenTimeServiceUI.framework/Versions/A/ScreenTimeServiceUI
0x00007ff929234000 	/System/Library/PrivateFrameworks/ConfigurationEngineModel.framework/Versions/A/ConfigurationEngineModel
0x00007ffa0caa5000 	/System/Library/PrivateFrameworks/UsageTracking.framework/Versions/A/UsageTracking
0x00007ffb19729000 	/System/Library/Frameworks/DeviceActivity.framework/Versions/A/DeviceActivity
0x00007ffa0ca77000 	/System/Library/PrivateFrameworks/KnowledgeMonitor.framework/Versions/A/KnowledgeMonitor
0x00007ffa24ca8000 	/System/Library/PrivateFrameworks/BluetoothManager.framework/Versions/A/BluetoothManager
0x00007ffb1ab32000 	/System/Library/Frameworks/ManagedSettings.framework/Versions/A/ManagedSettings
0x00007ffc28c50000 	/System/Library/PrivateFrameworks/ManagedSettingsSupport.framework/Versions/A/ManagedSettingsSupport
0x00007ffa21f72000 	/System/Library/Frameworks/ReplayKit.framework/Versions/A/ReplayKit
0x00007ff90f464000 	/System/Library/PrivateFrameworks/MarkupUI.framework/Versions/A/MarkupUI
0x00007ff91a522000 	/System/Library/PrivateFrameworks/SidecarCore.framework/Versions/A/SidecarCore
0x00007ff91d356000 	/System/Library/PrivateFrameworks/AnnotationKit.framework/Versions/A/AnnotationKit
0x00007ff91b8ba000 	/System/Library/Frameworks/PencilKit.framework/Versions/A/PencilKit
0x00007ff91ba8f000 	/System/Library/PrivateFrameworks/SidecarUI.framework/Versions/A/SidecarUI
0x00007ff91b146000 	/System/Library/PrivateFrameworks/CoreHandwriting.framework/Versions/A/CoreHandwriting
0x00007ff80f58f000 	/usr/lib/libmecabra.dylib
0x00007ff913a2f000 	/System/Library/PrivateFrameworks/Calculate.framework/Versions/A/Calculate
0x00007ff8203b4000 	/usr/lib/libChineseTokenizer.dylib
0x00007ffb122b7000 	/System/Library/PrivateFrameworks/ScreenReaderCore.framework/Versions/A/ScreenReaderCore
0x00007ffd1fd86000 	/System/Library/PrivateFrameworks/StocksKit.framework/Versions/A/StocksKit
0x00007ff912a6f000 	/System/Library/PrivateFrameworks/OAuth.framework/Versions/A/OAuth
0x00007ffd1fadc000 	/System/Library/PrivateFrameworks/StocksCore.framework/Versions/A/StocksCore
0x00007ffd20e06000 	/System/Library/PrivateFrameworks/TeaFoundation.framework/Versions/A/TeaFoundation
0x00007ffd20f89000 	/System/Library/PrivateFrameworks/TeaSettings.framework/Versions/A/TeaSettings
0x00007ffa28e37000 	/System/Library/PrivateFrameworks/NewsCore.framework/Versions/A/NewsCore
0x00007ffd20db1000 	/System/Library/PrivateFrameworks/TeaDB.framework/Versions/A/TeaDB
0x00007ffa25e5d000 	/System/Library/PrivateFrameworks/RemoteConfiguration.framework/Versions/A/RemoteConfiguration
0x00007ffa289c6000 	/System/Library/PrivateFrameworks/NewsTransport.framework/Versions/A/NewsTransport
0x00007ffa28e28000 	/System/Library/PrivateFrameworks/NewsFoundation.framework/Versions/A/NewsFoundation
0x00007ffd0e425000 	/System/Library/PrivateFrameworks/NewsURLBucket.framework/Versions/A/NewsURLBucket
0x00007ff91f02d000 	/System/Library/PrivateFrameworks/MobileInstallation.framework/Versions/A/MobileInstallation
0x00007ffb2176c000 	/System/Library/Frameworks/Translation.framework/Versions/A/Translation
0x00007ffa18c82000 	/System/Library/PrivateFrameworks/RevealCore.framework/Versions/A/RevealCore
0x00007ffa18c77000 	/System/Library/PrivateFrameworks/Reveal.framework/Versions/A/Reveal
0x00007ffa10ac2000 	/System/Library/Frameworks/Speech.framework/Versions/A/Speech
0x00007ffb228b8000 	/System/Library/PrivateFrameworks/AIMLExperimentationAnalytics.framework/Versions/A/AIMLExperimentationAnalytics
0x00007ffb24ac0000 	/System/Library/PrivateFrameworks/AlgorithmsInternal.framework/Versions/A/AlgorithmsInternal
0x00007ffd244b2000 	/System/Library/PrivateFrameworks/TranslationUIServices.framework/Versions/A/TranslationUIServices
0x00007ffd234a1000 	/System/Library/PrivateFrameworks/TipKitCore.framework/Versions/A/TipKitCore
0x00007ff924118000 	/System/Library/PrivateFrameworks/CoreCDPInternal.framework/Versions/A/CoreCDPInternal
0x00007ffc2080f000 	/System/Library/PrivateFrameworks/InputAnalytics.framework/Versions/A/InputAnalytics
0x00007ff92a264000 	/System/Library/Frameworks/InstantMessage.framework/Versions/A/InstantMessage
0x00007ff9220c5000 	/System/Library/PrivateFrameworks/IDSKVStore.framework/Versions/A/IDSKVStore
0x00007ff921d97000 	/System/Library/PrivateFrameworks/IMDPersistence.framework/Versions/A/IMDPersistence
0x00007ffd2622c000 	/System/Library/PrivateFrameworks/UserSafety.framework/Versions/A/UserSafety
0x00007ffa23eb6000 	/System/Library/PrivateFrameworks/BlastDoor.framework/Versions/A/BlastDoor
0x00007ffc2478c000 	/System/Library/PrivateFrameworks/LinkPresentationStyleSheetParsing.framework/Versions/A/LinkPresentationStyleSheetParsing
0x00007ffd12f9a000 	/System/Library/PrivateFrameworks/PosterFoundation.framework/Versions/A/PosterFoundation
0x00007ffd13026000 	/System/Library/PrivateFrameworks/PosterModel.framework/Versions/A/PosterModel
0x00007ffd13004000 	/System/Library/PrivateFrameworks/PosterFuturesKit.framework/Versions/A/PosterFuturesKit
0x00007ffc138ec000 	/System/Library/PrivateFrameworks/FeedbackService.framework/Versions/A/FeedbackService
0x00007ff91abe0000 	/System/Library/PrivateFrameworks/CoreSDB.framework/Versions/A/CoreSDB
0x00007ffb2797e000 	/System/Library/PrivateFrameworks/AskToCore.framework/Versions/A/AskToCore
0x00007ffa1db82000 	/System/Library/PrivateFrameworks/MachineSettings.framework/Versions/A/MachineSettings
0x00007ffa0f37f000 	/System/Library/PrivateFrameworks/BezelServices.framework/Versions/A/BezelServices
0x00007ff92627e000 	/System/Library/PrivateFrameworks/SPOwner.framework/Versions/A/SPOwner
0x00007ff91ecbd000 	/System/Library/PrivateFrameworks/FMCore.framework/Versions/A/FMCore
0x00007ffe0cb78000 	/System/Library/PrivateFrameworks/iCloudQuota.framework/Versions/A/iCloudQuota
0x00007ff9133ef000 	/System/Library/PrivateFrameworks/CoreRecognition.framework/Versions/A/CoreRecognition
0x00007ffa0f43a000 	/System/Library/PrivateFrameworks/InAppMessages.framework/Versions/A/InAppMessages
0x00007ffb10f5c000 	/System/Library/PrivateFrameworks/JetUI.framework/Versions/A/JetUI
0x00007ffc23bb4000 	/System/Library/PrivateFrameworks/JetPack.framework/Versions/A/JetPack
0x00007ffa0f432000 	/System/Library/PrivateFrameworks/InAppMessagesCore.framework/Versions/A/InAppMessagesCore
0x00007ffe0c043000 	/System/Library/PrivateFrameworks/_JetEngine_SwiftUI.framework/Versions/A/_JetEngine_SwiftUI
0x00007ffd208fe000 	/System/Library/PrivateFrameworks/Synapse.framework/Versions/A/Synapse
0x00007ffb29a97000 	/System/Library/PrivateFrameworks/CSExattrCrypto.framework/Versions/A/CSExattrCrypto
0x00007ff920330000 	/System/Library/PrivateFrameworks/StoreFoundation.framework/Versions/A/StoreFoundation
0x00007ff91ecb7000 	/System/Library/PrivateFrameworks/ServerInformation.framework/Versions/A/ServerInformation
0x00007ff91e6cc000 	/System/Library/PrivateFrameworks/Install.framework/Frameworks/DistributionKit.framework/Versions/A/DistributionKit
0x00007ff917b2d000 	/System/Library/PrivateFrameworks/PackageKit.framework/Versions/A/PackageKit
0x00007ff91e6ed000 	/System/Library/PrivateFrameworks/OSPersonalization.framework/Versions/A/OSPersonalization
0x00007ff920878000 	/System/Library/PrivateFrameworks/BridgeOSSoftwareUpdate.framework/Versions/A/BridgeOSSoftwareUpdate
0x00007ff91b05e000 	/System/Library/PrivateFrameworks/StorageManagement.framework/Versions/A/StorageManagement
0x00007ffa1094c000 	/usr/lib/libauthinstall.dylib
0x00007ff920880000 	/System/Library/PrivateFrameworks/InstallerDiagnostics.framework/Versions/A/InstallerDiagnostics
0x00007ffa10fd6000 	/usr/lib/libcrypto.42.dylib
0x00007ffe138a7000 	/usr/lib/updaters/libAppleTconUARPUpdater.dylib
0x00007ff920868000 	/System/Library/PrivateFrameworks/GPUInfo.framework/Versions/A/GPUInfo
0x00007ffa0f52b000 	/System/Library/PrivateFrameworks/MobileActivationMacOS.framework/Versions/A/MobileActivationMacOS
0x00007ff9129ad000 	/System/Library/PrivateFrameworks/AccountsDaemon.framework/Versions/A/AccountsDaemon
0x00007ff9208c8000 	/System/Library/PrivateFrameworks/AOSKit.framework/Versions/A/AOSKit
0x00007ff82069d000 	/System/Library/PrivateFrameworks/AppSSOCore.framework/Versions/A/AppSSOCore
0x00007ffb28210000 	/System/Library/PrivateFrameworks/BackgroundSystemTasks.framework/Versions/A/BackgroundSystemTasks
0x00007ff82d1e0000 	/System/Library/PrivateFrameworks/DuetActivityScheduler.framework/Versions/A/DuetActivityScheduler
0x00007ffa0db60000 	/System/Library/PrivateFrameworks/NetworkServiceProxy.framework/Versions/A/NetworkServiceProxy
0x00007ff82814f000 	/usr/lib/libnetworkextension.dylib
0x00007ffd20619000 	/System/Library/PrivateFrameworks/Symptoms.framework/Versions/A/Frameworks/SymptomAnalytics.framework/Versions/A/SymptomAnalytics
0x00007ff824b50000 	/System/Library/Frameworks/NetworkExtension.framework/Versions/A/NetworkExtension
0x00007ff82b9b3000 	/System/Library/PrivateFrameworks/CoreDuetContext.framework/Versions/A/CoreDuetContext
0x00007ff814107000 	/System/Library/PrivateFrameworks/CoreDuet.framework/Versions/A/CoreDuet
0x00007ff90dd70000 	/System/Library/PrivateFrameworks/AssistantServices.framework/Versions/A/AssistantServices
0x00007ff82a9d1000 	/System/Library/PrivateFrameworks/SAObjects.framework/Versions/A/SAObjects
0x00007ff90d93c000 	/System/Library/PrivateFrameworks/MediaRemote.framework/Versions/A/MediaRemote
0x00007ffd1d61c000 	/System/Library/PrivateFrameworks/SiriTTSService.framework/Versions/A/SiriTTSService
0x00007ffd1854b000 	/System/Library/PrivateFrameworks/SiriCrossDeviceArbitration.framework/Versions/A/SiriCrossDeviceArbitration
0x00007ffc134c5000 	/System/Library/PrivateFrameworks/FaceTimeNameUtility.framework/Versions/A/FaceTimeNameUtility
0x00007ffd1859a000 	/System/Library/PrivateFrameworks/SiriCrossDeviceArbitrationFeedback.framework/Versions/A/SiriCrossDeviceArbitrationFeedback
0x00007ffa0fe2e000 	/System/Library/PrivateFrameworks/UIKitServices.framework/Versions/A/UIKitServices
0x00007ff91320c000 	/System/Library/PrivateFrameworks/MediaServices.framework/Versions/A/MediaServices
0x00007ff820b2f000 	/System/Library/PrivateFrameworks/PersistentConnection.framework/Versions/A/PersistentConnection
0x00007ffd1eccf000 	/System/Library/PrivateFrameworks/SonicFoundation.framework/Versions/A/SonicFoundation
0x00007ff922da0000 	/usr/lib/libtailspin.dylib
0x00007ffa174b4000 	/System/Library/PrivateFrameworks/Osprey.framework/Versions/A/Osprey
0x00007ffd1cc3a000 	/System/Library/PrivateFrameworks/SiriTTS.framework/Versions/A/SiriTTS
0x00007ffd1ba0c000 	/System/Library/PrivateFrameworks/SiriPowerInstrumentation.framework/Versions/A/SiriPowerInstrumentation
0x00007ffd20daf000 	/System/Library/PrivateFrameworks/TailspinSymbolication.framework/Versions/A/TailspinSymbolication
0x00007ffc11b3d000 	/System/Library/PrivateFrameworks/Darwinup.framework/Versions/A/Darwinup
0x00007ffa0fc14000 	/System/Library/PrivateFrameworks/SignpostSupport.framework/Versions/A/SignpostSupport
0x00007ff91ab6b000 	/System/Library/PrivateFrameworks/FeatureFlagsSupport.framework/Versions/A/FeatureFlagsSupport
0x00007ffa0f295000 	/System/Library/PrivateFrameworks/ktrace.framework/Versions/A/ktrace
0x00007ffa0fe64000 	/System/Library/PrivateFrameworks/SampleAnalysis.framework/Versions/A/SampleAnalysis
0x00007ffa18c3d000 	/System/Library/PrivateFrameworks/kperfdata.framework/Versions/A/kperfdata
0x00007ff825cba000 	/usr/lib/libdscsym.dylib
0x00007ffa191d2000 	/System/Library/PrivateFrameworks/BulkSymbolication.framework/Versions/A/BulkSymbolication
0x00007ff90ba19000 	/System/Library/PrivateFrameworks/CoreDuetDaemonProtocol.framework/Versions/A/CoreDuetDaemonProtocol
0x00007ff9201a0000 	/System/Library/PrivateFrameworks/CaptiveNetwork.framework/Versions/A/CaptiveNetwork
0x00007ff82c806000 	/System/Library/PrivateFrameworks/EAP8021X.framework/Versions/A/EAP8021X
0x00007ffc1191f000 	/System/Library/PrivateFrameworks/CryptoKitPrivate.framework/Versions/A/CryptoKitPrivate
0x00007ff91a16c000 	/System/Library/PrivateFrameworks/FindMyDevice.framework/Versions/A/FindMyDevice
0x00007ff90e4fa000 	/System/Library/PrivateFrameworks/FMCoreLite.framework/Versions/A/FMCoreLite
0x00007ff81de62000 	/System/Library/Frameworks/ServiceManagement.framework/Versions/A/ServiceManagement
0x0000000143f76000 	/System/Library/Extensions/AGXMetalG13X.bundle/Contents/MacOS/AGXMetalG13X
0x00007ff9130a9000 	/System/Library/PrivateFrameworks/IOGPU.framework/Versions/A/IOGPU
0x0000000142de9000 	/Library/Java/JavaVirtualMachines/jdk-16.0.1.jdk/Contents/Home/lib/libosxui.dylib
0x00007ffb16ced000 	/System/Library/Frameworks/OpenGL.framework/Versions/A/Resources/GLEngine.bundle/GLEngine
0x00007ffb16b61000 	/System/Library/Frameworks/OpenGL.framework/Versions/A/Libraries/libGLProgrammability.dylib
0x0000000142fcc000 	/System/Library/Extensions/AppleMetalOpenGLRenderer.bundle/Contents/MacOS/AppleMetalOpenGLRenderer
0x00007ffb16e57000 	/System/Library/Frameworks/OpenGL.framework/Versions/A/Resources/GLRendererFloat.bundle/GLRendererFloat
0x00007ffd214e9000 	/System/Library/PrivateFrameworks/TextInputUI.framework/Versions/A/TextInputUI
0x00007ffd2151b000 	/System/Library/PrivateFrameworks/TextInputUIMacHelper.framework/Versions/A/TextInputUIMacHelper
0x0000000183772000 	/Library/Java/JavaVirtualMachines/jdk-16.0.1.jdk/Contents/Home/lib/libmanagement.dylib
0x00007ff92500d000 	/System/Library/PrivateFrameworks/SafariPlatformSupport.framework/Versions/A/SafariPlatformSupport
0x00000001837b4000 	/Library/Java/JavaVirtualMachines/jdk-16.0.1.jdk/Contents/Home/lib/libmanagement_ext.dylib
0x0000000136a13000 	/Library/Java/JavaVirtualMachines/jdk-16.0.1.jdk/Contents/Home/lib/libextnet.dylib
0x0000000185f4c000 	/Users/matheussilva/Library/Caches/JNA/temp/jna1170806355496803681.tmp
0x0000000186076000 	/Users/matheussilva/Library/Caches/JNA/temp/jna11223608187913334613.tmp
0x0000000186cd6000 	/Library/Java/JavaVirtualMachines/jdk-16.0.1.jdk/Contents/Home/lib/libjsound.dylib
0x0000000187049000 	/System/Library/Components/CoreAudio.component/Contents/MacOS/CoreAudio
0x0000000186ddd000 	/System/Library/Frameworks/Security.framework/Versions/A/PlugIns/csparser.bundle/Contents/MacOS/csparser
0x0000000187ded000 	/Library/Java/JavaVirtualMachines/jdk-16.0.1.jdk/Contents/Home/lib/libjavajpeg.dylib
0x0000000189626000 	/Library/Java/JavaVirtualMachines/jdk-16.0.1.jdk/Contents/Home/lib/libprefs.dylib
0x0000000188248000 	/Library/Java/JavaVirtualMachines/jdk-16.0.1.jdk/Contents/Home/lib/libjawt.dylib
0x0000000140e91000 	/private/var/folders/sb/lc_nz9bj0pdd7ztvtfbbsrw40000gn/T/18220105666152747187librlawt.dylib
0x0000000140f5c000 	/private/var/folders/sb/lc_nz9bj0pdd7ztvtfbbsrw40000gn/T/lwjgl-rl/3.3.2-snapshot/x64/liblwjgl.dylib
0x0000000140ff6000 	/private/var/folders/sb/lc_nz9bj0pdd7ztvtfbbsrw40000gn/T/lwjgl-rl/3.3.2-snapshot/x64/liblwjgl_opengl.dylib
0x00000001931a2000 	/Library/Java/JavaVirtualMachines/jdk-16.0.1.jdk/Contents/Home/lib/liblcms.dylib


VM Arguments:
jvm_args: --add-exports=java.desktop/com.apple.eawt=ALL-UNNAMED -Djagex.launcher=true -Djagexlauncher.session=5SoyGkqzJ9xMeKYlepTn9H -Djagexlauncher.characterid=282246140 -Djagexlauncher.displayname=Matheus-Gois 
java_command: /Users/matheussilva/repos/MicrobotWorkspace/Microbot/runelite-client/build/libs/microbot-2.1.34.jar
java_class_path (initial): /Users/matheussilva/repos/MicrobotWorkspace/Microbot/runelite-client/build/libs/microbot-2.1.34.jar
Launcher Type: SUN_STANDARD

[Global flags]
     intx CICompilerCount                          = 4                                         {product} {ergonomic}
     uint ConcGCThreads                            = 2                                         {product} {ergonomic}
     uint G1ConcRefinementThreads                  = 8                                         {product} {ergonomic}
   size_t G1HeapRegionSize                         = 2097152                                   {product} {ergonomic}
    uintx GCDrainStackTargetSize                   = 64                                        {product} {ergonomic}
   size_t InitialHeapSize                          = 268435456                                 {product} {ergonomic}
   size_t MarkStackSize                            = 4194304                                   {product} {ergonomic}
   size_t MaxHeapSize                              = 4294967296                                {product} {ergonomic}
   size_t MaxNewSize                               = 2575302656                                {product} {ergonomic}
   size_t MinHeapDeltaBytes                        = 2097152                                   {product} {ergonomic}
   size_t MinHeapSize                              = 8388608                                   {product} {ergonomic}
    uintx NonNMethodCodeHeapSize                   = 5839372                                {pd product} {ergonomic}
    uintx NonProfiledCodeHeapSize                  = 122909434                              {pd product} {ergonomic}
    uintx ProfiledCodeHeapSize                     = 122909434                              {pd product} {ergonomic}
    uintx ReservedCodeCacheSize                    = 251658240                              {pd product} {ergonomic}
     bool SegmentedCodeCache                       = true                                      {product} {ergonomic}
   size_t SoftMaxHeapSize                          = 4294967296                             {manageable} {ergonomic}
     bool UseCompressedClassPointers               = true                           {product lp64_product} {ergonomic}
     bool UseCompressedOops                        = true                           {product lp64_product} {ergonomic}
     bool UseG1GC                                  = true                                      {product} {ergonomic}
     bool UseNUMA                                  = false                                     {product} {ergonomic}
     bool UseNUMAInterleaving                      = false                                     {product} {ergonomic}

Logging:
Log output configuration:
 #0: stdout all=warning uptime,level,tags
 #1: stderr all=off uptime,level,tags

Environment Variables:
PATH=/Users/matheussilva/anaconda3/bin:/usr/local/bin:/System/Cryptexes/App/usr/bin:/usr/bin:/bin:/usr/sbin:/sbin:/var/run/com.apple.security.cryptexd/codex.system/bootstrap/usr/local/bin:/var/run/com.apple.security.cryptexd/codex.system/bootstrap/usr/bin:/var/run/com.apple.security.cryptexd/codex.system/bootstrap/usr/appleinternal/bin:/opt/pkg/env/active/bin:/opt/pmk/env/global/bin:/opt/X11/bin:/Library/Apple/usr/bin:/Applications/Wireshark.app/Contents/MacOS:/Users/matheussilva/anaconda3/bin:/Users/matheussilva/.lmstudio/bin:/Users/matheussilva/.lmstudio/bin:/Users/matheussilva/.lmstudio/bin
SHELL=/bin/zsh
DISPLAY=/var/run/com.apple.launchd.YhikUlEcTv/org.macosforge.xquartz:0
LANG=C.UTF-8
LC_CTYPE=UTF-8

Signal Handlers:
SIGSEGV: [libjvm.dylib+0xa7bdc0], sa_mask[0]=11100110100111111111111111111111, sa_flags=SA_ONSTACK|SA_RESTART|SA_SIGINFO
SIGBUS: [libjvm.dylib+0xa7bdc0], sa_mask[0]=11100110100111111111111111111111, sa_flags=SA_RESTART|SA_SIGINFO
SIGFPE: [libjvm.dylib+0xa7bdc0], sa_mask[0]=11100110100111111111111111111111, sa_flags=SA_RESTART|SA_SIGINFO
SIGPIPE: [libjvm.dylib+0x945ca0], sa_mask[0]=11100110100111111111111111111111, sa_flags=SA_RESTART|SA_SIGINFO
SIGXFSZ: [libjvm.dylib+0x945ca0], sa_mask[0]=11100110100111111111111111111111, sa_flags=SA_RESTART|SA_SIGINFO
SIGILL: [libjvm.dylib+0xa7bdc0], sa_mask[0]=11100110100111111111111111111111, sa_flags=SA_RESTART|SA_SIGINFO
SIGUSR2: [libjvm.dylib+0x946750], sa_mask[0]=00000000000000000000000000000000, sa_flags=SA_RESTART|SA_SIGINFO
SIGHUP: [libjvm.dylib+0x944d10], sa_mask[0]=11100110100111111111111111111111, sa_flags=SA_RESTART|SA_SIGINFO
SIGINT: SIG_IGN, sa_mask[0]=11111111011111110111111111111111, sa_flags=none
SIGTERM: [libjvm.dylib+0x944d10], sa_mask[0]=11100110100111111111111111111111, sa_flags=SA_RESTART|SA_SIGINFO
SIGQUIT: [libjvm.dylib+0x944d10], sa_mask[0]=11100110100111111111111111111111, sa_flags=SA_RESTART|SA_SIGINFO
SIGTRAP: [libjvm.dylib+0xa7bdc0], sa_mask[0]=11100110100111111111111111111111, sa_flags=SA_RESTART|SA_SIGINFO


---------------  S Y S T E M  ---------------

OS:uname: Darwin 25.4.0 Darwin Kernel Version 25.4.0: Sun Feb 15 21:26:30 PST 2026; root:xnu-12377.100.625.0.3~12/RELEASE_ARM64_T6000 x86_64
OS uptime: 18 days 17:15 hours
rlimit (soft/hard): STACK 8176k/65520k , CORE 0k/infinity , NPROC 2666/4000 , NOFILE 12544/infinity , AS infinity/infinity , CPU infinity/infinity , DATA infinity/infinity , FSIZE infinity/infinity , MEMLOCK infinity/infinity , RSS infinity/infinity
load average: 4.09 3.85 3.41

CPU: total 8 (initial active 8) (1 cores per cpu, 1 threads per core) family 6 model 44 stepping 0 microcode 0x0, cx8, cmov, fxsr, mmx, sse, sse2, sse3, ssse3, sse4.1, sse4.2, popcnt, tsc, tscinvbit, aes, clmul, clflush

Memory: 4k page, physical 16777216k(9748k free), swap 2097152k(611200k free)

vm_info: Java HotSpot(TM) 64-Bit Server VM (16.0.1+9-24) for bsd-amd64 JRE (16.0.1+9-24), built on Mar 26 2021 18:20:04 by "mach5one" with clang 4.2.1 Compatible Apple LLVM 11.0.0 (clang-1100.0.33.17)

END.
